id_rssd,institution_name,state,city,reporting_period,facsimile_format,retrieved_at,file_path,sha256,file_size_bytes
1001152,INTERNATIONAL BANK OF COMMERCE,TX,,12/31/2025,XBRL,2026-06-02T21:42:10.446614+00:00,/Users/adityarajiv/Documents/ffiec-cdr/ONLY_TEXAS_SINCE_2025/archive/call/12-31-2025/1001152.xbrl,d854562da55631cdcae596d2f44197a86a371a114396aa77d3ad8b7fac00bb31,149031
100357,"LEGEND BANK, N. A.",TX,,12/31/2025,XBRL,2026-06-02T21:42:10.446614+00:00,/Users/adityarajiv/Documents/ffiec-cdr/ONLY_TEXAS_SINCE_2025/archive/call/12-31-2025/100357.xbrl,dc7aebe498eb7624ff954e8223c526ad31f78a09f525df9e8d565f47f9455478,111266
1012251,FIRST STATE BANK AND TRUST COMPANY,TX,,12/31/2025,XBRL,2026-06-02T21:42:10.446614+00:00,/Users/adityarajiv/Documents/ffiec-cdr/ONLY_TEXAS_SINCE_2025/archive/call/12-31-2025/1012251.xbrl,b437fea46258bf2d61f1820c12e8fe97ff9e1791935a7ceb15b95cabb5088ea7,83429
1017564,COMMERCIAL STATE BANK,TX,,12/31/2025,XBRL,2026-06-02T21:42:10.446614+00:00,/Users/adityarajiv/Documents/ffiec-cdr/ONLY_TEXAS_SINCE_2025/archive/call/12-31-2025/1017564.xbrl,146a1e462554dc45a0282d4cf641e5d580d5c78731a5959160cc0a27adcc0d0c,109621
101952,"BRADY NATIONAL BANK, THE",TX,,12/31/2025,XBRL,2026-06-02T21:42:10.446614+00:00,/Users/adityarajiv/Documents/ffiec-cdr/ONLY_TEXAS_SINCE_2025/archive/call/12-31-2025/101952.xbrl,f66e81b18f48dc0f9c2f98dbe4632c740d3ebdc830b6ef6a9b688b4979e656c4,116495
108269,"FIRST NATIONAL BANK OF MOODY, THE",TX,,12/31/2025,XBRL,2026-06-02T21:42:10.446614+00:00,/Users/adityarajiv/Documents/ffiec-cdr/ONLY_TEXAS_SINCE_2025/archive/call/12-31-2025/108269.xbrl,ba2d49ff357125ac33f2d217706973cb8fedc12509b079d6f0551881d4f1bf42,73103
1157415,STATE BANK OF TEXAS,TX,,12/31/2025,XBRL,2026-06-02T21:42:10.446614+00:00,/Users/adityarajiv/Documents/ffiec-cdr/ONLY_TEXAS_SINCE_2025/archive/call/12-31-2025/1157415.xbrl,0b369f7ab7580ce75dcbdd80ee19318be9547731a85c074bc36323bac8251382,76342
1176881,XD BANK,TX,,12/31/2025,XBRL,2026-06-02T21:42:10.446614+00:00,/Users/adityarajiv/Documents/ffiec-cdr/ONLY_TEXAS_SINCE_2025/archive/call/12-31-2025/1176881.xbrl,98ec3d7a6b0d54d6bf9476c91e966fd747a23f17fa69d9b90587e7b58ec10a26,126454
1293078,PEOPLES BANK,TX,,12/31/2025,XBRL,2026-06-02T21:42:10.446614+00:00,/Users/adityarajiv/Documents/ffiec-cdr/ONLY_TEXAS_SINCE_2025/archive/call/12-31-2025/1293078.xbrl,7049d6b2ee864405553630904e0a69b88b6a065828472d45c8ac9e697e952451,73171
138257,"FIRST NATIONAL BANK OF ASPERMONT, THE",TX,,12/31/2025,XBRL,2026-06-02T21:42:10.446614+00:00,/Users/adityarajiv/Documents/ffiec-cdr/ONLY_TEXAS_SINCE_2025/archive/call/12-31-2025/138257.xbrl,aa6fcf8e4db21b0be3702fba467d6c91129fd21274de8ac60cb22bdb027720d1,73492
1429028,"KEYSTONE BANK, SSB",TX,,12/31/2025,XBRL,2026-06-02T21:42:10.446614+00:00,/Users/adityarajiv/Documents/ffiec-cdr/ONLY_TEXAS_SINCE_2025/archive/call/12-31-2025/1429028.xbrl,1eb4ea775900b368f5fd4f5966487ff828beb7d69f85ed6b67d8863b3d013282,109993
1435092,TEXAS NATIONAL BANK,TX,,12/31/2025,XBRL,2026-06-02T21:42:10.446614+00:00,/Users/adityarajiv/Documents/ffiec-cdr/ONLY_TEXAS_SINCE_2025/archive/call/12-31-2025/1435092.xbrl,fde414a0f72bb3668581e32a272b5757df9c22396e7d24fd2a38395d6bc895a9,109577
1447639,WESTSTAR BANK,TX,,12/31/2025,XBRL,2026-06-02T21:42:10.446614+00:00,/Users/adityarajiv/Documents/ffiec-cdr/ONLY_TEXAS_SINCE_2025/archive/call/12-31-2025/1447639.xbrl,3a614561b12197b42d119e795df056b98429e9b9324d8027378cf783502d5ca6,126997
14977,"FIRST FEDERAL BANK LITTLEFIELD, TEXAS, SSB",TX,,12/31/2025,XBRL,2026-06-02T21:42:10.446614+00:00,/Users/adityarajiv/Documents/ffiec-cdr/ONLY_TEXAS_SINCE_2025/archive/call/12-31-2025/14977.xbrl,16174ab3a97343402bd44d65213c05e72b173891a5658897ee50cc5b22988210,83688
160454,"FIRST NATIONAL BANK OF BALLINGER, THE",TX,,12/31/2025,XBRL,2026-06-02T21:42:10.446614+00:00,/Users/adityarajiv/Documents/ffiec-cdr/ONLY_TEXAS_SINCE_2025/archive/call/12-31-2025/160454.xbrl,12a41dbcd115a964bd90a907b1e43d85076bdcc7c0684b8fc2cda593fe2f8f19,107806
1669,"LIBERTY NATIONAL BANK IN PARIS, THE",TX,,12/31/2025,XBRL,2026-06-02T21:42:10.446614+00:00,/Users/adityarajiv/Documents/ffiec-cdr/ONLY_TEXAS_SINCE_2025/archive/call/12-31-2025/1669.xbrl,a453e0ef52472eaaa2fffbeb2464e3272cb306bae4d1c6978e992d6fe4f6ac6c,72434
169354,"STATE NATIONAL BANK OF BIG SPRING, THE",TX,,12/31/2025,XBRL,2026-06-02T21:42:10.446614+00:00,/Users/adityarajiv/Documents/ffiec-cdr/ONLY_TEXAS_SINCE_2025/archive/call/12-31-2025/169354.xbrl,1743b4018a2db4a3888e1f7a00608670c64a1634e242bb3a61187edcb01d1527,73637
170257,HASKELL NATIONAL BANK,TX,,12/31/2025,XBRL,2026-06-02T21:42:10.446614+00:00,/Users/adityarajiv/Documents/ffiec-cdr/ONLY_TEXAS_SINCE_2025/archive/call/12-31-2025/170257.xbrl,9a7fd67d16ad22cbf360ba115907ee064a53f4c9d1e552fc60d7aed29c331acb,108088
171768,"SOUTHSTAR BANK, S.S.B.",TX,,12/31/2025,XBRL,2026-06-02T21:42:10.446614+00:00,/Users/adityarajiv/Documents/ffiec-cdr/ONLY_TEXAS_SINCE_2025/archive/call/12-31-2025/171768.xbrl,f478f790e5bb83b1a2bd5d6821abd5c51bd872968cdc00f949b12c953360a3ac,112903
173959,"FIRST NATIONAL BANK OF HEBBRONVILLE, THE",TX,,12/31/2025,XBRL,2026-06-02T21:42:10.446614+00:00,/Users/adityarajiv/Documents/ffiec-cdr/ONLY_TEXAS_SINCE_2025/archive/call/12-31-2025/173959.xbrl,8bb90216b301e894a6d229ec2c26c41b48b744cae6729b0556e5d36c54bac6b3,106269
174367,COMMERCE BANK TEXAS,TX,,12/31/2025,XBRL,2026-06-02T21:42:10.446614+00:00,/Users/adityarajiv/Documents/ffiec-cdr/ONLY_TEXAS_SINCE_2025/archive/call/12-31-2025/174367.xbrl,103ac9aadc9c4800ab46b992a585bc9b8d93db7638587c258a43dedd1bbc943a,72237
176464,ALLIANCE BANK,TX,,12/31/2025,XBRL,2026-06-02T21:42:10.446614+00:00,/Users/adityarajiv/Documents/ffiec-cdr/ONLY_TEXAS_SINCE_2025/archive/call/12-31-2025/176464.xbrl,d4181b1896da3e8538551ac900863a22b7852d5fa188b4ad4bc33563a7876a3b,111631
18050,"FIRST NATIONAL BANK OF BASTROP, THE",TX,,12/31/2025,XBRL,2026-06-02T21:42:10.446614+00:00,/Users/adityarajiv/Documents/ffiec-cdr/ONLY_TEXAS_SINCE_2025/archive/call/12-31-2025/18050.xbrl,0dca4b363d710b83e692b065ff2f6b38945975afdf58efbc071cc1c0aff9710a,108373
181963,"CITY NATIONAL BANK OF TAYLOR, THE",TX,,12/31/2025,XBRL,2026-06-02T21:42:10.446614+00:00,/Users/adityarajiv/Documents/ffiec-cdr/ONLY_TEXAS_SINCE_2025/archive/call/12-31-2025/181963.xbrl,9331a7196b26250303f6b3b6b58bafac0554527a23ca5944f345184eae042213,107814
182951,"CLASSIC BANK, NATIONAL ASSOCIATION",TX,,12/31/2025,XBRL,2026-06-02T21:42:10.446614+00:00,/Users/adityarajiv/Documents/ffiec-cdr/ONLY_TEXAS_SINCE_2025/archive/call/12-31-2025/182951.xbrl,ac937e56fba2367d8a5bb043fc372756c27fc184637add89ef908af3665a9bf8,109329
184656,"CITIZENS NATIONAL BANK OF HILLSBORO, THE",TX,,12/31/2025,XBRL,2026-06-02T21:42:10.446614+00:00,/Users/adityarajiv/Documents/ffiec-cdr/ONLY_TEXAS_SINCE_2025/archive/call/12-31-2025/184656.xbrl,90821812c4e6fc64b3d93c3f2445f4660a72062ae6fa04ace79c7d3b69549453,118543
1893049,"CHARLES SCHWAB PREMIER BANK, SSB",TX,,12/31/2025,XBRL,2026-06-02T21:42:10.446614+00:00,/Users/adityarajiv/Documents/ffiec-cdr/ONLY_TEXAS_SINCE_2025/archive/call/12-31-2025/1893049.xbrl,5c5aee678f39f5b297f1775ef0fa7119e8ec086a13682dc5ec20a5e1dcf765df,167479
190563,FIRST STATE BANK OF TEXAS,TX,,12/31/2025,XBRL,2026-06-02T21:42:10.446614+00:00,/Users/adityarajiv/Documents/ffiec-cdr/ONLY_TEXAS_SINCE_2025/archive/call/12-31-2025/190563.xbrl,d5484c5d52525ba663b32ab7f17e09da4d0157d13fa72450c731581218fd17c6,73102
193162,"FIRST NATIONAL BANK OF TOM BEAN, THE",TX,,12/31/2025,XBRL,2026-06-02T21:42:10.446614+00:00,/Users/adityarajiv/Documents/ffiec-cdr/ONLY_TEXAS_SINCE_2025/archive/call/12-31-2025/193162.xbrl,1cdf4d79c9984325f9eb8ccfd9845bc6c5f2562f2c0216f25da45f31834971db,108377
198961,FIRST NATIONAL BANK OF BOSQUE COUNTY,TX,,12/31/2025,XBRL,2026-06-02T21:42:10.446614+00:00,/Users/adityarajiv/Documents/ffiec-cdr/ONLY_TEXAS_SINCE_2025/archive/call/12-31-2025/198961.xbrl,489093645393ea22fbb92229959fac3cb47c38c09a64e383bc828642fca84f7e,107374
199463,WESTERN BANK,TX,,12/31/2025,XBRL,2026-06-02T21:42:10.446614+00:00,/Users/adityarajiv/Documents/ffiec-cdr/ONLY_TEXAS_SINCE_2025/archive/call/12-31-2025/199463.xbrl,19e8bbfae9a64aeb3631273168f54f18d59d776da8b6a4df8381c03623678c9e,73724
215662,AMERICAN BANK OF COMMERCE,TX,,12/31/2025,XBRL,2026-06-02T21:42:10.446614+00:00,/Users/adityarajiv/Documents/ffiec-cdr/ONLY_TEXAS_SINCE_2025/archive/call/12-31-2025/215662.xbrl,ea82e9a2d7dfd88fc086e9e2947a1cb508ef34a69a21ec140c9f15309d499cdc,135195
2161,LAMAR NATIONAL BANK,TX,,12/31/2025,XBRL,2026-06-02T21:42:10.446614+00:00,/Users/adityarajiv/Documents/ffiec-cdr/ONLY_TEXAS_SINCE_2025/archive/call/12-31-2025/2161.xbrl,fa95a12948ccc37fe269c76d62cf894e5bb55d15c15fa34f58c65d6b97d39735,72968
216164,FIRST STATE BANK,TX,,12/31/2025,XBRL,2026-06-02T21:42:10.446614+00:00,/Users/adityarajiv/Documents/ffiec-cdr/ONLY_TEXAS_SINCE_2025/archive/call/12-31-2025/216164.xbrl,9d543fef7ab567ab5612d84d014e43136c18172ead7af1d9035fffcf5dac75d3,108464
218261,ZAPATA NATIONAL BANK,TX,,12/31/2025,XBRL,2026-06-02T21:42:10.446614+00:00,/Users/adityarajiv/Documents/ffiec-cdr/ONLY_TEXAS_SINCE_2025/archive/call/12-31-2025/218261.xbrl,e06bcbb2bd746555883bf02d8e5b5bdacfcd375b46d144d10f39b39371e37da0,72218
227357,"BRENHAM NATIONAL BANK, THE",TX,,12/31/2025,XBRL,2026-06-02T21:42:10.446614+00:00,/Users/adityarajiv/Documents/ffiec-cdr/ONLY_TEXAS_SINCE_2025/archive/call/12-31-2025/227357.xbrl,2e75f29d16bcc1f7c61b9f83e36763a9bdf7db5bd4fea59a8125241adc743449,108903
229454,FIRST STATE BANK OF BROWNSBORO,TX,,12/31/2025,XBRL,2026-06-02T21:42:10.446614+00:00,/Users/adityarajiv/Documents/ffiec-cdr/ONLY_TEXAS_SINCE_2025/archive/call/12-31-2025/229454.xbrl,8b95614200b34b5dc9eb5093db7d833464eede7b66034e25d79f070b6c255589,72648
230759,INTERNATIONAL BANK OF COMMERCE,TX,,12/31/2025,XBRL,2026-06-02T21:42:10.446614+00:00,/Users/adityarajiv/Documents/ffiec-cdr/ONLY_TEXAS_SINCE_2025/archive/call/12-31-2025/230759.xbrl,61829963aa9a66996dc74be6bf49293ba562569a90bd2df5ebd074efd86236b1,134804
232856,TEXASBANK,TX,,12/31/2025,XBRL,2026-06-02T21:42:10.446614+00:00,/Users/adityarajiv/Documents/ffiec-cdr/ONLY_TEXAS_SINCE_2025/archive/call/12-31-2025/232856.xbrl,68f8c858c39d2246a583cd669047b4fb32c7fd7965b85f43c31fef1724377ae1,112863
233358,CITIZENS NATIONAL BANK AT BROWNWOOD,TX,,12/31/2025,XBRL,2026-06-02T21:42:10.446614+00:00,/Users/adityarajiv/Documents/ffiec-cdr/ONLY_TEXAS_SINCE_2025/archive/call/12-31-2025/233358.xbrl,e323c77d7560586da7427e139f97fe7de00c18147a0651e39d1eb88cf8e5a485,74082
2362458,"WELLS FARGO BANK SOUTH CENTRAL, NATIONAL ASSOCIATION",TX,,12/31/2025,XBRL,2026-06-02T21:42:10.446614+00:00,/Users/adityarajiv/Documents/ffiec-cdr/ONLY_TEXAS_SINCE_2025/archive/call/12-31-2025/2362458.xbrl,6aeb478932075e2b97fbdc7a3c0559fd32fe661d4cfb6bcc221b2a7e37b5b205,153471
237066,WEST TEXAS NATIONAL BANK,TX,,12/31/2025,XBRL,2026-06-02T21:42:10.446614+00:00,/Users/adityarajiv/Documents/ffiec-cdr/ONLY_TEXAS_SINCE_2025/archive/call/12-31-2025/237066.xbrl,44cf6751739ef81b12a757feab489c59369e6e02b0c0901b761d71c2ae0488d7,134887
239659,FIRST BANK,TX,,12/31/2025,XBRL,2026-06-02T21:42:10.446614+00:00,/Users/adityarajiv/Documents/ffiec-cdr/ONLY_TEXAS_SINCE_2025/archive/call/12-31-2025/239659.xbrl,d6ea91fe697f8795487f3961852686060b167a1fd5e1f7ebdd771155336f1b31,110177
240954,FIRST NATIONAL BANK OF BURLESON,TX,,12/31/2025,XBRL,2026-06-02T21:42:10.446614+00:00,/Users/adityarajiv/Documents/ffiec-cdr/ONLY_TEXAS_SINCE_2025/archive/call/12-31-2025/240954.xbrl,35d9c80a27fc87ee3fc23965842e3bf69960e8fa040e7833492b4208f4970371,72228
247355,SECURITY STATE BANK & TRUST,TX,,12/31/2025,XBRL,2026-06-02T21:42:10.446614+00:00,/Users/adityarajiv/Documents/ffiec-cdr/ONLY_TEXAS_SINCE_2025/archive/call/12-31-2025/247355.xbrl,333e1610d91ec6f16ffb5361e71bd443c392282eb50cfb9964352826a859cfc1,89753
2490285,FIRST NATIONAL BANK,TX,,12/31/2025,XBRL,2026-06-02T21:42:10.446614+00:00,/Users/adityarajiv/Documents/ffiec-cdr/ONLY_TEXAS_SINCE_2025/archive/call/12-31-2025/2490285.xbrl,da631efe3d1893850516d1e50515bdd91e8070bf2f902cd167f53ac657eb6e03,109243
253356,MOODY NATIONAL BANK,TX,,12/31/2025,XBRL,2026-06-02T21:42:10.446614+00:00,/Users/adityarajiv/Documents/ffiec-cdr/ONLY_TEXAS_SINCE_2025/archive/call/12-31-2025/253356.xbrl,f618a88850ee7dad84ada759d42735c4970de5055abc7d7b50a6479091266bb2,110840
2568063,FIRST COMMAND BANK,TX,,12/31/2025,XBRL,2026-06-02T21:42:10.446614+00:00,/Users/adityarajiv/Documents/ffiec-cdr/ONLY_TEXAS_SINCE_2025/archive/call/12-31-2025/2568063.xbrl,c2ee69a16e11295beae937ae53402dc8b4df8b34d30b1b146f24f10b10f0ee50,124378
2597223,"LEGACY TRUST COMPANY, NATIONAL ASSOCIATION",TX,,12/31/2025,XBRL,2026-06-02T21:42:10.446614+00:00,/Users/adityarajiv/Documents/ffiec-cdr/ONLY_TEXAS_SINCE_2025/archive/call/12-31-2025/2597223.xbrl,116d1c8ca3dc29d160300fdd31ba58b2cf01c3f7fcf0302b3ccafccc3033ed45,115339
2597232,"HIGHTOWER TRUST COMPANY, NATIONAL ASSOCIATION, THE",TX,,12/31/2025,XBRL,2026-06-02T21:42:10.446614+00:00,/Users/adityarajiv/Documents/ffiec-cdr/ONLY_TEXAS_SINCE_2025/archive/call/12-31-2025/2597232.xbrl,8eea4ac29e97939eae7ecf9228de5b94fb9f73278c16837613b3448eedec4122,79786
261360,CITIZENS STATE BANK,TX,,12/31/2025,XBRL,2026-06-02T21:42:10.446614+00:00,/Users/adityarajiv/Documents/ffiec-cdr/ONLY_TEXAS_SINCE_2025/archive/call/12-31-2025/261360.xbrl,82da6219d8610b286cc1d9a9a9bbeeb4e7bdfadca59e256203773834a6bdc72d,76459
2618780,TEXAS CAPITAL BANK,TX,,12/31/2025,XBRL,2026-06-02T21:42:10.446614+00:00,/Users/adityarajiv/Documents/ffiec-cdr/ONLY_TEXAS_SINCE_2025/archive/call/12-31-2025/2618780.xbrl,799ca69219e505627c83211e812d2129d74f1f64a728494f3455993e6c58191c,162744
262358,AMERICAN STATE BANK,TX,,12/31/2025,XBRL,2026-06-02T21:42:10.446614+00:00,/Users/adityarajiv/Documents/ffiec-cdr/ONLY_TEXAS_SINCE_2025/archive/call/12-31-2025/262358.xbrl,619b90dc8026d610a72eaee067672817e76724476ae840d718a5e3f06c5faf94,109666
2625724,SOUTHWESTERN NATIONAL BANK,TX,,12/31/2025,XBRL,2026-06-02T21:42:10.446614+00:00,/Users/adityarajiv/Documents/ffiec-cdr/ONLY_TEXAS_SINCE_2025/archive/call/12-31-2025/2625724.xbrl,e84e3c651cbb52503395ac0e221061aa96c686fe2011fae8084191daad0021d1,112826
264455,FIRST STATE BANK,TX,,12/31/2025,XBRL,2026-06-02T21:42:10.446614+00:00,/Users/adityarajiv/Documents/ffiec-cdr/ONLY_TEXAS_SINCE_2025/archive/call/12-31-2025/264455.xbrl,de23f77f3dcd7d094df4742047de93703e71c5b4292caa55db7b59d28e75abb2,73699
26765,VANTAGE BANK TEXAS,TX,,12/31/2025,XBRL,2026-06-02T21:42:10.446614+00:00,/Users/adityarajiv/Documents/ffiec-cdr/ONLY_TEXAS_SINCE_2025/archive/call/12-31-2025/26765.xbrl,4f9d9498189d63c09c4de8f14b98f7d3abfb14039db0742f2cfaf3172ff6a895,111865
2694681,AMERICAN FIRST NATIONAL BANK,TX,,12/31/2025,XBRL,2026-06-02T21:42:10.446614+00:00,/Users/adityarajiv/Documents/ffiec-cdr/ONLY_TEXAS_SINCE_2025/archive/call/12-31-2025/2694681.xbrl,d4dcb97bddb8666c46668ed1ff11bb60b1e46475e3c218077621a3faae3326db,112567
272151,"GRANGER NATIONAL BANK, THE",TX,,12/31/2025,XBRL,2026-06-02T21:42:10.446614+00:00,/Users/adityarajiv/Documents/ffiec-cdr/ONLY_TEXAS_SINCE_2025/archive/call/12-31-2025/272151.xbrl,038f1db97662913f9f0177fa847853b937c9642685f67b2c5ed5d57b70f21ca0,73086
273662,FIRST STATE BANK OF UVALDE,TX,,12/31/2025,XBRL,2026-06-02T21:42:10.446614+00:00,/Users/adityarajiv/Documents/ffiec-cdr/ONLY_TEXAS_SINCE_2025/archive/call/12-31-2025/273662.xbrl,87045dae909588ed0e073408165cdbc52b969d253636f398f44a629f35b5ccc5,88031
2759629,"FIRST NATIONAL BANK OF HEREFORD, THE",TX,,12/31/2025,XBRL,2026-06-02T21:42:10.446614+00:00,/Users/adityarajiv/Documents/ffiec-cdr/ONLY_TEXAS_SINCE_2025/archive/call/12-31-2025/2759629.xbrl,e51d4e78148d9d92aa41aba83dbc1750b54ee380c93cf83584c9f500401700cd,109440
279,"BROADSTREET BANK, SSB",TX,,12/31/2025,XBRL,2026-06-02T21:42:10.446614+00:00,/Users/adityarajiv/Documents/ffiec-cdr/ONLY_TEXAS_SINCE_2025/archive/call/12-31-2025/279.xbrl,5e6b107d8b276091b6985230d8031a3a6aaa8c3bc094be6366d8c87e76f19b92,72699
283867,WALLIS BANK,TX,,12/31/2025,XBRL,2026-06-02T21:42:10.446614+00:00,/Users/adityarajiv/Documents/ffiec-cdr/ONLY_TEXAS_SINCE_2025/archive/call/12-31-2025/283867.xbrl,f6ef01aef270df1533b8b55a87b410e610706452ae3a4e47f60100574c5ae66e,112128
2891622,"CORNERSTONE CAPITAL BANK, SSB",TX,,12/31/2025,XBRL,2026-06-02T21:42:10.446614+00:00,/Users/adityarajiv/Documents/ffiec-cdr/ONLY_TEXAS_SINCE_2025/archive/call/12-31-2025/2891622.xbrl,fb9662b7dc5fdd74e7bde7e6b38986e28d33193aa67e44bd05ea67101f1c95d5,138046
292467,POINTWEST BANK,TX,,12/31/2025,XBRL,2026-06-02T21:42:10.446614+00:00,/Users/adityarajiv/Documents/ffiec-cdr/ONLY_TEXAS_SINCE_2025/archive/call/12-31-2025/292467.xbrl,f274bb88dcadfa459fed12c2fb0bdf9afadaef0f2ef7b03fb44b8fdd340f3e42,107929
293053,COMMUNITY NATIONAL BANK,TX,,12/31/2025,XBRL,2026-06-02T21:42:10.446614+00:00,/Users/adityarajiv/Documents/ffiec-cdr/ONLY_TEXAS_SINCE_2025/archive/call/12-31-2025/293053.xbrl,9563aa50724e09b099157d8f051a9dc0f52a41c10e668ebfdf79fa31ffb9de87,112281
296755,CITIZENS STATE BANK,TX,,12/31/2025,XBRL,2026-06-02T21:42:10.446614+00:00,/Users/adityarajiv/Documents/ffiec-cdr/ONLY_TEXAS_SINCE_2025/archive/call/12-31-2025/296755.xbrl,577e048dc7782aa497c5bf0361e8e868551f1392c96e0c78d7c916eb425fa355,73753
30052,AMISTAD BANK,TX,,12/31/2025,XBRL,2026-06-02T21:42:10.446614+00:00,/Users/adityarajiv/Documents/ffiec-cdr/ONLY_TEXAS_SINCE_2025/archive/call/12-31-2025/30052.xbrl,fa67fbb79e039ad61ddb75ee63bcda80f1dece125aae3fbd357b58b6d87f6d65,71628
303653,FIRST STATE BANK OF BURNET,TX,,12/31/2025,XBRL,2026-06-02T21:42:10.446614+00:00,/Users/adityarajiv/Documents/ffiec-cdr/ONLY_TEXAS_SINCE_2025/archive/call/12-31-2025/303653.xbrl,430ac4afcbb8f0f1663d48f77fb536a3e3254f2f72f22a74a295b60df84dbd11,72923
304762,VICTORY BANK,TX,,12/31/2025,XBRL,2026-06-02T21:42:10.446614+00:00,/Users/adityarajiv/Documents/ffiec-cdr/ONLY_TEXAS_SINCE_2025/archive/call/12-31-2025/304762.xbrl,f77d9d6db338c0eb3f11d89c9c38359e9237a92b38af314ea589f08492247b1a,73568
305059,"FIRST STATE BANK, THE",TX,,12/31/2025,XBRL,2026-06-02T21:42:10.446614+00:00,/Users/adityarajiv/Documents/ffiec-cdr/ONLY_TEXAS_SINCE_2025/archive/call/12-31-2025/305059.xbrl,0954a05b66f0c1d66efa4ba4534b208bf86de48bcdbe0de53734924872315889,117735
307361,AMERICAN BANK NATIONAL ASSOCIATION,TX,,12/31/2025,XBRL,2026-06-02T21:42:10.446614+00:00,/Users/adityarajiv/Documents/ffiec-cdr/ONLY_TEXAS_SINCE_2025/archive/call/12-31-2025/307361.xbrl,89e40f380d4da847c18fd8855aab4e5b5a3fdbf41337a2c2c8708d6c3db81689,108675
311265,"YOAKUM NATIONAL BANK, THE",TX,,12/31/2025,XBRL,2026-06-02T21:42:10.446614+00:00,/Users/adityarajiv/Documents/ffiec-cdr/ONLY_TEXAS_SINCE_2025/archive/call/12-31-2025/311265.xbrl,15a29a0bbe6c75827a1c6d930735d4063ba81a2113da86dc510b679fe2fa9b3f,73926
31255,CENTRAL BANK,TX,,12/31/2025,XBRL,2026-06-02T21:42:10.446614+00:00,/Users/adityarajiv/Documents/ffiec-cdr/ONLY_TEXAS_SINCE_2025/archive/call/12-31-2025/31255.xbrl,b7641ab760dec2fced1801ae635ac734a9d200522fe7d0290ad2545255288498,133870
3134399,PRIMEBANK OF TEXAS,TX,,12/31/2025,XBRL,2026-06-02T21:42:10.446614+00:00,/Users/adityarajiv/Documents/ffiec-cdr/ONLY_TEXAS_SINCE_2025/archive/call/12-31-2025/3134399.xbrl,beb8332578420a3033c23ff6f9f8d24a8cb5875b0309556e9ec7cf7a1ad905a7,73494
3150205,WORTHINGTON BANK,TX,,12/31/2025,XBRL,2026-06-02T21:42:10.446614+00:00,/Users/adityarajiv/Documents/ffiec-cdr/ONLY_TEXAS_SINCE_2025/archive/call/12-31-2025/3150205.xbrl,d4b390510192bc8fca671210c4b126c736264d467d68d0688ac6519a6088cb95,109539
3150447,"CHARLES SCHWAB BANK, SSB",TX,,12/31/2025,XBRL,2026-06-02T21:42:10.446614+00:00,/Users/adityarajiv/Documents/ffiec-cdr/ONLY_TEXAS_SINCE_2025/archive/call/12-31-2025/3150447.xbrl,f12c7881e7517f8a5a9d3878464b25369aacacccbf8f1d94bcc49a661730a916,171142
31657,"FIRST STATE BANK OF BEN WHEELER, TEXAS",TX,,12/31/2025,XBRL,2026-06-02T21:42:10.446614+00:00,/Users/adityarajiv/Documents/ffiec-cdr/ONLY_TEXAS_SINCE_2025/archive/call/12-31-2025/31657.xbrl,d62d2e3ee0c2242125956ab618bce45954218865544da49375d936757f5d7822,72819
3166699,TOLLESON PRIVATE BANK,TX,,12/31/2025,XBRL,2026-06-02T21:42:10.446614+00:00,/Users/adityarajiv/Documents/ffiec-cdr/ONLY_TEXAS_SINCE_2025/archive/call/12-31-2025/3166699.xbrl,f7d1ce2f236ccb3c7d34aa40b8d56e9c3a0b1d5d1352191571b0481de7bcb777,122562
3185896,"TRINITY BANK, NATIONAL ASSOCIATION",TX,,12/31/2025,XBRL,2026-06-02T21:42:10.446614+00:00,/Users/adityarajiv/Documents/ffiec-cdr/ONLY_TEXAS_SINCE_2025/archive/call/12-31-2025/3185896.xbrl,dcaf2be1e57d8bd19c44b9af937261faa2c30f46951cb96107ea49a06adde203,109217
323651,GILMER NATIONAL BANK,TX,,12/31/2025,XBRL,2026-06-02T21:42:10.446614+00:00,/Users/adityarajiv/Documents/ffiec-cdr/ONLY_TEXAS_SINCE_2025/archive/call/12-31-2025/323651.xbrl,69c39dbba88a65f905d5402c3fa8cee0b0147a06e04bf37936379c501d9e1ace,108676
324153,FIRST NATIONAL BANK OF GIDDINGS,TX,,12/31/2025,XBRL,2026-06-02T21:42:10.446614+00:00,/Users/adityarajiv/Documents/ffiec-cdr/ONLY_TEXAS_SINCE_2025/archive/call/12-31-2025/324153.xbrl,08d7a3a72df063fcadf2271844b15e330db27666c30d93bf7b70c73dc5fa7a60,74057
32766,LAKESIDE BANK,TX,,12/31/2025,XBRL,2026-06-02T21:42:10.446614+00:00,/Users/adityarajiv/Documents/ffiec-cdr/ONLY_TEXAS_SINCE_2025/archive/call/12-31-2025/32766.xbrl,dd63d2b2fabc699a325197934deff2b2e1f8a38a77136c94630771055cc71d57,71547
327855,CIERA BANK,TX,,12/31/2025,XBRL,2026-06-02T21:42:10.446614+00:00,/Users/adityarajiv/Documents/ffiec-cdr/ONLY_TEXAS_SINCE_2025/archive/call/12-31-2025/327855.xbrl,b1530a66bff87cedcbc80256ca1a43bc0bff5574bfd5d0b49c6ae48f5bea6d6b,121446
328357,"TITAN BANK, N.A.",TX,,12/31/2025,XBRL,2026-06-02T21:42:10.446614+00:00,/Users/adityarajiv/Documents/ffiec-cdr/ONLY_TEXAS_SINCE_2025/archive/call/12-31-2025/328357.xbrl,6bda3e23366606c190b62e39ec7db711fad477ea092b77cea2e1d38da64e402d,130911
3284445,"T BANK, NATIONAL ASSOCIATION",TX,,12/31/2025,XBRL,2026-06-02T21:42:10.446614+00:00,/Users/adityarajiv/Documents/ffiec-cdr/ONLY_TEXAS_SINCE_2025/archive/call/12-31-2025/3284445.xbrl,95f7f82aa890fd1f7096a920d8f1455591c457d6ed9c66b10eae4b0985db079f,122556
3296859,ONE WORLD BANK,TX,,12/31/2025,XBRL,2026-06-02T21:42:10.446614+00:00,/Users/adityarajiv/Documents/ffiec-cdr/ONLY_TEXAS_SINCE_2025/archive/call/12-31-2025/3296859.xbrl,abbc14d422475bf38bcdc478df1d7a278c60af1c2dad2bcd4a76e2bcc89e117c,72484
3297490,HARMONY BANK,TX,,12/31/2025,XBRL,2026-06-02T21:42:10.446614+00:00,/Users/adityarajiv/Documents/ffiec-cdr/ONLY_TEXAS_SINCE_2025/archive/call/12-31-2025/3297490.xbrl,b865efafda92193f3c090979157d2f12dd102c94312bcdafff1a4b5d40a5c6a9,110259
329952,"FIRST NATIONAL BANK OF GRANBURY, THE",TX,,12/31/2025,XBRL,2026-06-02T21:42:10.446614+00:00,/Users/adityarajiv/Documents/ffiec-cdr/ONLY_TEXAS_SINCE_2025/archive/call/12-31-2025/329952.xbrl,821e9e4fd1f9b98e546fae8100d676706583099d945d3084a035b3b95eb30d12,90166
333856,GRANDVIEW BANK,TX,,12/31/2025,XBRL,2026-06-02T21:42:10.446614+00:00,/Users/adityarajiv/Documents/ffiec-cdr/ONLY_TEXAS_SINCE_2025/archive/call/12-31-2025/333856.xbrl,3911650bbb69f91e316bb1b1b1a6983158eac71aea8c653da6949527463a93e1,108832
334264,FIRST COMMUNITY BANK,TX,,12/31/2025,XBRL,2026-06-02T21:42:10.446614+00:00,/Users/adityarajiv/Documents/ffiec-cdr/ONLY_TEXAS_SINCE_2025/archive/call/12-31-2025/334264.xbrl,d7ec386c2ee2db4d11d977fb1d6d1a7a53b3868ff93fc8ea6e47d211d949a0ea,74315
3347911,AUSTIN CAPITAL BANK SSB,TX,,12/31/2025,XBRL,2026-06-02T21:42:10.446614+00:00,/Users/adityarajiv/Documents/ffiec-cdr/ONLY_TEXAS_SINCE_2025/archive/call/12-31-2025/3347911.xbrl,c0ae018ba9ed32c2e6d8dbfbbd1c54a2f37d75ddb85f763d64a3026f7e96e363,108632
336361,SANGER BANK,TX,,12/31/2025,XBRL,2026-06-02T21:42:10.446614+00:00,/Users/adityarajiv/Documents/ffiec-cdr/ONLY_TEXAS_SINCE_2025/archive/call/12-31-2025/336361.xbrl,3e93616b8c379e838f774ea02feb9e0da5134f8651da37164b0d9cbfcdfda79c,107539
339072,"COLONIAL SAVINGS, FA",TX,,12/31/2025,XBRL,2026-06-02T21:42:10.446614+00:00,/Users/adityarajiv/Documents/ffiec-cdr/ONLY_TEXAS_SINCE_2025/archive/call/12-31-2025/339072.xbrl,c9c70b216fc26106f6874f65d4c31302af1ac68072ca3065a6338db58a56686e,132823
339456,FIRST COMMUNITY BANK,TX,,12/31/2025,XBRL,2026-06-02T21:42:10.446614+00:00,/Users/adityarajiv/Documents/ffiec-cdr/ONLY_TEXAS_SINCE_2025/archive/call/12-31-2025/339456.xbrl,a75fb2e0dc563fb55b1f7900341ed2009f58a942360fa44a750058eb0385ea0d,124441
340751,CLEAR FORK BANK NATIONAL ASSOCIATION,TX,,12/31/2025,XBRL,2026-06-02T21:42:10.446614+00:00,/Users/adityarajiv/Documents/ffiec-cdr/ONLY_TEXAS_SINCE_2025/archive/call/12-31-2025/340751.xbrl,0e22b8578299dcf794280c4a4f7f2d20c7263387ba59c54aaf268cabb7d660b3,74196
3447576,AMERICAN MOMENTUM BANK,TX,,12/31/2025,XBRL,2026-06-02T21:42:10.446614+00:00,/Users/adityarajiv/Documents/ffiec-cdr/ONLY_TEXAS_SINCE_2025/archive/call/12-31-2025/3447576.xbrl,e8f0c9bc7a6ab07563fb399f75f8a6add87c48802d333d55e386ad8bf40726c5,113862
3448162,LONE STAR BANK,TX,,12/31/2025,XBRL,2026-06-02T21:42:10.446614+00:00,/Users/adityarajiv/Documents/ffiec-cdr/ONLY_TEXAS_SINCE_2025/archive/call/12-31-2025/3448162.xbrl,e8e08de047c54b37d7414689e9a750e08023815c48675a011fde04d37e5b7af8,73242
3463875,AUSTIN COUNTY STATE BANK,TX,,12/31/2025,XBRL,2026-06-02T21:42:10.446614+00:00,/Users/adityarajiv/Documents/ffiec-cdr/ONLY_TEXAS_SINCE_2025/archive/call/12-31-2025/3463875.xbrl,da9129009599b008c5522a4ecff975e98c7c6c8261eb39f880c6fe8ba11c0793,74895
3465392,PEGASUS BANK,TX,,12/31/2025,XBRL,2026-06-02T21:42:10.446614+00:00,/Users/adityarajiv/Documents/ffiec-cdr/ONLY_TEXAS_SINCE_2025/archive/call/12-31-2025/3465392.xbrl,737e884d9099b042ad9a913936bf642e99c8674fa4323ecc6706c63d36c30a5d,134835
346566,FIRST NATIONAL BANK OF SOUTH PADRE ISLAND,TX,,12/31/2025,XBRL,2026-06-02T21:42:10.446614+00:00,/Users/adityarajiv/Documents/ffiec-cdr/ONLY_TEXAS_SINCE_2025/archive/call/12-31-2025/346566.xbrl,e50102cb47d66c12a6322d268f7ce58446c57ff01a092ec9420c0b43ddfb0920,72352
3472046,FRONTIER BANK OF TEXAS,TX,,12/31/2025,XBRL,2026-06-02T21:42:10.446614+00:00,/Users/adityarajiv/Documents/ffiec-cdr/ONLY_TEXAS_SINCE_2025/archive/call/12-31-2025/3472046.xbrl,7c14529ff39df857678708b8cb49a941fee5b5b783df576f1a863eba51dbf59a,74798
3479018,"COMMUNITY BANK, THE",TX,,12/31/2025,XBRL,2026-06-02T21:42:10.446614+00:00,/Users/adityarajiv/Documents/ffiec-cdr/ONLY_TEXAS_SINCE_2025/archive/call/12-31-2025/3479018.xbrl,98df10be101641f2f7372967dbc6f35df5bff38ce8fe0504f75d5f06dcf10b15,108623
3485215,"TEXAS ADVANTAGE COMMUNITY BANK, NATIONAL ASSOCIATION",TX,,12/31/2025,XBRL,2026-06-02T21:42:10.446614+00:00,/Users/adityarajiv/Documents/ffiec-cdr/ONLY_TEXAS_SINCE_2025/archive/call/12-31-2025/3485215.xbrl,cb0c9b746fa114547d41d0fc61fa6b2a940bba8c5ad2399657f76de6a8e76517,108440
352651,BOC BANK,TX,,12/31/2025,XBRL,2026-06-02T21:42:10.446614+00:00,/Users/adityarajiv/Documents/ffiec-cdr/ONLY_TEXAS_SINCE_2025/archive/call/12-31-2025/352651.xbrl,7273c4320ee157ba2234d9f6f7e5f4e7c2576daf687ba2f5184992003cc2cc14,108110
353555,AMARILLO NATIONAL BANK,TX,,12/31/2025,XBRL,2026-06-02T21:42:10.446614+00:00,/Users/adityarajiv/Documents/ffiec-cdr/ONLY_TEXAS_SINCE_2025/archive/call/12-31-2025/353555.xbrl,c0c0705ac6688c4ac133226e906881ba70ca35ade8e45c722c1c401796e9a5e0,148821
3548567,TEXAS PARTNERS BANK,TX,,12/31/2025,XBRL,2026-06-02T21:42:10.446614+00:00,/Users/adityarajiv/Documents/ffiec-cdr/ONLY_TEXAS_SINCE_2025/archive/call/12-31-2025/3548567.xbrl,c0adf00fb616f45b94a954508d43755f8d9868390096db2f660710406010fec5,122468
3579589,STELLAR BANK,TX,,12/31/2025,XBRL,2026-06-02T21:42:10.446614+00:00,/Users/adityarajiv/Documents/ffiec-cdr/ONLY_TEXAS_SINCE_2025/archive/call/12-31-2025/3579589.xbrl,d33c2b631e7af59b6f9bb07c49a8b2476758f2740a7459504a274edc98f5132a,149445
361167,SOUTHSIDE BANK,TX,,12/31/2025,XBRL,2026-06-02T21:42:10.446614+00:00,/Users/adityarajiv/Documents/ffiec-cdr/ONLY_TEXAS_SINCE_2025/archive/call/12-31-2025/361167.xbrl,ac0865d73b3da8efab3d9bd98ef9e6e51353bcce6f7ba3a4666a8fb8d4e7033b,150058
3619216,TEXAS SECURITY BANK,TX,,12/31/2025,XBRL,2026-06-02T21:42:10.446614+00:00,/Users/adityarajiv/Documents/ffiec-cdr/ONLY_TEXAS_SINCE_2025/archive/call/12-31-2025/3619216.xbrl,10b16b3d56b2c5560cb58a672caf6b78fbb69a3338abc62b363834ed5deea33f,112658
362155,"FIRST NATIONAL BANK OF ANDERSON, THE",TX,,12/31/2025,XBRL,2026-06-02T21:42:10.446614+00:00,/Users/adityarajiv/Documents/ffiec-cdr/ONLY_TEXAS_SINCE_2025/archive/call/12-31-2025/362155.xbrl,9134e23208b52633b4eb470bf841285e63cf09202c6db69d89a46004b9f03022,72700
362856,"BIG BEND BANKS, N.A. DBA MARFA NATIONAL BANK, THE",TX,,12/31/2025,XBRL,2026-06-02T21:42:10.446614+00:00,/Users/adityarajiv/Documents/ffiec-cdr/ONLY_TEXAS_SINCE_2025/archive/call/12-31-2025/362856.xbrl,e9ac64d9829690b5bfa4aaeb0eb854baae7fc425d35c788e806e450648bcc6ac,71708
3630323,THIRD COAST BANK,TX,,12/31/2025,XBRL,2026-06-02T21:42:10.446614+00:00,/Users/adityarajiv/Documents/ffiec-cdr/ONLY_TEXAS_SINCE_2025/archive/call/12-31-2025/3630323.xbrl,493ae557a6ceefbc1d02e2edda38ff533e3da0875dd6334e9ba3a2adffdaff8a,114989
3635551,GUADALUPE BANK,TX,,12/31/2025,XBRL,2026-06-02T21:42:10.446614+00:00,/Users/adityarajiv/Documents/ffiec-cdr/ONLY_TEXAS_SINCE_2025/archive/call/12-31-2025/3635551.xbrl,76f56173d208390ed1852290aacaead7e371e281cd03d5abc546b174a9cbca2a,108612
366359,"FIRST NATIONAL BANK OF ANSON, THE",TX,,12/31/2025,XBRL,2026-06-02T21:42:10.446614+00:00,/Users/adityarajiv/Documents/ffiec-cdr/ONLY_TEXAS_SINCE_2025/archive/call/12-31-2025/366359.xbrl,ba47f6822a2f6f0d5227930f21f1db6e9e7e3bc9723c952e5d1ecc1c93e21e0e,108262
368054,MASON BANK,TX,,12/31/2025,XBRL,2026-06-02T21:42:10.446614+00:00,/Users/adityarajiv/Documents/ffiec-cdr/ONLY_TEXAS_SINCE_2025/archive/call/12-31-2025/368054.xbrl,b6bbec502419a5ed520a6c8b8e0c5a8ac19534571c5fcc1221702b8c4e35f928,73591
3690121,LIBERTY CAPITAL BANK,TX,,12/31/2025,XBRL,2026-06-02T21:42:10.446614+00:00,/Users/adityarajiv/Documents/ffiec-cdr/ONLY_TEXAS_SINCE_2025/archive/call/12-31-2025/3690121.xbrl,122e0bfeb16267db36123b09f0384c5afe671d54b93a8097ccd94a24ebd75566,109625
369659,FIRST NATIONAL BANK OF CENTRAL TEXAS,TX,,12/31/2025,XBRL,2026-06-02T21:42:10.446614+00:00,/Users/adityarajiv/Documents/ffiec-cdr/ONLY_TEXAS_SINCE_2025/archive/call/12-31-2025/369659.xbrl,b2552ea9ca1a7bf93caadf67ca8587a35a02bdb04676df2bfe733f7d6fef05bc,112003
370954,"COWBOY BANK OF TEXAS, THE",TX,,12/31/2025,XBRL,2026-06-02T21:42:10.446614+00:00,/Users/adityarajiv/Documents/ffiec-cdr/ONLY_TEXAS_SINCE_2025/archive/call/12-31-2025/370954.xbrl,26c7fb758959ce23690b9afc17ca68d6f985810aef7090685915f3683526cc9e,73065
371362,WELLINGTON STATE BANK,TX,,12/31/2025,XBRL,2026-06-02T21:42:10.446614+00:00,/Users/adityarajiv/Documents/ffiec-cdr/ONLY_TEXAS_SINCE_2025/archive/call/12-31-2025/371362.xbrl,c9cf0e81188e38246388b19a6790853ddf8d86ca6def86c2d300dff18817b49b,108610
373553,FIRST BANK AND TRUST OF MEMPHIS,TX,,12/31/2025,XBRL,2026-06-02T21:42:10.446614+00:00,/Users/adityarajiv/Documents/ffiec-cdr/ONLY_TEXAS_SINCE_2025/archive/call/12-31-2025/373553.xbrl,9e3f0050df3b2f251378956213a2985ca3942359209a481cc6ef79269befb834,108158
375566,FIRST NATIONAL BANK,TX,,12/31/2025,XBRL,2026-06-02T21:42:10.446614+00:00,/Users/adityarajiv/Documents/ffiec-cdr/ONLY_TEXAS_SINCE_2025/archive/call/12-31-2025/375566.xbrl,6d794bbbf931c063c897e4a65dd46060ac3c174b15599e4f780b51d6244c059d,113154
375650,MENARD BANK,TX,,12/31/2025,XBRL,2026-06-02T21:42:10.446614+00:00,/Users/adityarajiv/Documents/ffiec-cdr/ONLY_TEXAS_SINCE_2025/archive/call/12-31-2025/375650.xbrl,dd89584062f80751322ac6b03d49206ffdf78e36984e424b2a5688c786de9b3d,73813
377663,FANNIN BANK,TX,,12/31/2025,XBRL,2026-06-02T21:42:10.446614+00:00,/Users/adityarajiv/Documents/ffiec-cdr/ONLY_TEXAS_SINCE_2025/archive/call/12-31-2025/377663.xbrl,22021dfdd8e143e62c7d23a8ec4e5e8557b956c8cb9a7f6fb907f4d8439e1171,117753
379153,"FIRST NATIONAL BANK OF EVANT, THE",TX,,12/31/2025,XBRL,2026-06-02T21:42:10.446614+00:00,/Users/adityarajiv/Documents/ffiec-cdr/ONLY_TEXAS_SINCE_2025/archive/call/12-31-2025/379153.xbrl,ed8da71657e077651d5555a42b3e96a8d5f1d0a554780b7f6cda0b96a0512ffb,72951
380458,TEXAS REGIONAL BANK,TX,,12/31/2025,XBRL,2026-06-02T21:42:10.446614+00:00,/Users/adityarajiv/Documents/ffiec-cdr/ONLY_TEXAS_SINCE_2025/archive/call/12-31-2025/380458.xbrl,b08ea73952d99ce995063ea33971fd2b5093723c84cc5d51cf02b8841f3e84df,124576
382069,INTERNATIONAL BANK OF COMMERCE,TX,,12/31/2025,XBRL,2026-06-02T21:42:10.446614+00:00,/Users/adityarajiv/Documents/ffiec-cdr/ONLY_TEXAS_SINCE_2025/archive/call/12-31-2025/382069.xbrl,35a586189b2c9bdc463fb4ff831f0a8b12a5ae01e12a60ffd7a2323bbb4b305d,130006
3821037,R BANK,TX,,12/31/2025,XBRL,2026-06-02T21:42:10.446614+00:00,/Users/adityarajiv/Documents/ffiec-cdr/ONLY_TEXAS_SINCE_2025/archive/call/12-31-2025/3821037.xbrl,ea9d1672c7c07b59e6984787c668a856f4c3cfa5d82113075d228c96b75e3a63,128879
3821626,"MINT NATIONAL BANK, THE",TX,,12/31/2025,XBRL,2026-06-02T21:42:10.446614+00:00,/Users/adityarajiv/Documents/ffiec-cdr/ONLY_TEXAS_SINCE_2025/archive/call/12-31-2025/3821626.xbrl,a4a29660ee22a1535f67c8925ed505706053b9cba085af627cde132888f35f04,73386
384652,"DALLAS CAPITAL BANK, NATIONAL ASSOCIATION",TX,,12/31/2025,XBRL,2026-06-02T21:42:10.446614+00:00,/Users/adityarajiv/Documents/ffiec-cdr/ONLY_TEXAS_SINCE_2025/archive/call/12-31-2025/384652.xbrl,4cf11a0c78232fbc90af15e40931fa9dd424b018b82b5fbe210a32355721fcbb,76295
389358,SECURITY STATE BANK,TX,,12/31/2025,XBRL,2026-06-02T21:42:10.446614+00:00,/Users/adityarajiv/Documents/ffiec-cdr/ONLY_TEXAS_SINCE_2025/archive/call/12-31-2025/389358.xbrl,2c01533f36107070b1a5a3f114be888fdee2a8557fd4dcbc396cf9c1f4fe5d07,85886
393252,FIRST TEXAS NATIONAL BANK,TX,,12/31/2025,XBRL,2026-06-02T21:42:10.446614+00:00,/Users/adityarajiv/Documents/ffiec-cdr/ONLY_TEXAS_SINCE_2025/archive/call/12-31-2025/393252.xbrl,b2b05334963a7d2b098468a8f4d0e1257b079f3c94daaae233a22d9929e822f1,73641
393953,"HOMETOWN BANK, NATIONAL ASSOCIATION",TX,,12/31/2025,XBRL,2026-06-02T21:42:10.446614+00:00,/Users/adityarajiv/Documents/ffiec-cdr/ONLY_TEXAS_SINCE_2025/archive/call/12-31-2025/393953.xbrl,82e15deaf9de31930c117041d5be508d45f3b373f0bbbb38f28e8517fe9319a7,108951
396954,"PECOS COUNTY STATE BANK, THE",TX,,12/31/2025,XBRL,2026-06-02T21:42:10.446614+00:00,/Users/adityarajiv/Documents/ffiec-cdr/ONLY_TEXAS_SINCE_2025/archive/call/12-31-2025/396954.xbrl,efd9f05827919f0e30c25f54316edd56568e1f0baecb4921d9e0eb6b3b653d95,74046
397456,FIRST NATIONAL BANK OF FORT STOCKTON,TX,,12/31/2025,XBRL,2026-06-02T21:42:10.446614+00:00,/Users/adityarajiv/Documents/ffiec-cdr/ONLY_TEXAS_SINCE_2025/archive/call/12-31-2025/397456.xbrl,6ba1fe86061096800ed1a8f1fcbc04f426ec144648210b8a79cf36061d86a292,85278
400365,"FIRST COMMERCIAL BANK, NATIONAL ASSOCIATION",TX,,12/31/2025,XBRL,2026-06-02T21:42:10.446614+00:00,/Users/adityarajiv/Documents/ffiec-cdr/ONLY_TEXAS_SINCE_2025/archive/call/12-31-2025/400365.xbrl,7167f769c21f16827274d17e7749529ada9011c89606310517bf2c34331f0581,108822
404653,DOMINION BANK,TX,,12/31/2025,XBRL,2026-06-02T21:42:10.446614+00:00,/Users/adityarajiv/Documents/ffiec-cdr/ONLY_TEXAS_SINCE_2025/archive/call/12-31-2025/404653.xbrl,d9559de0db35f42aa6370bfe876d57eac1e62678850ae746830ed3e9d8ccde6c,108235
406059,NBT FINANCIAL BANK,TX,,12/31/2025,XBRL,2026-06-02T21:42:10.446614+00:00,/Users/adityarajiv/Documents/ffiec-cdr/ONLY_TEXAS_SINCE_2025/archive/call/12-31-2025/406059.xbrl,5395f66eb5fd91d545b0ac6a7e2f05848516f7915824952b78154e43a438773a,108802
406666,WEST TEXAS STATE BANK,TX,,12/31/2025,XBRL,2026-06-02T21:42:10.446614+00:00,/Users/adityarajiv/Documents/ffiec-cdr/ONLY_TEXAS_SINCE_2025/archive/call/12-31-2025/406666.xbrl,229613e983bdc1a35ce5c98411d5c064bb3eb60ab2bec7aebd92caacf837d392,72718
407168,FIRST STATE BANK,TX,,12/31/2025,XBRL,2026-06-02T21:42:10.446614+00:00,/Users/adityarajiv/Documents/ffiec-cdr/ONLY_TEXAS_SINCE_2025/archive/call/12-31-2025/407168.xbrl,0d525103d41a59818ed5ee74de87f976c55dbaf8a1248b16e00e41542012e662,83451
409265,SPUR SECURITY BANK,TX,,12/31/2025,XBRL,2026-06-02T21:42:10.446614+00:00,/Users/adityarajiv/Documents/ffiec-cdr/ONLY_TEXAS_SINCE_2025/archive/call/12-31-2025/409265.xbrl,c61793e93353e3909af5edf7ffeac96ef837f6ab503548b9ea79ac9251bc6a81,107111
410560,FIRST STATE BANK,TX,,12/31/2025,XBRL,2026-06-02T21:42:10.446614+00:00,/Users/adityarajiv/Documents/ffiec-cdr/ONLY_TEXAS_SINCE_2025/archive/call/12-31-2025/410560.xbrl,4c5ec8c1ff611fe801d73fbb734e630d45c979297c63bd2dcca8ebcea439a91c,74074
411062,"FIRST NATIONAL BANK OF STERLING CITY, THE",TX,,12/31/2025,XBRL,2026-06-02T21:42:10.446614+00:00,/Users/adityarajiv/Documents/ffiec-cdr/ONLY_TEXAS_SINCE_2025/archive/call/12-31-2025/411062.xbrl,45921e0434a0f31688f4f35270797fafd84e48239d229767b7290ab3bc0fade6,108069
412667,SUNDOWN STATE BANK,TX,,12/31/2025,XBRL,2026-06-02T21:42:10.446614+00:00,/Users/adityarajiv/Documents/ffiec-cdr/ONLY_TEXAS_SINCE_2025/archive/call/12-31-2025/412667.xbrl,9acf1df1fb135be4503dcd16328ef9a72d59d904cf8c94166083bd7299e82c80,108962
412751,WOODFOREST NATIONAL BANK,TX,,12/31/2025,XBRL,2026-06-02T21:42:10.446614+00:00,/Users/adityarajiv/Documents/ffiec-cdr/ONLY_TEXAS_SINCE_2025/archive/call/12-31-2025/412751.xbrl,11702ba77be230f1ded80c9a5017416a45dcea97a2575ab02fae4b295d288996,136275
414764,TEXAS BANK,TX,,12/31/2025,XBRL,2026-06-02T21:42:10.446614+00:00,/Users/adityarajiv/Documents/ffiec-cdr/ONLY_TEXAS_SINCE_2025/archive/call/12-31-2025/414764.xbrl,3c88d85030f520552da9f9f088678c7b5d8b9b2fe133d2ec7ad90bba0a8b8aec,74234
414858,"INCOMMONS BANK, NATIONAL ASSOCIATION",TX,,12/31/2025,XBRL,2026-06-02T21:42:10.446614+00:00,/Users/adityarajiv/Documents/ffiec-cdr/ONLY_TEXAS_SINCE_2025/archive/call/12-31-2025/414858.xbrl,1d729859f49049a0a894b52200061ec31ae9ce67a035e57ba199106c5ec41cc9,108456
42354,"COMMERCIAL NATIONAL BANK OF BRADY, THE",TX,,12/31/2025,XBRL,2026-06-02T21:42:10.446614+00:00,/Users/adityarajiv/Documents/ffiec-cdr/ONLY_TEXAS_SINCE_2025/archive/call/12-31-2025/42354.xbrl,cdea7782c61be8d051da2011784ce4c8c7e77b21d14ebfda8c7bf8755052ecb1,107741
424352,ANAHUAC NATIONAL BANK,TX,,12/31/2025,XBRL,2026-06-02T21:42:10.446614+00:00,/Users/adityarajiv/Documents/ffiec-cdr/ONLY_TEXAS_SINCE_2025/archive/call/12-31-2025/424352.xbrl,78b8e40ab109b1f01349462980b06c7e99b60e5118cb32a130dd1addbeca06d0,107936
426057,SPECTRA BANK,TX,,12/31/2025,XBRL,2026-06-02T21:42:10.446614+00:00,/Users/adityarajiv/Documents/ffiec-cdr/ONLY_TEXAS_SINCE_2025/archive/call/12-31-2025/426057.xbrl,ff6fc67d91c7fd41f0ab97010e66df0bf1e3f2c1469bbc53b606a6fa666ce75c,71333
428060,CENTRAL NATIONAL BANK,TX,,12/31/2025,XBRL,2026-06-02T21:42:10.446614+00:00,/Users/adityarajiv/Documents/ffiec-cdr/ONLY_TEXAS_SINCE_2025/archive/call/12-31-2025/428060.xbrl,04061f5552b3dcdd87f5be620d2caaa390fbbbf616179fb4bd9a29cf6d656016,112278
432058,FREEDOM BANK,TX,,12/31/2025,XBRL,2026-06-02T21:42:10.446614+00:00,/Users/adityarajiv/Documents/ffiec-cdr/ONLY_TEXAS_SINCE_2025/archive/call/12-31-2025/432058.xbrl,68c215be075918e34a0f94e8e05f3d483b8861a645c33824095f4b84df6d568d,72742
435059,ENNIS STATE BANK,TX,,12/31/2025,XBRL,2026-06-02T21:42:10.446614+00:00,/Users/adityarajiv/Documents/ffiec-cdr/ONLY_TEXAS_SINCE_2025/archive/call/12-31-2025/435059.xbrl,8236cf3a0f82bc2b6e198a1f948bae71c66cac6138f7743c484a320e1ea24b85,74807
435666,SECURITY BANK OF TEXAS,TX,,12/31/2025,XBRL,2026-06-02T21:42:10.446614+00:00,/Users/adityarajiv/Documents/ffiec-cdr/ONLY_TEXAS_SINCE_2025/archive/call/12-31-2025/435666.xbrl,a5c68cd47267366c3d2cb1007999e583a616e16474335a8b146273e0c1f0ead2,72569
435750,FIRST STATE BANK,TX,,12/31/2025,XBRL,2026-06-02T21:42:10.446614+00:00,/Users/adityarajiv/Documents/ffiec-cdr/ONLY_TEXAS_SINCE_2025/archive/call/12-31-2025/435750.xbrl,a68eeae7c5d092463b3904e9cc21aec64258a6859b7a5b63d2890a3d783e135c,146060
43959,BRIDGE CITY STATE BANK,TX,,12/31/2025,XBRL,2026-06-02T21:42:10.446614+00:00,/Users/adityarajiv/Documents/ffiec-cdr/ONLY_TEXAS_SINCE_2025/archive/call/12-31-2025/43959.xbrl,06f29e7f4b38d808070e8851d50daaac8e1bf367825c5a74565fcbf46a0f71d6,106411
441050,"FALLS CITY NATIONAL BANK, THE",TX,,12/31/2025,XBRL,2026-06-02T21:42:10.446614+00:00,/Users/adityarajiv/Documents/ffiec-cdr/ONLY_TEXAS_SINCE_2025/archive/call/12-31-2025/441050.xbrl,04fadb17629458eb9280b5d4a39642257d27ffd5f5a4a5dd8f6069b5f952b6d1,73601
442655,"FIRST NATIONAL BANK IN FALFURRIAS, THE",TX,,12/31/2025,XBRL,2026-06-02T21:42:10.446614+00:00,/Users/adityarajiv/Documents/ffiec-cdr/ONLY_TEXAS_SINCE_2025/archive/call/12-31-2025/442655.xbrl,65044f6853a2a0419162a9bef30814a057aaad92bc6092ff5842ab4104ecd9b4,72429
444350,FIRST TEXAS BANK,TX,,12/31/2025,XBRL,2026-06-02T21:42:10.446614+00:00,/Users/adityarajiv/Documents/ffiec-cdr/ONLY_TEXAS_SINCE_2025/archive/call/12-31-2025/444350.xbrl,4966be649d0c1b94a000b22fcbc7c58638cdca57e0d2019f703c251312442dbc,108624
445955,"FIRST NATIONAL BANK OF EAST TEXAS, THE",TX,,12/31/2025,XBRL,2026-06-02T21:42:10.446614+00:00,/Users/adityarajiv/Documents/ffiec-cdr/ONLY_TEXAS_SINCE_2025/archive/call/12-31-2025/445955.xbrl,60a98d17c6dc2fc313329ee9a5da13d00795a4f32dff2c84afa2edc8a6b0ab13,74119
448554,SAGE CAPITAL BANK,TX,,12/31/2025,XBRL,2026-06-02T21:42:10.446614+00:00,/Users/adityarajiv/Documents/ffiec-cdr/ONLY_TEXAS_SINCE_2025/archive/call/12-31-2025/448554.xbrl,5bc3a2d33f6b2d198bcad4890846e455b22ca6dde920e1abf4ff91742d5801dd,108902
455459,MAVERICK BANK,TX,,12/31/2025,XBRL,2026-06-02T21:42:10.446614+00:00,/Users/adityarajiv/Documents/ffiec-cdr/ONLY_TEXAS_SINCE_2025/archive/call/12-31-2025/455459.xbrl,51d534a922648de08847b0dce90bbbf517f6763202d3d9551ca0c430f86991cb,73877
45560,JEFFERSON BANK,TX,,12/31/2025,XBRL,2026-06-02T21:42:10.446614+00:00,/Users/adityarajiv/Documents/ffiec-cdr/ONLY_TEXAS_SINCE_2025/archive/call/12-31-2025/45560.xbrl,cbd272c582f8114b76e54c305b522cc998594457d5da470a03b4cba178c6e2e2,146530
457060,SPRING HILL STATE BANK,TX,,12/31/2025,XBRL,2026-06-02T21:42:10.446614+00:00,/Users/adityarajiv/Documents/ffiec-cdr/ONLY_TEXAS_SINCE_2025/archive/call/12-31-2025/457060.xbrl,01b75343c9fe5d16db8673319055c5c2fac83a0ce72c56e39ee60040a1e19630,107579
458665,"FIRST NATIONAL BANK OF STANTON, THE",TX,,12/31/2025,XBRL,2026-06-02T21:42:10.446614+00:00,/Users/adityarajiv/Documents/ffiec-cdr/ONLY_TEXAS_SINCE_2025/archive/call/12-31-2025/458665.xbrl,ac9686e9580d01b9fb09de252d76f599c64b3d2d592df021d6b38e0f8d515b3d,108362
460556,"STATE NATIONAL BANK OF GROOM, THE",TX,,12/31/2025,XBRL,2026-06-02T21:42:10.446614+00:00,/Users/adityarajiv/Documents/ffiec-cdr/ONLY_TEXAS_SINCE_2025/archive/call/12-31-2025/460556.xbrl,0f7308a5b3d316814a4750888ced992396633ea86f4d6f15d2e81e9dc05be280,108501
461058,FARMERS STATE BANK,TX,,12/31/2025,XBRL,2026-06-02T21:42:10.446614+00:00,/Users/adityarajiv/Documents/ffiec-cdr/ONLY_TEXAS_SINCE_2025/archive/call/12-31-2025/461058.xbrl,cb84a79df705cb25503a186757256d0bb2300982d7896684a1a1994d1f842c80,73700
470050,FIRST FINANCIAL BANK,TX,,12/31/2025,XBRL,2026-06-02T21:42:10.446614+00:00,/Users/adityarajiv/Documents/ffiec-cdr/ONLY_TEXAS_SINCE_2025/archive/call/12-31-2025/470050.xbrl,423dae8541c28bdd1bc2ea3479fe83cf8c563464bd4391a10bb2e86b278b894f,148088
473266,TEXAS FIRST BANK,TX,,12/31/2025,XBRL,2026-06-02T21:42:10.446614+00:00,/Users/adityarajiv/Documents/ffiec-cdr/ONLY_TEXAS_SINCE_2025/archive/call/12-31-2025/473266.xbrl,362359ed40198eb40c9a9e1add245d297ea601314c7722410e0e5db9ffdb9d8e,112247
474254,BROADWAY NATIONAL BANK,TX,,12/31/2025,XBRL,2026-06-02T21:42:10.446614+00:00,/Users/adityarajiv/Documents/ffiec-cdr/ONLY_TEXAS_SINCE_2025/archive/call/12-31-2025/474254.xbrl,e2edccb06fcaa7e464695496d2a7bbf043a869a5aa49605165072a843dfe70cd,148965
474759,"SUNFLOWER BANK, NATIONAL ASSOCIATION",TX,,12/31/2025,XBRL,2026-06-02T21:42:10.446614+00:00,/Users/adityarajiv/Documents/ffiec-cdr/ONLY_TEXAS_SINCE_2025/archive/call/12-31-2025/474759.xbrl,f804b8d2425097b0a21177bf1ec0abce913f5328337139c76cc93b96c190db6c,150994
479567,"FIRST NATIONAL BANK OF TRINITY, THE",TX,,12/31/2025,XBRL,2026-06-02T21:42:10.446614+00:00,/Users/adityarajiv/Documents/ffiec-cdr/ONLY_TEXAS_SINCE_2025/archive/call/12-31-2025/479567.xbrl,19ea0e2de8542b357c634d2237fd19f10011d761275a50de9bdb91d8483ad8b6,72273
484057,MARION STATE BANK,TX,,12/31/2025,XBRL,2026-06-02T21:42:10.446614+00:00,/Users/adityarajiv/Documents/ffiec-cdr/ONLY_TEXAS_SINCE_2025/archive/call/12-31-2025/484057.xbrl,313dd69faea35c11e3e398d6ecfbcab498533e8d9b55fdef37ad49ebb4835707,73399
488653,"NATIONAL BANK OF ANDREWS, THE",TX,,12/31/2025,XBRL,2026-06-02T21:42:10.446614+00:00,/Users/adityarajiv/Documents/ffiec-cdr/ONLY_TEXAS_SINCE_2025/archive/call/12-31-2025/488653.xbrl,26a765a5595a21ad4aed944035bd8605663f80e863b8d77e6b4e8fc30494aeb4,107815
489155,CITIZENS STATE BANK,TX,,12/31/2025,XBRL,2026-06-02T21:42:10.446614+00:00,/Users/adityarajiv/Documents/ffiec-cdr/ONLY_TEXAS_SINCE_2025/archive/call/12-31-2025/489155.xbrl,10d7ac6482a23730d892b9e1687ffec649d1afb2db61041b8bd91e180acd4b8c,72306
490450,NORTH DALLAS BANK & TRUST CO.,TX,,12/31/2025,XBRL,2026-06-02T21:42:10.446614+00:00,/Users/adityarajiv/Documents/ffiec-cdr/ONLY_TEXAS_SINCE_2025/archive/call/12-31-2025/490450.xbrl,dc4d5cc186a2b55350576f174cb54c463b2fcd3c4a294c40f006d702e7c65372,90330
491653,"COMMERCIAL BANK, THE",TX,,12/31/2025,XBRL,2026-06-02T21:42:10.446614+00:00,/Users/adityarajiv/Documents/ffiec-cdr/ONLY_TEXAS_SINCE_2025/archive/call/12-31-2025/491653.xbrl,15a8d361e7670f75ec2b45f0646b595548d962686ddec792d0b5edd234cbef89,71643
494654,"AMERICAN BANK, NATIONAL ASSOCIATION",TX,,12/31/2025,XBRL,2026-06-02T21:42:10.446614+00:00,/Users/adityarajiv/Documents/ffiec-cdr/ONLY_TEXAS_SINCE_2025/archive/call/12-31-2025/494654.xbrl,aa29528595ec7a0fc375edf9d7fdd1c946981ca4b3978e952dd92ee341531be4,72624
497954,TEXAS NATIONAL BANK,TX,,12/31/2025,XBRL,2026-06-02T21:42:10.446614+00:00,/Users/adityarajiv/Documents/ffiec-cdr/ONLY_TEXAS_SINCE_2025/archive/call/12-31-2025/497954.xbrl,0073d39044952f5559d025fb997b48b68deb62815b80131ad0630db1061ba997,112533
498362,AMERICAN NATIONAL BANK & TRUST,TX,,12/31/2025,XBRL,2026-06-02T21:42:10.446614+00:00,/Users/adityarajiv/Documents/ffiec-cdr/ONLY_TEXAS_SINCE_2025/archive/call/12-31-2025/498362.xbrl,bcf165e89a9111ba1c3b1f4cd48e093a2ea68ab17d85037cf0cb3a2a876713d2,149379
498456,AVANA BANK,TX,,12/31/2025,XBRL,2026-06-02T21:42:10.446614+00:00,/Users/adityarajiv/Documents/ffiec-cdr/ONLY_TEXAS_SINCE_2025/archive/call/12-31-2025/498456.xbrl,1ed76c2e52860ee824bae0f7936cfc8fa8ad66a2702a9c40721563e7337fbd00,72273
49858,BANK OF SOUTH TEXAS,TX,,12/31/2025,XBRL,2026-06-02T21:42:10.446614+00:00,/Users/adityarajiv/Documents/ffiec-cdr/ONLY_TEXAS_SINCE_2025/archive/call/12-31-2025/49858.xbrl,d7b553cea27e952d4b514e93f2d83ea9f83876f1cd8dc723b8cbdd53f4a7c1b8,72085
500256,"FIRST NATIONAL BANK OF MERTZON, THE",TX,,12/31/2025,XBRL,2026-06-02T21:42:10.446614+00:00,/Users/adityarajiv/Documents/ffiec-cdr/ONLY_TEXAS_SINCE_2025/archive/call/12-31-2025/500256.xbrl,391f75755bdb9c6ad87b63fbd0d1b2048cec53d861d28568731de4f4b17e724e,122364
500658,PAVILLION BANK,TX,,12/31/2025,XBRL,2026-06-02T21:42:10.446614+00:00,/Users/adityarajiv/Documents/ffiec-cdr/ONLY_TEXAS_SINCE_2025/archive/call/12-31-2025/500658.xbrl,49b932b97f341f3e8df1c7af6e25ca4d28fc1ecaf95d7c13568e4fcccd884043,106951
501767,"FIRST NATIONAL BANK OF WINNSBORO, THE",TX,,12/31/2025,XBRL,2026-06-02T21:42:10.446614+00:00,/Users/adityarajiv/Documents/ffiec-cdr/ONLY_TEXAS_SINCE_2025/archive/call/12-31-2025/501767.xbrl,5bd1a9f07de0a5dc46c467d14fc1a3583355bcdd7d78358d8c3e6a0d19e38e02,72816
514655,"TEXAS GULF BANK, NATIONAL ASSOCIATION",TX,,12/31/2025,XBRL,2026-06-02T21:42:10.446614+00:00,/Users/adityarajiv/Documents/ffiec-cdr/ONLY_TEXAS_SINCE_2025/archive/call/12-31-2025/514655.xbrl,203428f54e44a4ab97adf54d1a94c3ad9e5f369ebc4f819a4b1386c90b18c9ef,86402
518877,GREATER STATE BANK,TX,,12/31/2025,XBRL,2026-06-02T21:42:10.446614+00:00,/Users/adityarajiv/Documents/ffiec-cdr/ONLY_TEXAS_SINCE_2025/archive/call/12-31-2025/518877.xbrl,fd0def3cd7f4018eb3ae248405499b9ef390dab102ac69fd0f1000dd5c530701,107146
521158,"SOUTHTRUST BANK, N.A.",TX,,12/31/2025,XBRL,2026-06-02T21:42:10.446614+00:00,/Users/adityarajiv/Documents/ffiec-cdr/ONLY_TEXAS_SINCE_2025/archive/call/12-31-2025/521158.xbrl,f85618a72b92d19b667c953caf0287a6f1e17567807cf8c2848caf98de3b1d00,109406
522669,HOMEBANK TEXAS,TX,,12/31/2025,XBRL,2026-06-02T21:42:10.446614+00:00,/Users/adityarajiv/Documents/ffiec-cdr/ONLY_TEXAS_SINCE_2025/archive/call/12-31-2025/522669.xbrl,19f40c94e17f2c551151d8da64fa7475b31c2e6dec0b7b248545a5bf7bb15d4b,108763
522753,MCBANK,TX,,12/31/2025,XBRL,2026-06-02T21:42:10.446614+00:00,/Users/adityarajiv/Documents/ffiec-cdr/ONLY_TEXAS_SINCE_2025/archive/call/12-31-2025/522753.xbrl,dd6823ca73fb1e01a509ad9bbde3df2b4bb655b0cc6358ee67682af517a23c27,108861
523161,CITIZENS STATE BANK,TX,,12/31/2025,XBRL,2026-06-02T21:42:10.446614+00:00,/Users/adityarajiv/Documents/ffiec-cdr/ONLY_TEXAS_SINCE_2025/archive/call/12-31-2025/523161.xbrl,bb363490db1078af3d555f62fb18bdbb5abbcf96d66a6df5f28ae557e542ade7,73353
524766,FIRST STATE BANK,TX,,12/31/2025,XBRL,2026-06-02T21:42:10.446614+00:00,/Users/adityarajiv/Documents/ffiec-cdr/ONLY_TEXAS_SINCE_2025/archive/call/12-31-2025/524766.xbrl,31fb02c2588cd9363e891a9ef81448a063dc73895bc1c077227cad119b9304e2,84518
5278251,CHARLES SCHWAB TRUST BANK,TX,,12/31/2025,XBRL,2026-06-02T21:42:10.446614+00:00,/Users/adityarajiv/Documents/ffiec-cdr/ONLY_TEXAS_SINCE_2025/archive/call/12-31-2025/5278251.xbrl,338234d91ebd682840f162b92aeca87c48c86e2f2aedb7b3aeedf7b2f9211eed,170411
528960,TEXAS COMMUNITY BANK,TX,,12/31/2025,XBRL,2026-06-02T21:42:10.446614+00:00,/Users/adityarajiv/Documents/ffiec-cdr/ONLY_TEXAS_SINCE_2025/archive/call/12-31-2025/528960.xbrl,233d5da7f1676c12cb05252eab8f10d31503c75795f41fb7fae443717888f214,134737
529958,"TIB, NATIONAL ASSOCIATION",TX,,12/31/2025,XBRL,2026-06-02T21:42:10.446614+00:00,/Users/adityarajiv/Documents/ffiec-cdr/ONLY_TEXAS_SINCE_2025/archive/call/12-31-2025/529958.xbrl,18b6cc6e97a28c9a6c875dbae56631c54c6ee0fa89d9c33e417f99f6ae855fb6,132679
53051,"BUCKHOLTS STATE BANK, THE",TX,,12/31/2025,XBRL,2026-06-02T21:42:10.446614+00:00,/Users/adityarajiv/Documents/ffiec-cdr/ONLY_TEXAS_SINCE_2025/archive/call/12-31-2025/53051.xbrl,b14e8a6ffa37b21b200e9c046dfec06cf446787d93af9af340d8771d3f75a90c,105854
530851,PEOPLES STATE BANK OF HALLETTSVILLE,TX,,12/31/2025,XBRL,2026-06-02T21:42:10.446614+00:00,/Users/adityarajiv/Documents/ffiec-cdr/ONLY_TEXAS_SINCE_2025/archive/call/12-31-2025/530851.xbrl,33451a7e4d034104ab73334b5c6b80fa51c26d32cf6e639261788e8ad8a45bfd,73767
536059,"GOLDEN BANK, NATIONAL ASSOCIATION",TX,,12/31/2025,XBRL,2026-06-02T21:42:10.446614+00:00,/Users/adityarajiv/Documents/ffiec-cdr/ONLY_TEXAS_SINCE_2025/archive/call/12-31-2025/536059.xbrl,10a4e77f25d89e1320f2d9bd51e60fed04703807d8c3912ac71ab34944998495,135644
537560,"EXTRACO BANKS, NATIONAL ASSOCIATION",TX,,12/31/2025,XBRL,2026-06-02T21:42:10.446614+00:00,/Users/adityarajiv/Documents/ffiec-cdr/ONLY_TEXAS_SINCE_2025/archive/call/12-31-2025/537560.xbrl,405e258df4812ccb9e5ffe08ec155e531a655685af60e0e96796bd30c3eefaf8,147827
5382514,GULF CAPITAL BANK,TX,,12/31/2025,XBRL,2026-06-02T21:42:10.446614+00:00,/Users/adityarajiv/Documents/ffiec-cdr/ONLY_TEXAS_SINCE_2025/archive/call/12-31-2025/5382514.xbrl,3805c79118205965d92af9f11fb0bdda949d262d4dd14b536d21cd7fbb4267ad,109643
539872,"TRUSTTEXAS BANK, S.S.B.",TX,,12/31/2025,XBRL,2026-06-02T21:42:10.446614+00:00,/Users/adityarajiv/Documents/ffiec-cdr/ONLY_TEXAS_SINCE_2025/archive/call/12-31-2025/539872.xbrl,a6c8b202bf4faa2ad9856d0d5822866b6cf0ce275d76910b5fac1d03bb46084d,108551
548267,"WAGGONER NATIONAL BANK OF VERNON, THE",TX,,12/31/2025,XBRL,2026-06-02T21:42:10.446614+00:00,/Users/adityarajiv/Documents/ffiec-cdr/ONLY_TEXAS_SINCE_2025/archive/call/12-31-2025/548267.xbrl,ad0962c43167c2887fb00ce36745fd6735fc4652f87fa57c7559757576266921,84959
548351,"AUSTIN BANK, TEXAS NATIONAL ASSOCIATION",TX,,12/31/2025,XBRL,2026-06-02T21:42:10.446614+00:00,/Users/adityarajiv/Documents/ffiec-cdr/ONLY_TEXAS_SINCE_2025/archive/call/12-31-2025/548351.xbrl,0e841779a54a8ef0bc88adc0efd97ce6cc44743084f0ad0e04634bb73ef14870,100606
549862,"COMMUNITY BANK & TRUST, WACO, TEXAS",TX,,12/31/2025,XBRL,2026-06-02T21:42:10.446614+00:00,/Users/adityarajiv/Documents/ffiec-cdr/ONLY_TEXAS_SINCE_2025/archive/call/12-31-2025/549862.xbrl,b8558afcd0e93a1dddef7f6300d76e71e0137e528162e9654c7a35480466bb10,135718
552161,CITIZENS NATIONAL BANK OF TEXAS,TX,,12/31/2025,XBRL,2026-06-02T21:42:10.446614+00:00,/Users/adityarajiv/Documents/ffiec-cdr/ONLY_TEXAS_SINCE_2025/archive/call/12-31-2025/552161.xbrl,e0a03c3391db84bb60216f242143d1751b8921153d4583bf26a66499882bf74a,112575
552974,"SHELBY SAVINGS BANK, SSB",TX,,12/31/2025,XBRL,2026-06-02T21:42:10.446614+00:00,/Users/adityarajiv/Documents/ffiec-cdr/ONLY_TEXAS_SINCE_2025/archive/call/12-31-2025/552974.xbrl,7ebd542738983ef0f0ab98d02298e80092bb64b2cbb2656e5438bd5112508547,123469
555256,FARMERS AND MERCHANTS BANK,TX,,12/31/2025,XBRL,2026-06-02T21:42:10.446614+00:00,/Users/adityarajiv/Documents/ffiec-cdr/ONLY_TEXAS_SINCE_2025/archive/call/12-31-2025/555256.xbrl,2c1386283f19b4d03fd544e4e964f765eee86e2f6d4218492c12a378f9818165,72751
556459,"KLEBERG BANK, N.A.",TX,,12/31/2025,XBRL,2026-06-02T21:42:10.446614+00:00,/Users/adityarajiv/Documents/ffiec-cdr/ONLY_TEXAS_SINCE_2025/archive/call/12-31-2025/556459.xbrl,e384d9886ef8d5ce0dfa04dd93e1023b709c7f0c7055fd0e6b8c04ab12baa1a7,108699
560353,FIRST NATIONAL BANK OF LAKE JACKSON,TX,,12/31/2025,XBRL,2026-06-02T21:42:10.446614+00:00,/Users/adityarajiv/Documents/ffiec-cdr/ONLY_TEXAS_SINCE_2025/archive/call/12-31-2025/560353.xbrl,adbca143891f1957a8fcd983a2735e155819357562938a5e756c1f019be18386,106865
561864,SOUTHWEST BANK,TX,,12/31/2025,XBRL,2026-06-02T21:42:10.446614+00:00,/Users/adityarajiv/Documents/ffiec-cdr/ONLY_TEXAS_SINCE_2025/archive/call/12-31-2025/561864.xbrl,69027db3dbca76e2536f627b2e3d8fd3386382c66e326684b0ce812e5a5c5298,86185
56351,"VERABANK, NATIONAL ASSOCIATION",TX,,12/31/2025,XBRL,2026-06-02T21:42:10.446614+00:00,/Users/adityarajiv/Documents/ffiec-cdr/ONLY_TEXAS_SINCE_2025/archive/call/12-31-2025/56351.xbrl,fa16e4ff26e28ec920df60623a42e25322a1bf0a9c21feb2594b454d2dcf2942,147275
564463,CROSSROADS BANK,TX,,12/31/2025,XBRL,2026-06-02T21:42:10.446614+00:00,/Users/adityarajiv/Documents/ffiec-cdr/ONLY_TEXAS_SINCE_2025/archive/call/12-31-2025/564463.xbrl,78ead7b27a458b88051c2cd61376a0f2a4a5f747dcaeb9fc941c998aba1fc474,74166
564557,FALCON INTERNATIONAL BANK,TX,,12/31/2025,XBRL,2026-06-02T21:42:10.446614+00:00,/Users/adityarajiv/Documents/ffiec-cdr/ONLY_TEXAS_SINCE_2025/archive/call/12-31-2025/564557.xbrl,cd05441d72cb3ed9d8552e12d98c5d646d2e08a7c84db3b78440eb7fbc6c9db0,159280
570558,ARROWHEAD BANK,TX,,12/31/2025,XBRL,2026-06-02T21:42:10.446614+00:00,/Users/adityarajiv/Documents/ffiec-cdr/ONLY_TEXAS_SINCE_2025/archive/call/12-31-2025/570558.xbrl,47d72af5c59722243ebb625a465ad376541719d04be313a10a771d58c8168561,117862
572655,COMMUNITY BANK,TX,,12/31/2025,XBRL,2026-06-02T21:42:10.446614+00:00,/Users/adityarajiv/Documents/ffiec-cdr/ONLY_TEXAS_SINCE_2025/archive/call/12-31-2025/572655.xbrl,4463e3f0303ec6f24e9c2fee83dfab65f5358ea8936cb21068bafc3cd543490c,83237
5728916,"AGILITY BANK, N.A.",TX,,12/31/2025,XBRL,2026-06-02T21:42:10.446614+00:00,/Users/adityarajiv/Documents/ffiec-cdr/ONLY_TEXAS_SINCE_2025/archive/call/12-31-2025/5728916.xbrl,3131e66950a03d124d592836af24caeee0e9294986425b9e9f52074c30340e02,71986
575254,CITY BANK,TX,,12/31/2025,XBRL,2026-06-02T21:42:10.446614+00:00,/Users/adityarajiv/Documents/ffiec-cdr/ONLY_TEXAS_SINCE_2025/archive/call/12-31-2025/575254.xbrl,138b964a3189c2a22e6621da5def14de24ebe5f8a4f32f7807b2cc6a39f1c3d6,148685
5760439,TEXAS TRADITIONS BANK,TX,,12/31/2025,XBRL,2026-06-02T21:42:10.446614+00:00,/Users/adityarajiv/Documents/ffiec-cdr/ONLY_TEXAS_SINCE_2025/archive/call/12-31-2025/5760439.xbrl,c6d116d99055ca2057f8b8ff95657e3a117fe23f119f03c014de6d975c014c29,73371
578255,FIRST UNITED BANK,TX,,12/31/2025,XBRL,2026-06-02T21:42:10.446614+00:00,/Users/adityarajiv/Documents/ffiec-cdr/ONLY_TEXAS_SINCE_2025/archive/call/12-31-2025/578255.xbrl,b2880cdd0527571826c0a7d09b1e713edcc6ffe4794c74d6e39714120618e14e,113664
578862,FIRST STATE BANK OF SAN DIEGO,TX,,12/31/2025,XBRL,2026-06-02T21:42:10.446614+00:00,/Users/adityarajiv/Documents/ffiec-cdr/ONLY_TEXAS_SINCE_2025/archive/call/12-31-2025/578862.xbrl,1674719ba97cd7539e2cf8b60941f408a9e4c0016842d3237f63f1c216eb619a,118855
579364,TEXAS CHAMPION BANK,TX,,12/31/2025,XBRL,2026-06-02T21:42:10.446614+00:00,/Users/adityarajiv/Documents/ffiec-cdr/ONLY_TEXAS_SINCE_2025/archive/call/12-31-2025/579364.xbrl,243b607b3c15452d504cd0461f353c5f695cb6c8e279e5167ad45e4b6ce53ff4,74238
583268,SCHERTZ BANK & TRUST,TX,,12/31/2025,XBRL,2026-06-02T21:42:10.446614+00:00,/Users/adityarajiv/Documents/ffiec-cdr/ONLY_TEXAS_SINCE_2025/archive/call/12-31-2025/583268.xbrl,2694b6c21cecf5e896085cb6dfa0698d182cd10524d337f85c5c21ade5c0a51d,73919
583352,FIRST NATIONAL BANK OF HUNTSVILLE,TX,,12/31/2025,XBRL,2026-06-02T21:42:10.446614+00:00,/Users/adityarajiv/Documents/ffiec-cdr/ONLY_TEXAS_SINCE_2025/archive/call/12-31-2025/583352.xbrl,be8eef512f3d27e2bfbc2311f8b896514a58fd83c90af5bbe192c76aede61269,86534
583754,BANK OF HOUSTON,TX,,12/31/2025,XBRL,2026-06-02T21:42:10.446614+00:00,/Users/adityarajiv/Documents/ffiec-cdr/ONLY_TEXAS_SINCE_2025/archive/call/12-31-2025/583754.xbrl,efdbd7072b1b987e2080c837b7d14aa43ce79e3b12d6035581181b36bdc9c101,73718
586960,PEOPLES STATE BANK,TX,,12/31/2025,XBRL,2026-06-02T21:42:10.446614+00:00,/Users/adityarajiv/Documents/ffiec-cdr/ONLY_TEXAS_SINCE_2025/archive/call/12-31-2025/586960.xbrl,e65b4d7d9a5c9eb67bb78bdc4dee6930b43118dc471a0a9f06007a767a9295b9,107466
5879201,INTEGRITY BANK SSB,TX,,12/31/2025,XBRL,2026-06-02T21:42:10.446614+00:00,/Users/adityarajiv/Documents/ffiec-cdr/ONLY_TEXAS_SINCE_2025/archive/call/12-31-2025/5879201.xbrl,da8e8594f0e1be9f84e638017749f18f4f339afeb52c36f41b719d7f21e77452,107403
591366,"FIRST NATIONAL BANK OF SONORA, THE",TX,,12/31/2025,XBRL,2026-06-02T21:42:10.446614+00:00,/Users/adityarajiv/Documents/ffiec-cdr/ONLY_TEXAS_SINCE_2025/archive/call/12-31-2025/591366.xbrl,111cebcc5e19bcf7e997e0f574ef85f36672534d8c03dd03399950ab82b2cb3d,124915
59352,CITIZENS NATIONAL BANK,TX,,12/31/2025,XBRL,2026-06-02T21:42:10.446614+00:00,/Users/adityarajiv/Documents/ffiec-cdr/ONLY_TEXAS_SINCE_2025/archive/call/12-31-2025/59352.xbrl,99f426fe6a142c3879c5ef50c9a5d68adb5e5af6b6d502d8341a9a046733d64d,107305
596062,"CITY NATIONAL BANK OF SULPHUR SPRINGS, THE",TX,,12/31/2025,XBRL,2026-06-02T21:42:10.446614+00:00,/Users/adityarajiv/Documents/ffiec-cdr/ONLY_TEXAS_SINCE_2025/archive/call/12-31-2025/596062.xbrl,f4c9e8a08566341a22d9fc1159ca76f0c994e470628c8f2d4fc6e501a5c8a448,113195
596156,CAPITAL BANK,TX,,12/31/2025,XBRL,2026-06-02T21:42:10.446614+00:00,/Users/adityarajiv/Documents/ffiec-cdr/ONLY_TEXAS_SINCE_2025/archive/call/12-31-2025/596156.xbrl,311ef6f5be92f6144ee488681160efc3f996694f4a6a04ede422ed9b297bd943,121593
599764,"AMERICAN NATIONAL BANK OF TEXAS, THE",TX,,12/31/2025,XBRL,2026-06-02T21:42:10.446614+00:00,/Users/adityarajiv/Documents/ffiec-cdr/ONLY_TEXAS_SINCE_2025/archive/call/12-31-2025/599764.xbrl,3e231ed28fcd12c5279bb54daebb36e2bb647d7fae15e725914cba4ac9f2fbf6,149284
6009630,"FUNDBANK, NATIONAL ASSOCIATION",TX,,12/31/2025,XBRL,2026-06-02T21:42:10.446614+00:00,/Users/adityarajiv/Documents/ffiec-cdr/ONLY_TEXAS_SINCE_2025/archive/call/12-31-2025/6009630.xbrl,74ba5bf5c73587a6a7d4b9fa61db5d8bd5f3d66264d721fc1f789b3ee541ea7f,112023
60143,COMERICA BANK,TX,,12/31/2025,XBRL,2026-06-02T21:42:10.446614+00:00,/Users/adityarajiv/Documents/ffiec-cdr/ONLY_TEXAS_SINCE_2025/archive/call/12-31-2025/60143.xbrl,da9af45c2ee76082171450a46b854494dcb0635ecd836e4b9cfdb39836eb24a9,184578
601658,ALLIANCE BANK CENTRAL TEXAS,TX,,12/31/2025,XBRL,2026-06-02T21:42:10.446614+00:00,/Users/adityarajiv/Documents/ffiec-cdr/ONLY_TEXAS_SINCE_2025/archive/call/12-31-2025/601658.xbrl,404ea2712cb09f82eee3507499b7a8c2ba10d37f3262d637188f709e838aca8a,109553
603755,FIRST STATE BANK,TX,,12/31/2025,XBRL,2026-06-02T21:42:10.446614+00:00,/Users/adityarajiv/Documents/ffiec-cdr/ONLY_TEXAS_SINCE_2025/archive/call/12-31-2025/603755.xbrl,c78fc7b0b5f03fc534e33b4f54fd238d08cdcf171c95812c891810b2d7c62225,72049
610164,HERRING BANK,TX,,12/31/2025,XBRL,2026-06-02T21:42:10.446614+00:00,/Users/adityarajiv/Documents/ffiec-cdr/ONLY_TEXAS_SINCE_2025/archive/call/12-31-2025/610164.xbrl,05ec1ddd2538f14d1e77a670fb62ac34576fca76ee0f2c782e51cf23a1917531,121299
613950,FIRST NATIONAL BANK TEXAS DBA FIRST CONVENIENCE BANK,TX,,12/31/2025,XBRL,2026-06-02T21:42:10.446614+00:00,/Users/adityarajiv/Documents/ffiec-cdr/ONLY_TEXAS_SINCE_2025/archive/call/12-31-2025/613950.xbrl,681e12ec1e1ea62cd3a313e04d5417cd8089d8f82f718bb6c47086ca49e61ee1,112805
614368,FIRST NATIONAL BANK AND TRUST COMPANY OF WEATHERFORD DBA FIRST BANK TEXAS,TX,,12/31/2025,XBRL,2026-06-02T21:42:10.446614+00:00,/Users/adityarajiv/Documents/ffiec-cdr/ONLY_TEXAS_SINCE_2025/archive/call/12-31-2025/614368.xbrl,bb57eb8599c500fa5ed49531c19d31b2bcbf875ba6ae7d05a5bc3e508837e05f,77275
621357,STATE BANK OF DE KALB,TX,,12/31/2025,XBRL,2026-06-02T21:42:10.446614+00:00,/Users/adityarajiv/Documents/ffiec-cdr/ONLY_TEXAS_SINCE_2025/archive/call/12-31-2025/621357.xbrl,19e93d93d4c46f72738f79d9ac912a09e9ed97c2a233a2946c1841243c8f9677,74176
623052,"LAMESA NATIONAL BANK, THE",TX,,12/31/2025,XBRL,2026-06-02T21:42:10.446614+00:00,/Users/adityarajiv/Documents/ffiec-cdr/ONLY_TEXAS_SINCE_2025/archive/call/12-31-2025/623052.xbrl,7230ef6a27ca1218cac214670ca353185b8b21d24622fd96917b49890987b452,108044
623454,"BANK AND TRUST, SSB, THE",TX,,12/31/2025,XBRL,2026-06-02T21:42:10.446614+00:00,/Users/adityarajiv/Documents/ffiec-cdr/ONLY_TEXAS_SINCE_2025/archive/call/12-31-2025/623454.xbrl,c3f12385b5c3ace9c18fc82dcc838b69fd5e9a204b5a163a2da14338717c2fdb,109094
625065,CITIZENS STATE BANK,TX,,12/31/2025,XBRL,2026-06-02T21:42:10.446614+00:00,/Users/adityarajiv/Documents/ffiec-cdr/ONLY_TEXAS_SINCE_2025/archive/call/12-31-2025/625065.xbrl,b5ff14cbd8bdfdff91db8337a6a898470ad1094430c181d3efdf533dff2eecb0,109361
625159,COMMERCE BANK,TX,,12/31/2025,XBRL,2026-06-02T21:42:10.446614+00:00,/Users/adityarajiv/Documents/ffiec-cdr/ONLY_TEXAS_SINCE_2025/archive/call/12-31-2025/625159.xbrl,73d10efcf6e62b41fdf7f3424da42e2083f1d3258a211ddda09caabf9dc724dd,130350
629353,FIRST LIBERTY BANK,TX,,12/31/2025,XBRL,2026-06-02T21:42:10.446614+00:00,/Users/adityarajiv/Documents/ffiec-cdr/ONLY_TEXAS_SINCE_2025/archive/call/12-31-2025/629353.xbrl,810ca17b2f526535913dd3cd71951e38c6b279930eb1d8f92b9b20775090a717,109524
630658,"FIRST NATIONAL BANK OF LIVINGSTON, THE",TX,,12/31/2025,XBRL,2026-06-02T21:42:10.446614+00:00,/Users/adityarajiv/Documents/ffiec-cdr/ONLY_TEXAS_SINCE_2025/archive/call/12-31-2025/630658.xbrl,959a31bba2f8efd5b6f4362c885947517b29ef7ad657e54eef5bbc88730d6723,108618
631150,FIRST-LOCKHART NATIONAL BANK,TX,,12/31/2025,XBRL,2026-06-02T21:42:10.446614+00:00,/Users/adityarajiv/Documents/ffiec-cdr/ONLY_TEXAS_SINCE_2025/archive/call/12-31-2025/631150.xbrl,d2eb0cde573a0a949aab4c7bed5302892177a5a81f0ee3e4ab52fbd641f60d9d,73725
637451,PLAINSCAPITAL BANK,TX,,12/31/2025,XBRL,2026-06-02T21:42:10.446614+00:00,/Users/adityarajiv/Documents/ffiec-cdr/ONLY_TEXAS_SINCE_2025/archive/call/12-31-2025/637451.xbrl,14fb39eb3da9980c1fab0676d8bc3642037837dd25fa27f4f23da1cc2539058e,161394
638355,"BANK OF DESOTO, NATIONAL ASSOCIATION",TX,,12/31/2025,XBRL,2026-06-02T21:42:10.446614+00:00,/Users/adityarajiv/Documents/ffiec-cdr/ONLY_TEXAS_SINCE_2025/archive/call/12-31-2025/638355.xbrl,82327a43482ca8b53afce0e163ff5b471f9341a136051379656aee03f554c985,72647
644963,"FIRST NATIONAL BANK OF QUITAQUE, THE",TX,,12/31/2025,XBRL,2026-06-02T21:42:10.446614+00:00,/Users/adityarajiv/Documents/ffiec-cdr/ONLY_TEXAS_SINCE_2025/archive/call/12-31-2025/644963.xbrl,d2c2fbe8aad53dc1237cb10f5c5baeebec78e72b5ccaa2c1bb61aaf449cca8b9,73318
645465,VISTA BANK,TX,,12/31/2025,XBRL,2026-06-02T21:42:10.446614+00:00,/Users/adityarajiv/Documents/ffiec-cdr/ONLY_TEXAS_SINCE_2025/archive/call/12-31-2025/645465.xbrl,d0ddc8471d7689443bc50b32ef11cb25756ad66698998db8d0d868544e6d86b5,135626
648550,FIRST NATIONAL BANK OF DUBLIN,TX,,12/31/2025,XBRL,2026-06-02T21:42:10.446614+00:00,/Users/adityarajiv/Documents/ffiec-cdr/ONLY_TEXAS_SINCE_2025/archive/call/12-31-2025/648550.xbrl,49521959da0d08f58c0a30a23c05c0380513039a51e614364924f316d258e70a,108341
651952,"FIRST NATIONAL BANK OF EAGLE LAKE, THE",TX,,12/31/2025,XBRL,2026-06-02T21:42:10.446614+00:00,/Users/adityarajiv/Documents/ffiec-cdr/ONLY_TEXAS_SINCE_2025/archive/call/12-31-2025/651952.xbrl,9ee4aea51194b7736581b60d8ba4c512d6a21d0d3d9771c9fdd2f7a92daf596c,73505
652874,NEXBANK,TX,,12/31/2025,XBRL,2026-06-02T21:42:10.446614+00:00,/Users/adityarajiv/Documents/ffiec-cdr/ONLY_TEXAS_SINCE_2025/archive/call/12-31-2025/652874.xbrl,451b1f496b25bf3c9d874b35135f38cbab1e27a58e1a4efaa9437a8b28ee4a31,146279
656658,TEXAS FINANCIAL BANK DBA THE EDEN STATE BANK,TX,,12/31/2025,XBRL,2026-06-02T21:42:10.446614+00:00,/Users/adityarajiv/Documents/ffiec-cdr/ONLY_TEXAS_SINCE_2025/archive/call/12-31-2025/656658.xbrl,43f969162616183fa005730400974c93763b68613fb16eaefce150959985eea9,74206
660066,PEOPLES STATE BANK,TX,,12/31/2025,XBRL,2026-06-02T21:42:10.446614+00:00,/Users/adityarajiv/Documents/ffiec-cdr/ONLY_TEXAS_SINCE_2025/archive/call/12-31-2025/660066.xbrl,df220246d46a2429bfb0019389d03c898451ef1f9334a4140fd26b2f4cd496f8,107993
660879,"ANGELINA SAVINGS BANK, SSB",TX,,12/31/2025,XBRL,2026-06-02T21:42:10.446614+00:00,/Users/adityarajiv/Documents/ffiec-cdr/ONLY_TEXAS_SINCE_2025/archive/call/12-31-2025/660879.xbrl,bb06725305a16160528c6ffd87a50bbe3f16bd98a4b6ef6c411a8d6ab5f7beaa,106763
664756,PROSPERITY BANK,TX,,12/31/2025,XBRL,2026-06-02T21:42:10.446614+00:00,/Users/adityarajiv/Documents/ffiec-cdr/ONLY_TEXAS_SINCE_2025/archive/call/12-31-2025/664756.xbrl,5647ef5990eab79f0a4eedba9ffe022d141e27fc5ffd322d803c89e37fc7b85e,160194
665258,"FIRST NATIONAL BANK OF ELDORADO, THE",TX,,12/31/2025,XBRL,2026-06-02T21:42:10.446614+00:00,/Users/adityarajiv/Documents/ffiec-cdr/ONLY_TEXAS_SINCE_2025/archive/call/12-31-2025/665258.xbrl,ec25c9bd2a6580421a818aad97a2d07dcd477b5288aa8f41f8275ef2e864c8c5,73645
665865,ROUND TOP STATE BANK,TX,,12/31/2025,XBRL,2026-06-02T21:42:10.446614+00:00,/Users/adityarajiv/Documents/ffiec-cdr/ONLY_TEXAS_SINCE_2025/archive/call/12-31-2025/665865.xbrl,9c8d681597c1ce1255fa44139c689c1ed94912b5dbc3ea4d1beeedb7425e437d,74414
675079,"FAYETTE SAVINGS BANK, SSB",TX,,12/31/2025,XBRL,2026-06-02T21:42:10.446614+00:00,/Users/adityarajiv/Documents/ffiec-cdr/ONLY_TEXAS_SINCE_2025/archive/call/12-31-2025/675079.xbrl,e014611f62ae7c796b64ff5ef48aaed03696899f7f2ca7ad9598bc62775739cb,73606
678052,"BANK OF SAN JACINTO COUNTY, COLDSPRING, TEXAS, THE",TX,,12/31/2025,XBRL,2026-06-02T21:42:10.446614+00:00,/Users/adityarajiv/Documents/ffiec-cdr/ONLY_TEXAS_SINCE_2025/archive/call/12-31-2025/678052.xbrl,fcb050db07209ec362aba050707530182060aafea52e09604c39d30e52de4762,69806
682563,FROST BANK,TX,,12/31/2025,XBRL,2026-06-02T21:42:10.446614+00:00,/Users/adityarajiv/Documents/ffiec-cdr/ONLY_TEXAS_SINCE_2025/archive/call/12-31-2025/682563.xbrl,8292b781dc5acb931414d9fa6876cf5a132b6b27f34bba570ee3c9e617247e09,161186
697950,CITY NATIONAL BANK,TX,,12/31/2025,XBRL,2026-06-02T21:42:10.446614+00:00,/Users/adityarajiv/Documents/ffiec-cdr/ONLY_TEXAS_SINCE_2025/archive/call/12-31-2025/697950.xbrl,700c9ab72bbaf0ecc9c01583c9809da4388078e946946f0cf1d6828cf03540c3,107358
700252,CITIZENS NATIONAL BANK,TX,,12/31/2025,XBRL,2026-06-02T21:42:10.446614+00:00,/Users/adityarajiv/Documents/ffiec-cdr/ONLY_TEXAS_SINCE_2025/archive/call/12-31-2025/700252.xbrl,b80b5e43208fe92f145c3c0fc5ae0e3c9b5e07d71698130aad3ee20de3cce841,73161
701857,CROWELL STATE BANK,TX,,12/31/2025,XBRL,2026-06-02T21:42:10.446614+00:00,/Users/adityarajiv/Documents/ffiec-cdr/ONLY_TEXAS_SINCE_2025/archive/call/12-31-2025/701857.xbrl,f3a455f03d0f28799cb93afbad2a57451e1c758bc637fc008cc3aee18ef2ae25,73050
703552,"HORIZON BANK, SSB",TX,,12/31/2025,XBRL,2026-06-02T21:42:10.446614+00:00,/Users/adityarajiv/Documents/ffiec-cdr/ONLY_TEXAS_SINCE_2025/archive/call/12-31-2025/703552.xbrl,72adb341630921e2f63922ad1c9fcfe7cfff682bd2a70b87bd47b41df128dafe,122933
714165,"CITY NATIONAL BANK OF SAN SABA, THE",TX,,12/31/2025,XBRL,2026-06-02T21:42:10.446614+00:00,/Users/adityarajiv/Documents/ffiec-cdr/ONLY_TEXAS_SINCE_2025/archive/call/12-31-2025/714165.xbrl,db34f499f99b1af58e048681823d172f23c29f02d485cb2a051eabfc25e834b8,71186
719964,FIRST STATE BANK,TX,,12/31/2025,XBRL,2026-06-02T21:42:10.446614+00:00,/Users/adityarajiv/Documents/ffiec-cdr/ONLY_TEXAS_SINCE_2025/archive/call/12-31-2025/719964.xbrl,f125a71c994f690cde14a291173d1e191e5a3c396deabe6ddd53a61bf31b01cb,73434
726953,UNITED TEXAS BANK,TX,,12/31/2025,XBRL,2026-06-02T21:42:10.446614+00:00,/Users/adityarajiv/Documents/ffiec-cdr/ONLY_TEXAS_SINCE_2025/archive/call/12-31-2025/726953.xbrl,25a071f7174d6055df949af859be5db53f7be30533f53030d4a8e8e3c6a4999e,91084
729178,"CYPRESS BANK, SSB",TX,,12/31/2025,XBRL,2026-06-02T21:42:10.446614+00:00,/Users/adityarajiv/Documents/ffiec-cdr/ONLY_TEXAS_SINCE_2025/archive/call/12-31-2025/729178.xbrl,9796f137cfa7182d1ff3a91cabbab07b4325c99eafe52e6ce9233f061ee01d85,106764
732954,CARMINE STATE BANK,TX,,12/31/2025,XBRL,2026-06-02T21:42:10.446614+00:00,/Users/adityarajiv/Documents/ffiec-cdr/ONLY_TEXAS_SINCE_2025/archive/call/12-31-2025/732954.xbrl,2d20599426d07b1ccbb96c89e904530f3006ed91133b59516dcd1d3aa2fae782,72227
735067,"TEXAS REPUBLIC BANK, NATIONAL ASSOCIATION",TX,,12/31/2025,XBRL,2026-06-02T21:42:10.446614+00:00,/Users/adityarajiv/Documents/ffiec-cdr/ONLY_TEXAS_SINCE_2025/archive/call/12-31-2025/735067.xbrl,627bbac2e62e9108b76aa6f73dec82c3d850592371cfa0e8cab3a51d5b08eee2,108697
738769,COMMUNITY NATIONAL BANK & TRUST OF TEXAS,TX,,12/31/2025,XBRL,2026-06-02T21:42:10.446614+00:00,/Users/adityarajiv/Documents/ffiec-cdr/ONLY_TEXAS_SINCE_2025/archive/call/12-31-2025/738769.xbrl,f53224e5a3aabf493d6f08e764606fb8dedea5ce071443675a1ecc596eacd780,124801
739355,TEXAS NATIONAL BANK OF JACKSONVILLE,TX,,12/31/2025,XBRL,2026-06-02T21:42:10.446614+00:00,/Users/adityarajiv/Documents/ffiec-cdr/ONLY_TEXAS_SINCE_2025/archive/call/12-31-2025/739355.xbrl,419c2c868c5e823c26b4106baa83739ecb09a44b4d6e3dea85200f5bfa4f086c,124471
741068,FIDELITY BANK OF TEXAS,TX,,12/31/2025,XBRL,2026-06-02T21:42:10.446614+00:00,/Users/adityarajiv/Documents/ffiec-cdr/ONLY_TEXAS_SINCE_2025/archive/call/12-31-2025/741068.xbrl,46b1a71e4a3c3c2859ee06ffb4be8bb285f0196bd3b2606473f70d87bca9a1aa,72406
741152,JUNCTION NATIONAL BANK,TX,,12/31/2025,XBRL,2026-06-02T21:42:10.446614+00:00,/Users/adityarajiv/Documents/ffiec-cdr/ONLY_TEXAS_SINCE_2025/archive/call/12-31-2025/741152.xbrl,a48a8e8c739f215d4195c8981c20bdfb2ed55034e1b1600a81102c43a77d913e,107825
742056,CASTROVILLE STATE BANK,TX,,12/31/2025,XBRL,2026-06-02T21:42:10.446614+00:00,/Users/adityarajiv/Documents/ffiec-cdr/ONLY_TEXAS_SINCE_2025/archive/call/12-31-2025/742056.xbrl,294c30fe7284030f0117644c1e90f17812d5e505c9fbedd345c860a627984beb,72711
744854,CITIZENS BANK,TX,,12/31/2025,XBRL,2026-06-02T21:42:10.446614+00:00,/Users/adityarajiv/Documents/ffiec-cdr/ONLY_TEXAS_SINCE_2025/archive/call/12-31-2025/744854.xbrl,90d5686da296528919008924bbaba2879a82dd7a14b81c2daad35b6f009b1e01,118361
748357,GLOBAL ONE BANK,TX,,12/31/2025,XBRL,2026-06-02T21:42:10.446614+00:00,/Users/adityarajiv/Documents/ffiec-cdr/ONLY_TEXAS_SINCE_2025/archive/call/12-31-2025/748357.xbrl,f735c96443d67478330f877038052f2ec5d686c1ca3765f255684b7a6659fa65,107476
748964,TEXAS STATE BANK,TX,,12/31/2025,XBRL,2026-06-02T21:42:10.446614+00:00,/Users/adityarajiv/Documents/ffiec-cdr/ONLY_TEXAS_SINCE_2025/archive/call/12-31-2025/748964.xbrl,1ec498cb0782ad385907707b821ef7157a7e61d16cc200fcd119ff52c16b6294,120885
753856,"DONLEY COUNTY STATE BANK, THE",TX,,12/31/2025,XBRL,2026-06-02T21:42:10.446614+00:00,/Users/adityarajiv/Documents/ffiec-cdr/ONLY_TEXAS_SINCE_2025/archive/call/12-31-2025/753856.xbrl,e3e5347481f0e8bda8f7540d984059e2b7b1a22764da28e0f22d73ac8949c708,107781
761954,COLEMAN COUNTY STATE BANK,TX,,12/31/2025,XBRL,2026-06-02T21:42:10.446614+00:00,/Users/adityarajiv/Documents/ffiec-cdr/ONLY_TEXAS_SINCE_2025/archive/call/12-31-2025/761954.xbrl,ea03362ccd52b5b86c8bea6132193f86093581bc76177e1fb127a5485538ad99,108888
764067,"AMERICAN NATIONAL BANK OF MOUNT PLEASANT, THE",TX,,12/31/2025,XBRL,2026-06-02T21:42:10.446614+00:00,/Users/adityarajiv/Documents/ffiec-cdr/ONLY_TEXAS_SINCE_2025/archive/call/12-31-2025/764067.xbrl,67cc9a8a3b78e24c062e978b021d28d1156a700edda9e821bcaca1be3a8a6ae3,73493
764151,LOVELADY STATE BANK,TX,,12/31/2025,XBRL,2026-06-02T21:42:10.446614+00:00,/Users/adityarajiv/Documents/ffiec-cdr/ONLY_TEXAS_SINCE_2025/archive/call/12-31-2025/764151.xbrl,860dae5b59ed9e79da630db04b935a551b2c46e3b15a8aebacf6b0a58bcbe909,107812
765662,MUENSTER STATE BANK,TX,,12/31/2025,XBRL,2026-06-02T21:42:10.446614+00:00,/Users/adityarajiv/Documents/ffiec-cdr/ONLY_TEXAS_SINCE_2025/archive/call/12-31-2025/765662.xbrl,12f93be9e8528d53af41366a8b220f673b59bf03746062e196d8077eed981471,72494
766164,"TBK BANK, SSB",TX,,12/31/2025,XBRL,2026-06-02T21:42:10.446614+00:00,/Users/adityarajiv/Documents/ffiec-cdr/ONLY_TEXAS_SINCE_2025/archive/call/12-31-2025/766164.xbrl,377842c3ff1197cea925464a8068b83329875a1563eb6b981d6741f787f96a35,136271
767152,"FIRST NATIONAL BANK IN COOPER, THE",TX,,12/31/2025,XBRL,2026-06-02T21:42:10.446614+00:00,/Users/adityarajiv/Documents/ffiec-cdr/ONLY_TEXAS_SINCE_2025/archive/call/12-31-2025/767152.xbrl,60a133d4666766f2c821a7fc19dfdacc3dde29ec4cf999b0146ea9bfda7d9b61,72075
77253,TXN BANK,TX,,12/31/2025,XBRL,2026-06-02T21:42:10.446614+00:00,/Users/adityarajiv/Documents/ffiec-cdr/ONLY_TEXAS_SINCE_2025/archive/call/12-31-2025/77253.xbrl,9074589314abc7e80c723319c59d63b397663b8f786c18e88a18a24c21d863bc,107888
776369,FIRST STATE BANK OF ODEM,TX,,12/31/2025,XBRL,2026-06-02T21:42:10.446614+00:00,/Users/adityarajiv/Documents/ffiec-cdr/ONLY_TEXAS_SINCE_2025/archive/call/12-31-2025/776369.xbrl,f4b02c097b54bfd9d1efff593d61f6e8bc13bf3721444536221b1c575886f6c0,72424
780263,OZONA BANK,TX,,12/31/2025,XBRL,2026-06-02T21:42:10.446614+00:00,/Users/adityarajiv/Documents/ffiec-cdr/ONLY_TEXAS_SINCE_2025/archive/call/12-31-2025/780263.xbrl,151aa3a209a812998eb4fde0fbf2d52443adb38cd1f5144f8d737a17c78c0c42,108637
78157,BANDERA BANK,TX,,12/31/2025,XBRL,2026-06-02T21:42:10.446614+00:00,/Users/adityarajiv/Documents/ffiec-cdr/ONLY_TEXAS_SINCE_2025/archive/call/12-31-2025/78157.xbrl,bea72891b73871c6cf053e2e8d3613d4758c2027ad284fb5328030734a40a594,70254
791072,INTERSTATE BANK,TX,,12/31/2025,XBRL,2026-06-02T21:42:10.446614+00:00,/Users/adityarajiv/Documents/ffiec-cdr/ONLY_TEXAS_SINCE_2025/archive/call/12-31-2025/791072.xbrl,25c26588de3095ab26e862a6f479420ee22f3fef5fed783b0ff4002a2117fc48,73647
792659,NATIONAL BANK & TRUST,TX,,12/31/2025,XBRL,2026-06-02T21:42:10.446614+00:00,/Users/adityarajiv/Documents/ffiec-cdr/ONLY_TEXAS_SINCE_2025/archive/call/12-31-2025/792659.xbrl,3278bc7520b2f47faba2a78bf93afda497e2abf95da8434a4fe3041c6a65c97e,72592
794149,COMMERCIAL NATIONAL BANK OF TEXARKANA,TX,,12/31/2025,XBRL,2026-06-02T21:42:10.446614+00:00,/Users/adityarajiv/Documents/ffiec-cdr/ONLY_TEXAS_SINCE_2025/archive/call/12-31-2025/794149.xbrl,0804c4685a0b47ba444b9656b298299b9364de608b6ffcbc323d6402f4035f91,123261
796152,FIRST STATE BANK,TX,,12/31/2025,XBRL,2026-06-02T21:42:10.446614+00:00,/Users/adityarajiv/Documents/ffiec-cdr/ONLY_TEXAS_SINCE_2025/archive/call/12-31-2025/796152.xbrl,bd9098adc175d65db57004bab841dd6e8c18bcfea38795cb31eb7b1c969b88b4,107492
799854,"CITY NATIONAL BANK OF COLORADO CITY, THE",TX,,12/31/2025,XBRL,2026-06-02T21:42:10.446614+00:00,/Users/adityarajiv/Documents/ffiec-cdr/ONLY_TEXAS_SINCE_2025/archive/call/12-31-2025/799854.xbrl,c0d3a6b723fbeb46104b19cb9d790eef20fd2ea858afbe55769f806558295b50,72885
801654,"FIRST STATE BANK, THE",TX,,12/31/2025,XBRL,2026-06-02T21:42:10.446614+00:00,/Users/adityarajiv/Documents/ffiec-cdr/ONLY_TEXAS_SINCE_2025/archive/call/12-31-2025/801654.xbrl,338e2d6436e3261e479f445adcd53a7e7bfae7520376c09d4e6a184c4f648deb,73449
803265,ROBERT LEE STATE BANK,TX,,12/31/2025,XBRL,2026-06-02T21:42:10.446614+00:00,/Users/adityarajiv/Documents/ffiec-cdr/ONLY_TEXAS_SINCE_2025/archive/call/12-31-2025/803265.xbrl,97d1e583974552906266ef80e226d8de3e80e74e1f142077cf40aea7ae332d57,73474
807955,"AMERICAN BANK, NATIONAL ASSOCIATION",TX,,12/31/2025,XBRL,2026-06-02T21:42:10.446614+00:00,/Users/adityarajiv/Documents/ffiec-cdr/ONLY_TEXAS_SINCE_2025/archive/call/12-31-2025/807955.xbrl,dacb5639170c36300e1ec3225e004e671306680274461a6df8e2489ae85a1fe7,125721
809650,"TEXANA BANK, NATIONAL ASSOCIATION",TX,,12/31/2025,XBRL,2026-06-02T21:42:10.446614+00:00,/Users/adityarajiv/Documents/ffiec-cdr/ONLY_TEXAS_SINCE_2025/archive/call/12-31-2025/809650.xbrl,225a594cf1eeb1d6b21fd586e61d03acb5a22e09d96bbc326bbe4fa9f393a118,125159
811457,"FIRST NATIONAL BANK OF LIPAN, THE",TX,,12/31/2025,XBRL,2026-06-02T21:42:10.446614+00:00,/Users/adityarajiv/Documents/ffiec-cdr/ONLY_TEXAS_SINCE_2025/archive/call/12-31-2025/811457.xbrl,3a321059d795a9d172c412a62fa0784863af8ef3fcf419471a188a39df682e2e,117142
814458,CHARTER BANK,TX,,12/31/2025,XBRL,2026-06-02T21:42:10.446614+00:00,/Users/adityarajiv/Documents/ffiec-cdr/ONLY_TEXAS_SINCE_2025/archive/call/12-31-2025/814458.xbrl,54affb77bab4f01edf2b2abaaf8f92faa3455ff986fa6f44a5dcc8cab0c70346,108454
818652,STOCKMENS NATIONAL BANK IN COTULLA,TX,,12/31/2025,XBRL,2026-06-02T21:42:10.446614+00:00,/Users/adityarajiv/Documents/ffiec-cdr/ONLY_TEXAS_SINCE_2025/archive/call/12-31-2025/818652.xbrl,f0e607ce07d546cbbeb29398f8ab8bfc963642ea655583267047ccf1f692c8bd,82867
819154,FIRST SECURITY STATE BANK,TX,,12/31/2025,XBRL,2026-06-02T21:42:10.446614+00:00,/Users/adityarajiv/Documents/ffiec-cdr/ONLY_TEXAS_SINCE_2025/archive/call/12-31-2025/819154.xbrl,c628aa312f6fc0eb17f51892b6c32a2be2fe0e6e0b6bbd7bd7587bb375585275,107222
819855,PEOPLES BANK,TX,,12/31/2025,XBRL,2026-06-02T21:42:10.446614+00:00,/Users/adityarajiv/Documents/ffiec-cdr/ONLY_TEXAS_SINCE_2025/archive/call/12-31-2025/819855.xbrl,d481246297638b509de714d065ea785df44c260df7388c1e5bcf0e89e1e01653,112472
822556,TEXAS EXCHANGE BANK,TX,,12/31/2025,XBRL,2026-06-02T21:42:10.446614+00:00,/Users/adityarajiv/Documents/ffiec-cdr/ONLY_TEXAS_SINCE_2025/archive/call/12-31-2025/822556.xbrl,8398eb5e09c0d11528f1cfe664e88209e948e00e2bbb09bedf75565791f57327,133325
824653,TEXAS HERITAGE NATIONAL BANK,TX,,12/31/2025,XBRL,2026-06-02T21:42:10.446614+00:00,/Users/adityarajiv/Documents/ffiec-cdr/ONLY_TEXAS_SINCE_2025/archive/call/12-31-2025/824653.xbrl,fd85a01b294945fb133197fe79a6203f6526afefe8d65bc0578a69bee3c14d27,109006
830252,"LYTLE STATE BANK OF LYTLE, TEXAS, THE",TX,,12/31/2025,XBRL,2026-06-02T21:42:10.446614+00:00,/Users/adityarajiv/Documents/ffiec-cdr/ONLY_TEXAS_SINCE_2025/archive/call/12-31-2025/830252.xbrl,7de5235a58fc6a4882b81dfb52dbc2197ef14148fbeaca4db987081ceefd6433,72661
839068,SECURITY STATE BANK,TX,,12/31/2025,XBRL,2026-06-02T21:42:10.446614+00:00,/Users/adityarajiv/Documents/ffiec-cdr/ONLY_TEXAS_SINCE_2025/archive/call/12-31-2025/839068.xbrl,ecc718e3e5f02d8210cca9d74567cfeae7eca89924c9a781903578785956faa4,73657
839974,"GRAHAM SAVINGS AND LOAN, SSB",TX,,12/31/2025,XBRL,2026-06-02T21:42:10.446614+00:00,/Users/adityarajiv/Documents/ffiec-cdr/ONLY_TEXAS_SINCE_2025/archive/call/12-31-2025/839974.xbrl,d242389c49da06716f59b344537e3d7dd3d7cf5e0e9c21525fa2a69c39215ada,107470
840363,FIRSTBANK SOUTHWEST,TX,,12/31/2025,XBRL,2026-06-02T21:42:10.446614+00:00,/Users/adityarajiv/Documents/ffiec-cdr/ONLY_TEXAS_SINCE_2025/archive/call/12-31-2025/840363.xbrl,f73d5e26fd67a49e47baa31ea1bf971d51130f0be43ed1ed8a1abcc7f2d818b5,125274
842460,LONE STAR NATIONAL BANK,TX,,12/31/2025,XBRL,2026-06-02T21:42:10.446614+00:00,/Users/adityarajiv/Documents/ffiec-cdr/ONLY_TEXAS_SINCE_2025/archive/call/12-31-2025/842460.xbrl,42a6891c1649db39d050c9ca918d78e7f061ceefa6503794ccab9591484680a5,144294
844567,POINTBANK,TX,,12/31/2025,XBRL,2026-06-02T21:42:10.446614+00:00,/Users/adityarajiv/Documents/ffiec-cdr/ONLY_TEXAS_SINCE_2025/archive/call/12-31-2025/844567.xbrl,66fab2ca3bba14e20ef37e1333a7fb068dbcc8a6a2b995111f6336f7a0effd61,112335
8462,"PERRYTON NATIONAL BANK, THE",TX,,12/31/2025,XBRL,2026-06-02T21:42:10.446614+00:00,/Users/adityarajiv/Documents/ffiec-cdr/ONLY_TEXAS_SINCE_2025/archive/call/12-31-2025/8462.xbrl,d413b74acba1c7131e75953c96f2d23ebdc1124edb2b77310714093478aa9f94,71868
849076,HENDERSON FEDERAL SAVINGS BANK,TX,,12/31/2025,XBRL,2026-06-02T21:42:10.446614+00:00,/Users/adityarajiv/Documents/ffiec-cdr/ONLY_TEXAS_SINCE_2025/archive/call/12-31-2025/849076.xbrl,afab0cab0a16ce099ee699cb12397e4191e84469949acae7b1d32e51b512beed,71494
849357,"FIRST NATIONAL BANK OF HUGHES SPRINGS, THE",TX,,12/31/2025,XBRL,2026-06-02T21:42:10.446614+00:00,/Users/adityarajiv/Documents/ffiec-cdr/ONLY_TEXAS_SINCE_2025/archive/call/12-31-2025/849357.xbrl,62f14e09648ead5785857274007e2cbafff28050c61f4a394b783f1dde78e00f,108601
851060,ATASCOSA BANK,TX,,12/31/2025,XBRL,2026-06-02T21:42:10.446614+00:00,/Users/adityarajiv/Documents/ffiec-cdr/ONLY_TEXAS_SINCE_2025/archive/call/12-31-2025/851060.xbrl,81f00d2c42579d8d881cd1654eae128f3d27b4eb09d7e8d77bd22df21dd89157,72045
853251,UNITY NATIONAL BANK OF HOUSTON,TX,,12/31/2025,XBRL,2026-06-02T21:42:10.446614+00:00,/Users/adityarajiv/Documents/ffiec-cdr/ONLY_TEXAS_SINCE_2025/archive/call/12-31-2025/853251.xbrl,543def372c8031afd86d74f6e51c525e4f545383e0960bd8bb05ff506bbd4373,107867
855264,FIRST NATIONAL BANK IN PORT LAVACA,TX,,12/31/2025,XBRL,2026-06-02T21:42:10.446614+00:00,/Users/adityarajiv/Documents/ffiec-cdr/ONLY_TEXAS_SINCE_2025/archive/call/12-31-2025/855264.xbrl,9144d36fd623d976306b99c45755112d26fc9ab8c6a9299ff2403864082240ea,83237
856869,POWELL STATE BANK,TX,,12/31/2025,XBRL,2026-06-02T21:42:10.446614+00:00,/Users/adityarajiv/Documents/ffiec-cdr/ONLY_TEXAS_SINCE_2025/archive/call/12-31-2025/856869.xbrl,6334cae6f747ca2b267c109f1164fec4af46fbcdbea59113384c0004e9c6b47d,73422
857455,TEJAS BANK,TX,,12/31/2025,XBRL,2026-06-02T21:42:10.446614+00:00,/Users/adityarajiv/Documents/ffiec-cdr/ONLY_TEXAS_SINCE_2025/archive/call/12-31-2025/857455.xbrl,d9ecaa5db0b8e62bc05b250a560bf613d37580580c3cf72b0d1cdab519adcf1a,107535
859552,BANK OF THE WEST,TX,,12/31/2025,XBRL,2026-06-02T21:42:10.446614+00:00,/Users/adityarajiv/Documents/ffiec-cdr/ONLY_TEXAS_SINCE_2025/archive/call/12-31-2025/859552.xbrl,de4061117351c5cb0ecb2b1e4268f4e9a3f034f568472e87c470840312c2cee2,124526
863362,BRAZOS NATIONAL BANK,TX,,12/31/2025,XBRL,2026-06-02T21:42:10.446614+00:00,/Users/adityarajiv/Documents/ffiec-cdr/ONLY_TEXAS_SINCE_2025/archive/call/12-31-2025/863362.xbrl,a4fd621dafb707868fb82e3f90886b51654c6b45f3be2fb791804ef155cabb56,105772
867650,PINNACLE BANK,TX,,12/31/2025,XBRL,2026-06-02T21:42:10.446614+00:00,/Users/adityarajiv/Documents/ffiec-cdr/ONLY_TEXAS_SINCE_2025/archive/call/12-31-2025/867650.xbrl,5c131e83b8c0a41328404db9d042fbf963230e93159fbffa0c30ea982aa7e5f4,134896
869663,CITIZENS 1ST BANK,TX,,12/31/2025,XBRL,2026-06-02T21:42:10.446614+00:00,/Users/adityarajiv/Documents/ffiec-cdr/ONLY_TEXAS_SINCE_2025/archive/call/12-31-2025/869663.xbrl,8cd798c7e0b71488fa69a9876d27941e764da036fd358ad7b3b7f4ab1ffa8745,108819
871956,"FIRST BANK OF CELESTE, THE",TX,,12/31/2025,XBRL,2026-06-02T21:42:10.446614+00:00,/Users/adityarajiv/Documents/ffiec-cdr/ONLY_TEXAS_SINCE_2025/archive/call/12-31-2025/871956.xbrl,7d6463e673ae9247a8ea995ab044deaa8f777146f9cffbef70af89a730ad92c2,108009
875057,FARMERS STATE BANK,TX,,12/31/2025,XBRL,2026-06-02T21:42:10.446614+00:00,/Users/adityarajiv/Documents/ffiec-cdr/ONLY_TEXAS_SINCE_2025/archive/call/12-31-2025/875057.xbrl,d51505d08053bf40b80bec5e5c93736ceec7207890b0224ba68eb87681bb76ea,108574
875758,FIRST TEXAS BANK,TX,,12/31/2025,XBRL,2026-06-02T21:42:10.446614+00:00,/Users/adityarajiv/Documents/ffiec-cdr/ONLY_TEXAS_SINCE_2025/archive/call/12-31-2025/875758.xbrl,b39b350372056c1e18e0641fa9ad78fc284b5ac5fd7008a31dd9e57e406c41de,107069
88352,FIRST STATE BANK OF BEDIAS,TX,,12/31/2025,XBRL,2026-06-02T21:42:10.446614+00:00,/Users/adityarajiv/Documents/ffiec-cdr/ONLY_TEXAS_SINCE_2025/archive/call/12-31-2025/88352.xbrl,6682eaf2c6a98291f81b8f2d4981433cc7d64a06da0a55c47efe2db21617a71d,84507
884358,FIRST STATE BANK OF LIVINGSTON,TX,,12/31/2025,XBRL,2026-06-02T21:42:10.446614+00:00,/Users/adityarajiv/Documents/ffiec-cdr/ONLY_TEXAS_SINCE_2025/archive/call/12-31-2025/884358.xbrl,19453fe5ca375d68a0b7469f5e8a42bba51b3b3c8960f6cbb723926d5387b0ff,73869
885252,CITIZENS BANK,TX,,12/31/2025,XBRL,2026-06-02T21:42:10.446614+00:00,/Users/adityarajiv/Documents/ffiec-cdr/ONLY_TEXAS_SINCE_2025/archive/call/12-31-2025/885252.xbrl,681af1eb1c25fa84eaa7d1832ebdf5e19adcff5f4d4fa2122eb66c0ac0ee17c9,108041
885869,"COMMERCIAL BANK OF TEXAS, N.A.",TX,,12/31/2025,XBRL,2026-06-02T21:42:10.446614+00:00,/Users/adityarajiv/Documents/ffiec-cdr/ONLY_TEXAS_SINCE_2025/archive/call/12-31-2025/885869.xbrl,f9c9e42535e6475b9caab68b7ec765f1350436182d7dbb4f95c2bf9c4cd0f713,125318
888552,"FIRST STATE BANK, THE",TX,,12/31/2025,XBRL,2026-06-02T21:42:10.446614+00:00,/Users/adityarajiv/Documents/ffiec-cdr/ONLY_TEXAS_SINCE_2025/archive/call/12-31-2025/888552.xbrl,1a2d8c192d403f566c64525610be5ede09f183900ec48a639162fb65dd7d98cd,74616
891253,COLUMBUS STATE BANK,TX,,12/31/2025,XBRL,2026-06-02T21:42:10.446614+00:00,/Users/adityarajiv/Documents/ffiec-cdr/ONLY_TEXAS_SINCE_2025/archive/call/12-31-2025/891253.xbrl,10227025b9488fdf631745a15827413a166b2d754a54ebeb52988e5811a3c659,108169
895055,"FIRST NATIONAL BANK OF MCGREGOR, THE",TX,,12/31/2025,XBRL,2026-06-02T21:42:10.446614+00:00,/Users/adityarajiv/Documents/ffiec-cdr/ONLY_TEXAS_SINCE_2025/archive/call/12-31-2025/895055.xbrl,68701433afcfda50f73e57ee87c741f775a0ee676c022edfc28df8ea60f264f7,118813
898579,"FIRST FEDERAL COMMUNITY BANK, SSB",TX,,12/31/2025,XBRL,2026-06-02T21:42:10.446614+00:00,/Users/adityarajiv/Documents/ffiec-cdr/ONLY_TEXAS_SINCE_2025/archive/call/12-31-2025/898579.xbrl,c9f197b6fead3e83d0e271e2830738338564a2556eeee07f958cdf83ad124ba4,108971
89957,"CENDERA BANK, N.A.",TX,,12/31/2025,XBRL,2026-06-02T21:42:10.446614+00:00,/Users/adityarajiv/Documents/ffiec-cdr/ONLY_TEXAS_SINCE_2025/archive/call/12-31-2025/89957.xbrl,b5ca0e9afea209f3b75c940fbfb58731b84c35111612b0d33b9d79cf834255cc,71867
899651,CITIZENS STATE BANK,TX,,12/31/2025,XBRL,2026-06-02T21:42:10.446614+00:00,/Users/adityarajiv/Documents/ffiec-cdr/ONLY_TEXAS_SINCE_2025/archive/call/12-31-2025/899651.xbrl,0267451952fc97d58c107797613a412ab1b8e679d38073a41fd4b6d41813df3a,83025
901451,CITIZENS NATIONAL BANK OF CROSBYTON,TX,,12/31/2025,XBRL,2026-06-02T21:42:10.446614+00:00,/Users/adityarajiv/Documents/ffiec-cdr/ONLY_TEXAS_SINCE_2025/archive/call/12-31-2025/901451.xbrl,74f65929d169611beea9d86fcf48e8382f8ddda72fc2f0fa5b15224ea9452a33,72865
908861,"TRANSPECOS BANKS, SSB",TX,,12/31/2025,XBRL,2026-06-02T21:42:10.446614+00:00,/Users/adityarajiv/Documents/ffiec-cdr/ONLY_TEXAS_SINCE_2025/archive/call/12-31-2025/908861.xbrl,addfba4bbb7647fce52b983940befc88cb82020a0da666e1dc3a623e64b0db74,89602
911160,PILGRIM BANK,TX,,12/31/2025,XBRL,2026-06-02T21:42:10.446614+00:00,/Users/adityarajiv/Documents/ffiec-cdr/ONLY_TEXAS_SINCE_2025/archive/call/12-31-2025/911160.xbrl,a0469582cd141d873748f6cd5e46747cd5af7b85053370bc651a375cc4db3922,109339
913753,INWOOD NATIONAL BANK,TX,,12/31/2025,XBRL,2026-06-02T21:42:10.446614+00:00,/Users/adityarajiv/Documents/ffiec-cdr/ONLY_TEXAS_SINCE_2025/archive/call/12-31-2025/913753.xbrl,ca5ba94ff0b8aa9f4c0203bf0f3ceaf8e9d0fb05a85ab36e184510ff67a60623,127616
917555,UBANK,TX,,12/31/2025,XBRL,2026-06-02T21:42:10.446614+00:00,/Users/adityarajiv/Documents/ffiec-cdr/ONLY_TEXAS_SINCE_2025/archive/call/12-31-2025/917555.xbrl,1ebf473470366ac211b0db43b3988855e3aa63c79e6d1f486ae62f7e5d66f9ac,74350
919568,FIRST CAPITAL BANK,TX,,12/31/2025,XBRL,2026-06-02T21:42:10.446614+00:00,/Users/adityarajiv/Documents/ffiec-cdr/ONLY_TEXAS_SINCE_2025/archive/call/12-31-2025/919568.xbrl,ff95b61bb7488aec2d1f5363fe5b9337cb484b2c04a7897d6b4d722c7154554b,108674
924058,"JACKSBORO NATIONAL BANK, THE",TX,,12/31/2025,XBRL,2026-06-02T21:42:10.446614+00:00,/Users/adityarajiv/Documents/ffiec-cdr/ONLY_TEXAS_SINCE_2025/archive/call/12-31-2025/924058.xbrl,81293d33bcea7a6e1ac6ce8edf3835c0e4cbce9c5afaac1d14b6f9889bb1ab27,108633
925653,BANK OF TEXAS,TX,,12/31/2025,XBRL,2026-06-02T21:42:10.446614+00:00,/Users/adityarajiv/Documents/ffiec-cdr/ONLY_TEXAS_SINCE_2025/archive/call/12-31-2025/925653.xbrl,49e19ae45f1517093ad4b90c3f22502534b6884fca7a7d5563944120b92e74b8,108401
938859,NEWFIRST NATIONAL BANK,TX,,12/31/2025,XBRL,2026-06-02T21:42:10.446614+00:00,/Users/adityarajiv/Documents/ffiec-cdr/ONLY_TEXAS_SINCE_2025/archive/call/12-31-2025/938859.xbrl,d88e69802094284aa8be77442583cc30f92540ac6390d25dcb8d50855d1d92cf,74082
946555,LLANO NATIONAL BANK,TX,,12/31/2025,XBRL,2026-06-02T21:42:10.446614+00:00,/Users/adityarajiv/Documents/ffiec-cdr/ONLY_TEXAS_SINCE_2025/archive/call/12-31-2025/946555.xbrl,414d27b362aad5a0361fc5c825c4876d5d13cfc30b1c9a44dae52172d80a6d9a,73036
949154,TEXAS BANK AND TRUST COMPANY,TX,,12/31/2025,XBRL,2026-06-02T21:42:10.446614+00:00,/Users/adityarajiv/Documents/ffiec-cdr/ONLY_TEXAS_SINCE_2025/archive/call/12-31-2025/949154.xbrl,ce1b781af30bf5c91efd3705c374624812b5c221b6738889882663875267d877,147307
954653,CITIZENS STATE BANK OF LULING,TX,,12/31/2025,XBRL,2026-06-02T21:42:10.446614+00:00,/Users/adityarajiv/Documents/ffiec-cdr/ONLY_TEXAS_SINCE_2025/archive/call/12-31-2025/954653.xbrl,d34de36eecbfc85b2da89aa7fa265254581448dd83fcc70ddf3963cb244a3594,72068
956750,RIO BANK,TX,,12/31/2025,XBRL,2026-06-02T21:42:10.446614+00:00,/Users/adityarajiv/Documents/ffiec-cdr/ONLY_TEXAS_SINCE_2025/archive/call/12-31-2025/956750.xbrl,d5fd1ec0297fedafc46444d5a547a0efe0ec788217929ad0dce84039282304c2,120924
958763,NORMANGEE STATE BANK,TX,,12/31/2025,XBRL,2026-06-02T21:42:10.446614+00:00,/Users/adityarajiv/Documents/ffiec-cdr/ONLY_TEXAS_SINCE_2025/archive/call/12-31-2025/958763.xbrl,a12b18e993b4a8e7474ac718b92305230cd5cd7efdb681636d13da343811a5ca,107112
964157,VALUEBANK TEXAS,TX,,12/31/2025,XBRL,2026-06-02T21:42:10.446614+00:00,/Users/adityarajiv/Documents/ffiec-cdr/ONLY_TEXAS_SINCE_2025/archive/call/12-31-2025/964157.xbrl,c33a6d1909a4f08128d977e4ee5f2b7b1579f20aef6213665dae98e15d651eff,73947
965789,SUSSER BANK,TX,,12/31/2025,XBRL,2026-06-02T21:42:10.446614+00:00,/Users/adityarajiv/Documents/ffiec-cdr/ONLY_TEXAS_SINCE_2025/archive/call/12-31-2025/965789.xbrl,c4b8aa35901ad22b46aa024ce6751564b1b151d06bac6468fae17d6e0810f84a,136053
969956,ZAVALA COUNTY BANK,TX,,12/31/2025,XBRL,2026-06-02T21:42:10.446614+00:00,/Users/adityarajiv/Documents/ffiec-cdr/ONLY_TEXAS_SINCE_2025/archive/call/12-31-2025/969956.xbrl,4fd2716d87442427c4f791d8a203a047c4468e3d959781c35d759e2f8698db19,105155
971070,"DALHART FEDERAL SAVINGS & LOAN ASSOCIATION, SSB",TX,,12/31/2025,XBRL,2026-06-02T21:42:10.446614+00:00,/Users/adityarajiv/Documents/ffiec-cdr/ONLY_TEXAS_SINCE_2025/archive/call/12-31-2025/971070.xbrl,ff0f570aef341a2dd67dc7f6542bf5b4fb9761280283399ac1fc99ce59b0f5c3,107558
972862,PLAINS STATE BANK,TX,,12/31/2025,XBRL,2026-06-02T21:42:10.446614+00:00,/Users/adityarajiv/Documents/ffiec-cdr/ONLY_TEXAS_SINCE_2025/archive/call/12-31-2025/972862.xbrl,d426d2222f130cd0000ed22508be0dfe6673860b43abcca9969c16de776e3dd0,74598
977652,JOHNSON CITY BANK,TX,,12/31/2025,XBRL,2026-06-02T21:42:10.446614+00:00,/Users/adityarajiv/Documents/ffiec-cdr/ONLY_TEXAS_SINCE_2025/archive/call/12-31-2025/977652.xbrl,d41c42728ebc001c3e5a89a37963ea27be3e32bdd3c1e15c784fe0fb6578d77f,72386
979759,"KARNES COUNTY NATIONAL BANK OF KARNES CITY, THE",TX,,12/31/2025,XBRL,2026-06-02T21:42:10.446614+00:00,/Users/adityarajiv/Documents/ffiec-cdr/ONLY_TEXAS_SINCE_2025/archive/call/12-31-2025/979759.xbrl,6e4e6b6e17e273a728a3c976b59678a847e2772717594e41f8c00d6e0b63feac,108860
980960,BENCHMARK BANK,TX,,12/31/2025,XBRL,2026-06-02T21:42:10.446614+00:00,/Users/adityarajiv/Documents/ffiec-cdr/ONLY_TEXAS_SINCE_2025/archive/call/12-31-2025/980960.xbrl,d91560c18a4799c579f0e25ead34102bc51633cd2e042b19df1ed7aaa6b3e5ea,112028
995955,KRESS NATIONAL BANK,TX,,12/31/2025,XBRL,2026-06-02T21:42:10.446614+00:00,/Users/adityarajiv/Documents/ffiec-cdr/ONLY_TEXAS_SINCE_2025/archive/call/12-31-2025/995955.xbrl,14d3e4eade22490a3833e4f5d3ed0c0f7510d0aca2173bc5f4615cbf7b5faa77,107711
1001152,INTERNATIONAL BANK OF COMMERCE,TX,,3/31/2025,XBRL,2026-06-03T03:30:48.174808+00:00,/Users/adityarajiv/Documents/ffiec-cdr/ONLY_TEXAS_SINCE_2025/archive/call/3-31-2025/1001152.xbrl,acbeacc60d9b4791c4c5cdc53c97ccec0f3ed36096dce89137be3eccd7b3b149,134477
100357,"LEGEND BANK, N. A.",TX,,3/31/2025,XBRL,2026-06-03T03:30:48.174808+00:00,/Users/adityarajiv/Documents/ffiec-cdr/ONLY_TEXAS_SINCE_2025/archive/call/3-31-2025/100357.xbrl,8c3d28a366e17f0164c009176fa953bdb3dc9d5d74f3313566f08fdc07c3d38b,60078
1012251,FIRST STATE BANK AND TRUST COMPANY,TX,,3/31/2025,XBRL,2026-06-03T03:30:48.174808+00:00,/Users/adityarajiv/Documents/ffiec-cdr/ONLY_TEXAS_SINCE_2025/archive/call/3-31-2025/1012251.xbrl,778c0157ee5540d51f8e7abbb3a94ddaf9c19b33c38a083932c4fb73b063114b,59511
1017564,COMMERCIAL STATE BANK,TX,,3/31/2025,XBRL,2026-06-03T03:30:48.174808+00:00,/Users/adityarajiv/Documents/ffiec-cdr/ONLY_TEXAS_SINCE_2025/archive/call/3-31-2025/1017564.xbrl,de26ba2dd63d84f83a02ce80ec199875c01a58d302af9c1766ba372c67f16221,60155
101952,"BRADY NATIONAL BANK, THE",TX,,3/31/2025,XBRL,2026-06-03T03:30:48.174808+00:00,/Users/adityarajiv/Documents/ffiec-cdr/ONLY_TEXAS_SINCE_2025/archive/call/3-31-2025/101952.xbrl,d4fc586f615cba1180e07d8543173f3d20c28dd5929463c8e2be29d15e747ca4,58589
108269,"FIRST NATIONAL BANK OF MOODY, THE",TX,,3/31/2025,XBRL,2026-06-03T03:30:48.174808+00:00,/Users/adityarajiv/Documents/ffiec-cdr/ONLY_TEXAS_SINCE_2025/archive/call/3-31-2025/108269.xbrl,2f0cfc62baaa1b6ad64260f0091ae4eca12343a372c2b2ca7e050c4f70141853,58172
112163,"GUARANTY BANK & TRUST, N.A.",TX,,3/31/2025,XBRL,2026-06-03T03:30:48.174808+00:00,/Users/adityarajiv/Documents/ffiec-cdr/ONLY_TEXAS_SINCE_2025/archive/call/3-31-2025/112163.xbrl,e39a693529163aae215e0b601f0a1648c4080048a1485d1dccfb9207f2876cb6,138351
1157415,STATE BANK OF TEXAS,TX,,3/31/2025,XBRL,2026-06-03T03:30:48.174808+00:00,/Users/adityarajiv/Documents/ffiec-cdr/ONLY_TEXAS_SINCE_2025/archive/call/3-31-2025/1157415.xbrl,c7dbc8775b1c1e43c42998a9dd302fc4be2b01ab34b5ad076b269027c570eb4c,59350
1176881,XD BANK,TX,,3/31/2025,XBRL,2026-06-03T03:30:48.174808+00:00,/Users/adityarajiv/Documents/ffiec-cdr/ONLY_TEXAS_SINCE_2025/archive/call/3-31-2025/1176881.xbrl,7e13c1e981df5862727ce8d1e9011ccb82b2b569a100bb43f4718d0689d1c9f4,123688
1293078,PEOPLES BANK,TX,,3/31/2025,XBRL,2026-06-03T03:30:48.174808+00:00,/Users/adityarajiv/Documents/ffiec-cdr/ONLY_TEXAS_SINCE_2025/archive/call/3-31-2025/1293078.xbrl,196754852f540dbf3fc1c558caa776fd6a44951936aa6723040af9c98fcd76e7,58272
138257,"FIRST NATIONAL BANK OF ASPERMONT, THE",TX,,3/31/2025,XBRL,2026-06-03T03:30:48.174808+00:00,/Users/adityarajiv/Documents/ffiec-cdr/ONLY_TEXAS_SINCE_2025/archive/call/3-31-2025/138257.xbrl,63a89499672544aaa6a840fd462e677c18d2d7831a8ff3f4f3ff4fd27943a4f2,58586
1429028,"KEYSTONE BANK, SSB",TX,,3/31/2025,XBRL,2026-06-03T03:30:48.174808+00:00,/Users/adityarajiv/Documents/ffiec-cdr/ONLY_TEXAS_SINCE_2025/archive/call/3-31-2025/1429028.xbrl,21f0d062cee446cfc7d2458296ad1c58548d231628248d22986193f86f931747,60358
1435092,TEXAS NATIONAL BANK,TX,,3/31/2025,XBRL,2026-06-03T03:30:48.174808+00:00,/Users/adityarajiv/Documents/ffiec-cdr/ONLY_TEXAS_SINCE_2025/archive/call/3-31-2025/1435092.xbrl,028e8623b4750be890125b8ac81d590b64a2db7431dc3a31516276c130e56ea9,60154
1447639,WESTSTAR BANK,TX,,3/31/2025,XBRL,2026-06-03T03:30:48.174808+00:00,/Users/adityarajiv/Documents/ffiec-cdr/ONLY_TEXAS_SINCE_2025/archive/call/3-31-2025/1447639.xbrl,f2a18840954a02760da00f3dd713e15e73d8b3ea2622a27e5348a266ea923472,61064
14977,"FIRST FEDERAL BANK LITTLEFIELD, TEXAS, SSB",TX,,3/31/2025,XBRL,2026-06-03T03:30:48.174808+00:00,/Users/adityarajiv/Documents/ffiec-cdr/ONLY_TEXAS_SINCE_2025/archive/call/3-31-2025/14977.xbrl,f7b0bc59fdd14320e5efc3e27ac4e5f7dcb098ffadafce02bf9c6335776d11ea,81251
160454,"FIRST NATIONAL BANK OF BALLINGER, THE",TX,,3/31/2025,XBRL,2026-06-03T03:30:48.174808+00:00,/Users/adityarajiv/Documents/ffiec-cdr/ONLY_TEXAS_SINCE_2025/archive/call/3-31-2025/160454.xbrl,705fc1c465392fe5dc431eebab906495c138e045d82e12edc83ec344c7f4fb2e,59225
1669,"LIBERTY NATIONAL BANK IN PARIS, THE",TX,,3/31/2025,XBRL,2026-06-03T03:30:48.174808+00:00,/Users/adityarajiv/Documents/ffiec-cdr/ONLY_TEXAS_SINCE_2025/archive/call/3-31-2025/1669.xbrl,20b40a500a9347fff358b44f6842f73d03540ffbe287be7eef4f6149a4df39b8,57441
169354,"STATE NATIONAL BANK OF BIG SPRING, THE",TX,,3/31/2025,XBRL,2026-06-03T03:30:48.174808+00:00,/Users/adityarajiv/Documents/ffiec-cdr/ONLY_TEXAS_SINCE_2025/archive/call/3-31-2025/169354.xbrl,236ab3e2bb6f63d353551750a453f9f41911945e6a397c7c3df9623cb60d0ae0,58602
170257,HASKELL NATIONAL BANK,TX,,3/31/2025,XBRL,2026-06-03T03:30:48.174808+00:00,/Users/adityarajiv/Documents/ffiec-cdr/ONLY_TEXAS_SINCE_2025/archive/call/3-31-2025/170257.xbrl,f94705a292b64207ade0389f27528ff06a1eab41b5089d75de59c544210f673b,59327
171768,"SOUTHSTAR BANK, S.S.B.",TX,,3/31/2025,XBRL,2026-06-03T03:30:48.174808+00:00,/Users/adityarajiv/Documents/ffiec-cdr/ONLY_TEXAS_SINCE_2025/archive/call/3-31-2025/171768.xbrl,d888d023579942670f3f6c0a4488780687cdb71934910078711e4b6750837add,60683
173959,"FIRST NATIONAL BANK OF HEBBRONVILLE, THE",TX,,3/31/2025,XBRL,2026-06-03T03:30:48.174808+00:00,/Users/adityarajiv/Documents/ffiec-cdr/ONLY_TEXAS_SINCE_2025/archive/call/3-31-2025/173959.xbrl,30c971bdb2bf8f2b049a69e3f9024a80ade85d86dc0c7247f3e9a7254a8258f6,58589
174367,COMMERCE BANK TEXAS,TX,,3/31/2025,XBRL,2026-06-03T03:30:48.174808+00:00,/Users/adityarajiv/Documents/ffiec-cdr/ONLY_TEXAS_SINCE_2025/archive/call/3-31-2025/174367.xbrl,fbe7484c88089d34e25d441f122d44de74f9783a698950619b9c3b271679819c,57712
176464,ALLIANCE BANK,TX,,3/31/2025,XBRL,2026-06-03T03:30:48.174808+00:00,/Users/adityarajiv/Documents/ffiec-cdr/ONLY_TEXAS_SINCE_2025/archive/call/3-31-2025/176464.xbrl,4fd6e4c20ab68a4b7a32e0531a01d8262e3135d88f565569e86fac9b86493eba,60488
18050,"FIRST NATIONAL BANK OF BASTROP, THE",TX,,3/31/2025,XBRL,2026-06-03T03:30:48.174808+00:00,/Users/adityarajiv/Documents/ffiec-cdr/ONLY_TEXAS_SINCE_2025/archive/call/3-31-2025/18050.xbrl,1377bf099fcc13b106a1ebeaa9f551fc72e9022280d315707243036a08ffffdb,59328
181963,"CITY NATIONAL BANK OF TAYLOR, THE",TX,,3/31/2025,XBRL,2026-06-03T03:30:48.174808+00:00,/Users/adityarajiv/Documents/ffiec-cdr/ONLY_TEXAS_SINCE_2025/archive/call/3-31-2025/181963.xbrl,7d37f489519d900ac9431d1dfdb0197ec8755232534c90203877a25bcf342b73,58965
182951,"CLASSIC BANK, NATIONAL ASSOCIATION",TX,,3/31/2025,XBRL,2026-06-03T03:30:48.174808+00:00,/Users/adityarajiv/Documents/ffiec-cdr/ONLY_TEXAS_SINCE_2025/archive/call/3-31-2025/182951.xbrl,d377d46766ef38813ffbd30962b69cab4639b6ae0bb7f386a11a1246ae856096,59862
184656,"CITIZENS NATIONAL BANK OF HILLSBORO, THE",TX,,3/31/2025,XBRL,2026-06-03T03:30:48.174808+00:00,/Users/adityarajiv/Documents/ffiec-cdr/ONLY_TEXAS_SINCE_2025/archive/call/3-31-2025/184656.xbrl,051a222726e095ca8772e6d665e99a94a34aa88ed9b18e773544e306e56131cd,116296
1893049,"CHARLES SCHWAB PREMIER BANK, SSB",TX,,3/31/2025,XBRL,2026-06-03T03:30:48.174808+00:00,/Users/adityarajiv/Documents/ffiec-cdr/ONLY_TEXAS_SINCE_2025/archive/call/3-31-2025/1893049.xbrl,4de5b2b8d1e20d17e9633e563ab6bee751c207ad429e155d3e80682aeba60b1d,164913
190563,FIRST STATE BANK OF TEXAS,TX,,3/31/2025,XBRL,2026-06-03T03:30:48.174808+00:00,/Users/adityarajiv/Documents/ffiec-cdr/ONLY_TEXAS_SINCE_2025/archive/call/3-31-2025/190563.xbrl,625dd3c72a60db637e823e99251775744fc180c2cdb831963b6cc5a93b8a235e,58448
193162,"FIRST NATIONAL BANK OF TOM BEAN, THE",TX,,3/31/2025,XBRL,2026-06-03T03:30:48.174808+00:00,/Users/adityarajiv/Documents/ffiec-cdr/ONLY_TEXAS_SINCE_2025/archive/call/3-31-2025/193162.xbrl,912cb7b40b8bfbe91aa291a4b9e956b9d4a225eabaf9cd07bde4877ab9afee3a,59464
198961,FIRST NATIONAL BANK OF BOSQUE COUNTY,TX,,3/31/2025,XBRL,2026-06-03T03:30:48.174808+00:00,/Users/adityarajiv/Documents/ffiec-cdr/ONLY_TEXAS_SINCE_2025/archive/call/3-31-2025/198961.xbrl,cf3b45421cd533642eda6027f6ea83515355811e4300b65f94223ccea69488af,58632
199463,WESTERN BANK,TX,,3/31/2025,XBRL,2026-06-03T03:30:48.174808+00:00,/Users/adityarajiv/Documents/ffiec-cdr/ONLY_TEXAS_SINCE_2025/archive/call/3-31-2025/199463.xbrl,12ace6fd75af76a59174960eefefd037cfa1e79021d501c80533e1ce623ac4c6,58675
215662,AMERICAN BANK OF COMMERCE,TX,,3/31/2025,XBRL,2026-06-03T03:30:48.174808+00:00,/Users/adityarajiv/Documents/ffiec-cdr/ONLY_TEXAS_SINCE_2025/archive/call/3-31-2025/215662.xbrl,4c5eaaf1fe94ef66ca50d66fd949b4222cc0cd22308392e570811fcfd452f089,131469
2161,LAMAR NATIONAL BANK,TX,,3/31/2025,XBRL,2026-06-03T03:30:48.174808+00:00,/Users/adityarajiv/Documents/ffiec-cdr/ONLY_TEXAS_SINCE_2025/archive/call/3-31-2025/2161.xbrl,3fa645542e9a88c34d9ca12dca50427396f136412fc2ba1999b50ae01ab6a4c1,57915
216164,FIRST STATE BANK,TX,,3/31/2025,XBRL,2026-06-03T03:30:48.174808+00:00,/Users/adityarajiv/Documents/ffiec-cdr/ONLY_TEXAS_SINCE_2025/archive/call/3-31-2025/216164.xbrl,58df1cb0547c79c0cda9981056ed42123a7f3e6275e6956dec5f8009a293615a,59548
218261,ZAPATA NATIONAL BANK,TX,,3/31/2025,XBRL,2026-06-03T03:30:48.174808+00:00,/Users/adityarajiv/Documents/ffiec-cdr/ONLY_TEXAS_SINCE_2025/archive/call/3-31-2025/218261.xbrl,a4c2b1a57fa8c9753c1768148dd79633cd839b3de4af543201e4864770b3ce99,57613
227357,"BRENHAM NATIONAL BANK, THE",TX,,3/31/2025,XBRL,2026-06-03T03:30:48.174808+00:00,/Users/adityarajiv/Documents/ffiec-cdr/ONLY_TEXAS_SINCE_2025/archive/call/3-31-2025/227357.xbrl,0e0b3ff5041cc4a31a4f4cb7886e912766ea555d12b9d9ad0c25626dfbcf5e61,59807
229454,FIRST STATE BANK OF BROWNSBORO,TX,,3/31/2025,XBRL,2026-06-03T03:30:48.174808+00:00,/Users/adityarajiv/Documents/ffiec-cdr/ONLY_TEXAS_SINCE_2025/archive/call/3-31-2025/229454.xbrl,363c3654362556f018932d8df9a633654170876a81d68a24686e8c23844899d2,57716
230759,INTERNATIONAL BANK OF COMMERCE,TX,,3/31/2025,XBRL,2026-06-03T03:30:48.174808+00:00,/Users/adityarajiv/Documents/ffiec-cdr/ONLY_TEXAS_SINCE_2025/archive/call/3-31-2025/230759.xbrl,03def0d633a62a0756df01dbc3f86872ec0986b0934cb2c126921ed10a53dca8,131987
232856,TEXASBANK,TX,,3/31/2025,XBRL,2026-06-03T03:30:48.174808+00:00,/Users/adityarajiv/Documents/ffiec-cdr/ONLY_TEXAS_SINCE_2025/archive/call/3-31-2025/232856.xbrl,7d78c86e15bda222f6e7774028f080ccce4cf502039fe81f4a8fd577675b3580,60760
233358,CITIZENS NATIONAL BANK AT BROWNWOOD,TX,,3/31/2025,XBRL,2026-06-03T03:30:48.174808+00:00,/Users/adityarajiv/Documents/ffiec-cdr/ONLY_TEXAS_SINCE_2025/archive/call/3-31-2025/233358.xbrl,2e81bcd394d665091158e0c812b2b346c9e9076e7b9d288e59033609a6895854,58963
2362458,"WELLS FARGO BANK SOUTH CENTRAL, NATIONAL ASSOCIATION",TX,,3/31/2025,XBRL,2026-06-03T03:30:48.174808+00:00,/Users/adityarajiv/Documents/ffiec-cdr/ONLY_TEXAS_SINCE_2025/archive/call/3-31-2025/2362458.xbrl,bb144654f9281e6fd425a19cab9d40e395381ee8f6870e72007e2b6068d87757,150639
237066,WEST TEXAS NATIONAL BANK,TX,,3/31/2025,XBRL,2026-06-03T03:30:48.174808+00:00,/Users/adityarajiv/Documents/ffiec-cdr/ONLY_TEXAS_SINCE_2025/archive/call/3-31-2025/237066.xbrl,1144f255bb27fad41f1a88581ca71b0c197579b413400b8ae97d4516aff207d2,131644
239659,FIRST BANK,TX,,3/31/2025,XBRL,2026-06-03T03:30:48.174808+00:00,/Users/adityarajiv/Documents/ffiec-cdr/ONLY_TEXAS_SINCE_2025/archive/call/3-31-2025/239659.xbrl,e1932fe4ea283aaf43035cab9849a6f3609d48d4d0244b1c207f90bd8e6e3dc3,60916
240954,FIRST NATIONAL BANK OF BURLESON,TX,,3/31/2025,XBRL,2026-06-03T03:30:48.174808+00:00,/Users/adityarajiv/Documents/ffiec-cdr/ONLY_TEXAS_SINCE_2025/archive/call/3-31-2025/240954.xbrl,d82ca881d757098a9d167a77489edf64047bc7edc0873e25dbdef90022b93278,57734
247355,SECURITY STATE BANK & TRUST,TX,,3/31/2025,XBRL,2026-06-03T03:30:48.174808+00:00,/Users/adityarajiv/Documents/ffiec-cdr/ONLY_TEXAS_SINCE_2025/archive/call/3-31-2025/247355.xbrl,0bb7ea2d8dcc854da2dd0e22a92d6050e9ec994993a2b1f97c7cd0d9716a7711,59966
2490285,FIRST NATIONAL BANK,TX,,3/31/2025,XBRL,2026-06-03T03:30:48.174808+00:00,/Users/adityarajiv/Documents/ffiec-cdr/ONLY_TEXAS_SINCE_2025/archive/call/3-31-2025/2490285.xbrl,762d96b7f2dbd747900140cc3f5e074e30e9e1fb9204fd07369babd75867a1db,59773
253356,MOODY NATIONAL BANK,TX,,3/31/2025,XBRL,2026-06-03T03:30:48.174808+00:00,/Users/adityarajiv/Documents/ffiec-cdr/ONLY_TEXAS_SINCE_2025/archive/call/3-31-2025/253356.xbrl,b3199b22c96073e93445a84b696d79d159c244f857f4b0291c11efb89514808f,102319
2568063,FIRST COMMAND BANK,TX,,3/31/2025,XBRL,2026-06-03T03:30:48.174808+00:00,/Users/adityarajiv/Documents/ffiec-cdr/ONLY_TEXAS_SINCE_2025/archive/call/3-31-2025/2568063.xbrl,b8faed6751aa0b67a04f83578c88009ce4524003cac126f55846816b0d960dba,65977
2597223,"LEGACY TRUST COMPANY, NATIONAL ASSOCIATION",TX,,3/31/2025,XBRL,2026-06-03T03:30:48.174808+00:00,/Users/adityarajiv/Documents/ffiec-cdr/ONLY_TEXAS_SINCE_2025/archive/call/3-31-2025/2597223.xbrl,745322668bfece7686a51ead0f9ce93e88817af2fe8cffdd3ee04887d87e0ec9,61407
2597232,"HIGHTOWER TRUST COMPANY, NATIONAL ASSOCIATION, THE",TX,,3/31/2025,XBRL,2026-06-03T03:30:48.174808+00:00,/Users/adityarajiv/Documents/ffiec-cdr/ONLY_TEXAS_SINCE_2025/archive/call/3-31-2025/2597232.xbrl,29bd261e7a24d316a7f78c35ab5c6fdda97580ef57215c473e786f27d7c8b6e7,60091
261360,CITIZENS STATE BANK,TX,,3/31/2025,XBRL,2026-06-03T03:30:48.174808+00:00,/Users/adityarajiv/Documents/ffiec-cdr/ONLY_TEXAS_SINCE_2025/archive/call/3-31-2025/261360.xbrl,67db69369517b7959739c78aacd69fd91bda6c71cbbabd0b5ee69dbecc25d381,59109
2618780,TEXAS CAPITAL BANK,TX,,3/31/2025,XBRL,2026-06-03T03:30:48.174808+00:00,/Users/adityarajiv/Documents/ffiec-cdr/ONLY_TEXAS_SINCE_2025/archive/call/3-31-2025/2618780.xbrl,d9849d657ef355ead928189e1b823b5c6aa482d51da0de276ec9fab3be89208a,152912
262358,AMERICAN STATE BANK,TX,,3/31/2025,XBRL,2026-06-03T03:30:48.174808+00:00,/Users/adityarajiv/Documents/ffiec-cdr/ONLY_TEXAS_SINCE_2025/archive/call/3-31-2025/262358.xbrl,e1cb1b4d9242d3713e8d1c2891f4830b29f99e1af9e8f13c50be946edc289169,59925
2625724,SOUTHWESTERN NATIONAL BANK,TX,,3/31/2025,XBRL,2026-06-03T03:30:48.174808+00:00,/Users/adityarajiv/Documents/ffiec-cdr/ONLY_TEXAS_SINCE_2025/archive/call/3-31-2025/2625724.xbrl,9624b30373569ee0762c4e77ac3b681dfee1c8512f431c4fa3cb216a61b3ae2b,60165
264455,FIRST STATE BANK,TX,,3/31/2025,XBRL,2026-06-03T03:30:48.174808+00:00,/Users/adityarajiv/Documents/ffiec-cdr/ONLY_TEXAS_SINCE_2025/archive/call/3-31-2025/264455.xbrl,d6807501b11113c1e8c4a7ca0bccfc3da27721e571fec114d4a91b6d11736243,58715
26765,VANTAGE BANK TEXAS,TX,,3/31/2025,XBRL,2026-06-03T03:30:48.174808+00:00,/Users/adityarajiv/Documents/ffiec-cdr/ONLY_TEXAS_SINCE_2025/archive/call/3-31-2025/26765.xbrl,03b8064488c7ce20b56d2320e3656d5a1a52c82d718966daca06377121a775a4,59746
2694681,AMERICAN FIRST NATIONAL BANK,TX,,3/31/2025,XBRL,2026-06-03T03:30:48.174808+00:00,/Users/adityarajiv/Documents/ffiec-cdr/ONLY_TEXAS_SINCE_2025/archive/call/3-31-2025/2694681.xbrl,1f9e54cdd5596aa9e4bcf3090a2c229774d95e7ab9853b15dabac3340cc524bc,60474
272151,"GRANGER NATIONAL BANK, THE",TX,,3/31/2025,XBRL,2026-06-03T03:30:48.174808+00:00,/Users/adityarajiv/Documents/ffiec-cdr/ONLY_TEXAS_SINCE_2025/archive/call/3-31-2025/272151.xbrl,75cd2611431a016e6aebe43ed7c307b2bfddcd5b3ffce602d08ef1f9e2b142e7,58187
273662,FIRST STATE BANK OF UVALDE,TX,,3/31/2025,XBRL,2026-06-03T03:30:48.174808+00:00,/Users/adityarajiv/Documents/ffiec-cdr/ONLY_TEXAS_SINCE_2025/archive/call/3-31-2025/273662.xbrl,3dab754202363a07d81a3ac8e8e6fa3ff3a93c49253b584b1d3692684cf04fc8,59037
2759629,"FIRST NATIONAL BANK OF HEREFORD, THE",TX,,3/31/2025,XBRL,2026-06-03T03:30:48.174808+00:00,/Users/adityarajiv/Documents/ffiec-cdr/ONLY_TEXAS_SINCE_2025/archive/call/3-31-2025/2759629.xbrl,42c56c73939322007bcf9611ba8ad17d6652ff6394aa499d072e5426ccfe0bd6,60045
2788656,"LONE STAR CAPITAL BANK, NATIONAL ASSOCIATION",TX,,3/31/2025,XBRL,2026-06-03T03:30:48.174808+00:00,/Users/adityarajiv/Documents/ffiec-cdr/ONLY_TEXAS_SINCE_2025/archive/call/3-31-2025/2788656.xbrl,ed0c077b7fdb66a0e419ebbb6592420d313510c68deb8ce8c5b30e9b9dd8a6c0,60427
279,"BROADSTREET BANK, SSB",TX,,3/31/2025,XBRL,2026-06-03T03:30:48.174808+00:00,/Users/adityarajiv/Documents/ffiec-cdr/ONLY_TEXAS_SINCE_2025/archive/call/3-31-2025/279.xbrl,947e1ba412c119cda13861402da061dbc409648b3e1ca8efc72fc90c112aa099,57558
283867,WALLIS BANK,TX,,3/31/2025,XBRL,2026-06-03T03:30:48.174808+00:00,/Users/adityarajiv/Documents/ffiec-cdr/ONLY_TEXAS_SINCE_2025/archive/call/3-31-2025/283867.xbrl,8ddafca0c9916e072ed7708195995728a4112eff7138a389face7b1142631cfe,59967
2891622,"CORNERSTONE CAPITAL BANK, SSB",TX,,3/31/2025,XBRL,2026-06-03T03:30:48.174808+00:00,/Users/adityarajiv/Documents/ffiec-cdr/ONLY_TEXAS_SINCE_2025/archive/call/3-31-2025/2891622.xbrl,585c1217534e384a469e142a2c7f8c3e5d9b884322cb22d8b35ef1819a81bcaa,135674
292467,POINTWEST BANK,TX,,3/31/2025,XBRL,2026-06-03T03:30:48.174808+00:00,/Users/adityarajiv/Documents/ffiec-cdr/ONLY_TEXAS_SINCE_2025/archive/call/3-31-2025/292467.xbrl,6cf9863a79b6d473910765af1b4132187d2294c16ec1c1761bd13743dc5268cb,59128
293053,COMMUNITY NATIONAL BANK,TX,,3/31/2025,XBRL,2026-06-03T03:30:48.174808+00:00,/Users/adityarajiv/Documents/ffiec-cdr/ONLY_TEXAS_SINCE_2025/archive/call/3-31-2025/293053.xbrl,5ff3f84ddd42e93cbe6c17c61e5fb81faa665045c0cb0840a08c3cdd5388eb8e,60058
296755,CITIZENS STATE BANK,TX,,3/31/2025,XBRL,2026-06-03T03:30:48.174808+00:00,/Users/adityarajiv/Documents/ffiec-cdr/ONLY_TEXAS_SINCE_2025/archive/call/3-31-2025/296755.xbrl,3451bc83cb5a1d0a31335b173049659053a74bace82f84ad996aba9659b25cc0,58577
30052,AMISTAD BANK,TX,,3/31/2025,XBRL,2026-06-03T03:30:48.174808+00:00,/Users/adityarajiv/Documents/ffiec-cdr/ONLY_TEXAS_SINCE_2025/archive/call/3-31-2025/30052.xbrl,a18ca686c261a494be6bc38582cd694dc6f520faf824ffa1c51f020ba1a5ca35,57017
303653,FIRST STATE BANK OF BURNET,TX,,3/31/2025,XBRL,2026-06-03T03:30:48.174808+00:00,/Users/adityarajiv/Documents/ffiec-cdr/ONLY_TEXAS_SINCE_2025/archive/call/3-31-2025/303653.xbrl,6cd780d83a694ed7916f3a1d1b9741fb976daf947d1a5a0c6658c4a087d193fe,57796
3042234,"BANK OF BRENHAM, NATIONAL ASSOCIATION",TX,,3/31/2025,XBRL,2026-06-03T03:30:48.174808+00:00,/Users/adityarajiv/Documents/ffiec-cdr/ONLY_TEXAS_SINCE_2025/archive/call/3-31-2025/3042234.xbrl,1150c765741b6a48f83f21430d2efee3340cd9730322b44c4d65f850748f8731,88359
304762,VICTORY BANK,TX,,3/31/2025,XBRL,2026-06-03T03:30:48.174808+00:00,/Users/adityarajiv/Documents/ffiec-cdr/ONLY_TEXAS_SINCE_2025/archive/call/3-31-2025/304762.xbrl,cf8e693432f5fb993a33da44885a1b0f93b9fba96166f25a9c79bbe796716d1d,59322
305059,"FIRST STATE BANK, THE",TX,,3/31/2025,XBRL,2026-06-03T03:30:48.174808+00:00,/Users/adityarajiv/Documents/ffiec-cdr/ONLY_TEXAS_SINCE_2025/archive/call/3-31-2025/305059.xbrl,16705ef74f7b4a86fc332c0dccda74bfb9f37bfe953f3ee2753bd7ee8a00323c,59112
307361,AMERICAN BANK NATIONAL ASSOCIATION,TX,,3/31/2025,XBRL,2026-06-03T03:30:48.174808+00:00,/Users/adityarajiv/Documents/ffiec-cdr/ONLY_TEXAS_SINCE_2025/archive/call/3-31-2025/307361.xbrl,1edcd0ea10bbcc45209ff13c28c0f1800fb6be508825237bb846c347ac4751b9,59729
311265,"YOAKUM NATIONAL BANK, THE",TX,,3/31/2025,XBRL,2026-06-03T03:30:48.174808+00:00,/Users/adityarajiv/Documents/ffiec-cdr/ONLY_TEXAS_SINCE_2025/archive/call/3-31-2025/311265.xbrl,ed19a0c47db7a8faefb97610bd4d87693303d12c4d999ff885288b4f4a371940,58696
31255,CENTRAL BANK,TX,,3/31/2025,XBRL,2026-06-03T03:30:48.174808+00:00,/Users/adityarajiv/Documents/ffiec-cdr/ONLY_TEXAS_SINCE_2025/archive/call/3-31-2025/31255.xbrl,3c130e80b656a2563eff126f0e356875896e64d02808ad136b2c8fa7df7afeb2,130859
3134399,PRIMEBANK OF TEXAS,TX,,3/31/2025,XBRL,2026-06-03T03:30:48.174808+00:00,/Users/adityarajiv/Documents/ffiec-cdr/ONLY_TEXAS_SINCE_2025/archive/call/3-31-2025/3134399.xbrl,d7d34cd0acdfd3a61583be720768178ff79884d5e660335e4434fffda9c192ec,58693
3150205,WORTHINGTON BANK,TX,,3/31/2025,XBRL,2026-06-03T03:30:48.174808+00:00,/Users/adityarajiv/Documents/ffiec-cdr/ONLY_TEXAS_SINCE_2025/archive/call/3-31-2025/3150205.xbrl,67796a6b8d026776e0f4ba2a3f033a7ca6553a35022eceeea2da497274390b42,60065
3150447,"CHARLES SCHWAB BANK, SSB",TX,,3/31/2025,XBRL,2026-06-03T03:30:48.174808+00:00,/Users/adityarajiv/Documents/ffiec-cdr/ONLY_TEXAS_SINCE_2025/archive/call/3-31-2025/3150447.xbrl,011b3ceb45aa706eb6ba018a643dd7420007dfe081bd1820a741ef8fbc176083,168696
31657,"FIRST STATE BANK OF BEN WHEELER, TEXAS",TX,,3/31/2025,XBRL,2026-06-03T03:30:48.174808+00:00,/Users/adityarajiv/Documents/ffiec-cdr/ONLY_TEXAS_SINCE_2025/archive/call/3-31-2025/31657.xbrl,f73e2ba83a4b73e6addde8bf71455805623466a8917beb02020a94ca31edb323,57808
3166699,TOLLESON PRIVATE BANK,TX,,3/31/2025,XBRL,2026-06-03T03:30:48.174808+00:00,/Users/adityarajiv/Documents/ffiec-cdr/ONLY_TEXAS_SINCE_2025/archive/call/3-31-2025/3166699.xbrl,46c57752ac29beb8d7031b3734aef23d8a3854a39c5be32c015f4fb203c2b625,65692
317650,"CITIZENS STATE BANK, GANADO, TEXAS",TX,,3/31/2025,XBRL,2026-06-03T03:30:48.174808+00:00,/Users/adityarajiv/Documents/ffiec-cdr/ONLY_TEXAS_SINCE_2025/archive/call/3-31-2025/317650.xbrl,5a801b345dd356a700582f827746083ed490fa86be07975ae839a9aee9c95baf,58398
3185896,"TRINITY BANK, NATIONAL ASSOCIATION",TX,,3/31/2025,XBRL,2026-06-03T03:30:48.174808+00:00,/Users/adityarajiv/Documents/ffiec-cdr/ONLY_TEXAS_SINCE_2025/archive/call/3-31-2025/3185896.xbrl,2e5483798a28d13855715a62fa8d51724d1b7cf8318154f9d2399e7a5508b20c,59869
3221468,VERITEX COMMUNITY BANK,TX,,3/31/2025,XBRL,2026-06-03T03:30:48.174808+00:00,/Users/adityarajiv/Documents/ffiec-cdr/ONLY_TEXAS_SINCE_2025/archive/call/3-31-2025/3221468.xbrl,863ead066006de9438f40f612335ef9baef70adcbc038c11092c8accea618e36,148015
323651,GILMER NATIONAL BANK,TX,,3/31/2025,XBRL,2026-06-03T03:30:48.174808+00:00,/Users/adityarajiv/Documents/ffiec-cdr/ONLY_TEXAS_SINCE_2025/archive/call/3-31-2025/323651.xbrl,051712414710026d6dd257c6174a5315ed1cc4da3daf3aa1116475e6cbf6c676,59699
324153,FIRST NATIONAL BANK OF GIDDINGS,TX,,3/31/2025,XBRL,2026-06-03T03:30:48.174808+00:00,/Users/adityarajiv/Documents/ffiec-cdr/ONLY_TEXAS_SINCE_2025/archive/call/3-31-2025/324153.xbrl,3bcd14bab043f182eccee9cc856337fab5aa38abd98a308668fd684628d887df,58700
32766,LAKESIDE BANK,TX,,3/31/2025,XBRL,2026-06-03T03:30:48.174808+00:00,/Users/adityarajiv/Documents/ffiec-cdr/ONLY_TEXAS_SINCE_2025/archive/call/3-31-2025/32766.xbrl,fbbf90a5bdf34485b5c1a28d23c72949db11eaac98c19a2578c94803f4a79492,57780
327855,CIERA BANK,TX,,3/31/2025,XBRL,2026-06-03T03:30:48.174808+00:00,/Users/adityarajiv/Documents/ffiec-cdr/ONLY_TEXAS_SINCE_2025/archive/call/3-31-2025/327855.xbrl,6828c36be2751c4efc6f9ef128b55fc7af71fa10a57462bd1bfbef9afd6f41f4,59804
328357,"TITAN BANK, N.A.",TX,,3/31/2025,XBRL,2026-06-03T03:30:48.174808+00:00,/Users/adityarajiv/Documents/ffiec-cdr/ONLY_TEXAS_SINCE_2025/archive/call/3-31-2025/328357.xbrl,ab40755057563988c59fe6373f06e5924cb6e4f085fccab14fc157e92c6a8e17,127273
3284445,"T BANK, NATIONAL ASSOCIATION",TX,,3/31/2025,XBRL,2026-06-03T03:30:48.174808+00:00,/Users/adityarajiv/Documents/ffiec-cdr/ONLY_TEXAS_SINCE_2025/archive/call/3-31-2025/3284445.xbrl,59279b3f21401a6bbb477f1117cd1efe242ac33d00c2634672906593cb35d6c9,67032
3296859,ONE WORLD BANK,TX,,3/31/2025,XBRL,2026-06-03T03:30:48.174808+00:00,/Users/adityarajiv/Documents/ffiec-cdr/ONLY_TEXAS_SINCE_2025/archive/call/3-31-2025/3296859.xbrl,0c47e4ed8c7d1bfc826392342f80e97b60aa938bb2f51860d599e41c105e130a,58531
3297490,HARMONY BANK,TX,,3/31/2025,XBRL,2026-06-03T03:30:48.174808+00:00,/Users/adityarajiv/Documents/ffiec-cdr/ONLY_TEXAS_SINCE_2025/archive/call/3-31-2025/3297490.xbrl,2300e83f93cda4f8d69e9807cbb5675108855590ba1b5849401982e956092fee,60455
329952,"FIRST NATIONAL BANK OF GRANBURY, THE",TX,,3/31/2025,XBRL,2026-06-03T03:30:48.174808+00:00,/Users/adityarajiv/Documents/ffiec-cdr/ONLY_TEXAS_SINCE_2025/archive/call/3-31-2025/329952.xbrl,dd829f06fc8836faab71af6c3a7c644df95b4dd6d8a66c0074c43f9d00a762bb,87354
333856,GRANDVIEW BANK,TX,,3/31/2025,XBRL,2026-06-03T03:30:48.174808+00:00,/Users/adityarajiv/Documents/ffiec-cdr/ONLY_TEXAS_SINCE_2025/archive/call/3-31-2025/333856.xbrl,821d166686b72cc68a2651f9573d327c1dce7b0b789fcb9e1af678d83c3ee53d,59663
334264,FIRST COMMUNITY BANK,TX,,3/31/2025,XBRL,2026-06-03T03:30:48.174808+00:00,/Users/adityarajiv/Documents/ffiec-cdr/ONLY_TEXAS_SINCE_2025/archive/call/3-31-2025/334264.xbrl,570c9ac0cc1f15d1a8e441f44747316a913602528097e9ab42b430ae3eff0ff8,58839
3347911,AUSTIN CAPITAL BANK SSB,TX,,3/31/2025,XBRL,2026-06-03T03:30:48.174808+00:00,/Users/adityarajiv/Documents/ffiec-cdr/ONLY_TEXAS_SINCE_2025/archive/call/3-31-2025/3347911.xbrl,cfe059d4ef854f5bdb6c20eb9eba11d67b406ea4e72ea2450b4a1ea680ec59c0,60316
336361,SANGER BANK,TX,,3/31/2025,XBRL,2026-06-03T03:30:48.174808+00:00,/Users/adityarajiv/Documents/ffiec-cdr/ONLY_TEXAS_SINCE_2025/archive/call/3-31-2025/336361.xbrl,0ae22aafbdbfc412e169d0ddef8bff4ca6337d0a4aada8bae351500fb45949f6,58704
339072,"COLONIAL SAVINGS, FA",TX,,3/31/2025,XBRL,2026-06-03T03:30:48.174808+00:00,/Users/adityarajiv/Documents/ffiec-cdr/ONLY_TEXAS_SINCE_2025/archive/call/3-31-2025/339072.xbrl,1df95eab6c5867b546beca02af59cba6c1754551c98481f5282d223e2e63a5dc,130180
339456,FIRST COMMUNITY BANK,TX,,3/31/2025,XBRL,2026-06-03T03:30:48.174808+00:00,/Users/adityarajiv/Documents/ffiec-cdr/ONLY_TEXAS_SINCE_2025/archive/call/3-31-2025/339456.xbrl,40b4703ee706193640aa8529986bef30cb3bbb970f30ece928fa7eadbf9db4dc,121665
340751,CLEAR FORK BANK NATIONAL ASSOCIATION,TX,,3/31/2025,XBRL,2026-06-03T03:30:48.174808+00:00,/Users/adityarajiv/Documents/ffiec-cdr/ONLY_TEXAS_SINCE_2025/archive/call/3-31-2025/340751.xbrl,fe3da21665380931cc2612be41504371d0b5102dda7d15d97347d2cf4dccba3c,59062
342362,"FIRST NATIONAL BANK OF SHINER, THE",TX,,3/31/2025,XBRL,2026-06-03T03:30:48.174808+00:00,/Users/adityarajiv/Documents/ffiec-cdr/ONLY_TEXAS_SINCE_2025/archive/call/3-31-2025/342362.xbrl,ae57006539921316399dc6674f44ec43f5a52bb6d652e26b32af24cc9c60b229,87512
3447576,AMERICAN MOMENTUM BANK,TX,,3/31/2025,XBRL,2026-06-03T03:30:48.174808+00:00,/Users/adityarajiv/Documents/ffiec-cdr/ONLY_TEXAS_SINCE_2025/archive/call/3-31-2025/3447576.xbrl,4024143de0f293514a092b50de89d808dd454b333ec6bd3183b7a7e4b23c45d0,61263
3448162,LONE STAR BANK,TX,,3/31/2025,XBRL,2026-06-03T03:30:48.174808+00:00,/Users/adityarajiv/Documents/ffiec-cdr/ONLY_TEXAS_SINCE_2025/archive/call/3-31-2025/3448162.xbrl,c6093615a76b68d89b7e41515025d1617b63e352d0b17f7857880049fb1834a3,59306
3463875,AUSTIN COUNTY STATE BANK,TX,,3/31/2025,XBRL,2026-06-03T03:30:48.174808+00:00,/Users/adityarajiv/Documents/ffiec-cdr/ONLY_TEXAS_SINCE_2025/archive/call/3-31-2025/3463875.xbrl,dedf06d39a646cca089c96dc1d93d7e7c9f28c3fa7708231a99017a9354af127,59702
3465392,PEGASUS BANK,TX,,3/31/2025,XBRL,2026-06-03T03:30:48.174808+00:00,/Users/adityarajiv/Documents/ffiec-cdr/ONLY_TEXAS_SINCE_2025/archive/call/3-31-2025/3465392.xbrl,5e7bdd8782e7ee50e7091fa917bd1086eb3220ad23015208bdeb51fbec94e023,132186
346566,FIRST NATIONAL BANK OF SOUTH PADRE ISLAND,TX,,3/31/2025,XBRL,2026-06-03T03:30:48.174808+00:00,/Users/adityarajiv/Documents/ffiec-cdr/ONLY_TEXAS_SINCE_2025/archive/call/3-31-2025/346566.xbrl,5399fee28d40dbcfd7817fb656a6512230319ce03c6a9e7c1998c0325e63c23d,57784
3472046,FRONTIER BANK OF TEXAS,TX,,3/31/2025,XBRL,2026-06-03T03:30:48.174808+00:00,/Users/adityarajiv/Documents/ffiec-cdr/ONLY_TEXAS_SINCE_2025/archive/call/3-31-2025/3472046.xbrl,108258f7ffbba9be099231dc7c3bc60f0111334fb1b63afa049c847c2a9967d1,59517
3479018,"COMMUNITY BANK, THE",TX,,3/31/2025,XBRL,2026-06-03T03:30:48.174808+00:00,/Users/adityarajiv/Documents/ffiec-cdr/ONLY_TEXAS_SINCE_2025/archive/call/3-31-2025/3479018.xbrl,ce4b7ceb34bde6d858b4da5ddc86dc4acce3dca535bc8a5619fcf97c48d075e1,59566
3485215,"TEXAS ADVANTAGE COMMUNITY BANK, NATIONAL ASSOCIATION",TX,,3/31/2025,XBRL,2026-06-03T03:30:48.174808+00:00,/Users/adityarajiv/Documents/ffiec-cdr/ONLY_TEXAS_SINCE_2025/archive/call/3-31-2025/3485215.xbrl,56d29468c0d38fbd757691f8c8602d8d9dd0e35be2ab3b4aeb9deca90b7b5cdd,59414
352651,BOC BANK,TX,,3/31/2025,XBRL,2026-06-03T03:30:48.174808+00:00,/Users/adityarajiv/Documents/ffiec-cdr/ONLY_TEXAS_SINCE_2025/archive/call/3-31-2025/352651.xbrl,efd0c2838fc83507007bc837d78bd506fff8319bbc960c0c97315c6dee07ca62,58906
353555,AMARILLO NATIONAL BANK,TX,,3/31/2025,XBRL,2026-06-03T03:30:48.174808+00:00,/Users/adityarajiv/Documents/ffiec-cdr/ONLY_TEXAS_SINCE_2025/archive/call/3-31-2025/353555.xbrl,b4a4909c20ce765810fff1cb4d4ffb23c1924def70d7668616aaffe5082c1396,139064
3548567,TEXAS PARTNERS BANK,TX,,3/31/2025,XBRL,2026-06-03T03:30:48.174808+00:00,/Users/adityarajiv/Documents/ffiec-cdr/ONLY_TEXAS_SINCE_2025/archive/call/3-31-2025/3548567.xbrl,3efc3dcd9d74d15dadedfefaba8a122e2c314344accaf253905fc984905de6d7,61220
3579589,STELLAR BANK,TX,,3/31/2025,XBRL,2026-06-03T03:30:48.174808+00:00,/Users/adityarajiv/Documents/ffiec-cdr/ONLY_TEXAS_SINCE_2025/archive/call/3-31-2025/3579589.xbrl,a40020d8976e729e7bf8eb57b1cca3d4b56ca5766c5ea13bbd99ab3a6db8c0a0,146676
361167,SOUTHSIDE BANK,TX,,3/31/2025,XBRL,2026-06-03T03:30:48.174808+00:00,/Users/adityarajiv/Documents/ffiec-cdr/ONLY_TEXAS_SINCE_2025/archive/call/3-31-2025/361167.xbrl,df8653b81802499cee284d8b1a1bf1c4f1fcb1fa5521ade608bd77bc0ba46fba,139916
3619216,TEXAS SECURITY BANK,TX,,3/31/2025,XBRL,2026-06-03T03:30:48.174808+00:00,/Users/adityarajiv/Documents/ffiec-cdr/ONLY_TEXAS_SINCE_2025/archive/call/3-31-2025/3619216.xbrl,25794179bd410569d4f37041af832602578ab703feaadbd5065e2ca24d032b6b,60330
362155,"FIRST NATIONAL BANK OF ANDERSON, THE",TX,,3/31/2025,XBRL,2026-06-03T03:30:48.174808+00:00,/Users/adityarajiv/Documents/ffiec-cdr/ONLY_TEXAS_SINCE_2025/archive/call/3-31-2025/362155.xbrl,c98d96883a29fd0d30ef54dc66c596f5c0064fa4701941f1d743ba65f4f4a7e3,57944
362856,"BIG BEND BANKS, N.A. DBA MARFA NATIONAL BANK, THE",TX,,3/31/2025,XBRL,2026-06-03T03:30:48.174808+00:00,/Users/adityarajiv/Documents/ffiec-cdr/ONLY_TEXAS_SINCE_2025/archive/call/3-31-2025/362856.xbrl,76ed09c10b88773548a7ca62e31e22feaa3399ac973c183370b68256a6944658,58162
3630323,THIRD COAST BANK,TX,,3/31/2025,XBRL,2026-06-03T03:30:48.174808+00:00,/Users/adityarajiv/Documents/ffiec-cdr/ONLY_TEXAS_SINCE_2025/archive/call/3-31-2025/3630323.xbrl,f0c416c36766d03a490b46bf539c12f0fd414f12b1d851045deabb0b635e3836,62132
3635551,GUADALUPE BANK,TX,,3/31/2025,XBRL,2026-06-03T03:30:48.174808+00:00,/Users/adityarajiv/Documents/ffiec-cdr/ONLY_TEXAS_SINCE_2025/archive/call/3-31-2025/3635551.xbrl,59aecab9a9b0391b7a4472a5991cc15810793cc10145d208494b1cd7c696d522,59613
366359,"FIRST NATIONAL BANK OF ANSON, THE",TX,,3/31/2025,XBRL,2026-06-03T03:30:48.174808+00:00,/Users/adityarajiv/Documents/ffiec-cdr/ONLY_TEXAS_SINCE_2025/archive/call/3-31-2025/366359.xbrl,7c4bf21695115a5bb4d9f4a32803a818589f4a2b2b37590bf58674d902dfd235,59083
368054,MASON BANK,TX,,3/31/2025,XBRL,2026-06-03T03:30:48.174808+00:00,/Users/adityarajiv/Documents/ffiec-cdr/ONLY_TEXAS_SINCE_2025/archive/call/3-31-2025/368054.xbrl,5ee8c120aabc328f0325be2dad1d150f4ce92659ca73de19b89716cc95718052,58608
3690121,LIBERTY CAPITAL BANK,TX,,3/31/2025,XBRL,2026-06-03T03:30:48.174808+00:00,/Users/adityarajiv/Documents/ffiec-cdr/ONLY_TEXAS_SINCE_2025/archive/call/3-31-2025/3690121.xbrl,f90103c31ec4828df6f21f092b01f66358b5c6d78abd27edbc1a489a83a25047,59855
369659,FIRST NATIONAL BANK OF CENTRAL TEXAS,TX,,3/31/2025,XBRL,2026-06-03T03:30:48.174808+00:00,/Users/adityarajiv/Documents/ffiec-cdr/ONLY_TEXAS_SINCE_2025/archive/call/3-31-2025/369659.xbrl,76bbaa03bc2690f73ceb3e27d3fb76853d7dfd6d3378ead313c225f9e8453708,59922
370954,"COWBOY BANK OF TEXAS, THE",TX,,3/31/2025,XBRL,2026-06-03T03:30:48.174808+00:00,/Users/adityarajiv/Documents/ffiec-cdr/ONLY_TEXAS_SINCE_2025/archive/call/3-31-2025/370954.xbrl,36d85b48edfcd93e427da08da8d08bd016cb71eb62c9e97fa9ee94c00288784e,58381
371362,WELLINGTON STATE BANK,TX,,3/31/2025,XBRL,2026-06-03T03:30:48.174808+00:00,/Users/adityarajiv/Documents/ffiec-cdr/ONLY_TEXAS_SINCE_2025/archive/call/3-31-2025/371362.xbrl,5c6e8edd8aaea215dad7d2c798caff4935570ee729bc13198c29a703a204b60d,59564
373553,FIRST BANK AND TRUST OF MEMPHIS,TX,,3/31/2025,XBRL,2026-06-03T03:30:48.174808+00:00,/Users/adityarajiv/Documents/ffiec-cdr/ONLY_TEXAS_SINCE_2025/archive/call/3-31-2025/373553.xbrl,6f2594ea9efb3749d159d8623c0214bfb0153f065ab57449a51a5f08089c5d87,58934
375566,FIRST NATIONAL BANK,TX,,3/31/2025,XBRL,2026-06-03T03:30:48.174808+00:00,/Users/adityarajiv/Documents/ffiec-cdr/ONLY_TEXAS_SINCE_2025/archive/call/3-31-2025/375566.xbrl,c7ada7bacba1b28686c5baf452d86bedf049ed6a6263f749a88747262bb64c6b,61217
375650,MENARD BANK,TX,,3/31/2025,XBRL,2026-06-03T03:30:48.174808+00:00,/Users/adityarajiv/Documents/ffiec-cdr/ONLY_TEXAS_SINCE_2025/archive/call/3-31-2025/375650.xbrl,a37353a01cee34982754db6e8261ce67fbbe00f8a4f34d7641cc509974338c67,58338
377663,FANNIN BANK,TX,,3/31/2025,XBRL,2026-06-03T03:30:48.174808+00:00,/Users/adityarajiv/Documents/ffiec-cdr/ONLY_TEXAS_SINCE_2025/archive/call/3-31-2025/377663.xbrl,e2f804b3b655aa15faf81064e3d7a049d2ff792b46235099c8ff634b056f07d8,114823
379153,"FIRST NATIONAL BANK OF EVANT, THE",TX,,3/31/2025,XBRL,2026-06-03T03:30:48.174808+00:00,/Users/adityarajiv/Documents/ffiec-cdr/ONLY_TEXAS_SINCE_2025/archive/call/3-31-2025/379153.xbrl,b354df71bc68e1065178014ab4305ccf4f6135b7fac876878143aaaafdad1c79,58301
380458,TEXAS REGIONAL BANK,TX,,3/31/2025,XBRL,2026-06-03T03:30:48.174808+00:00,/Users/adityarajiv/Documents/ffiec-cdr/ONLY_TEXAS_SINCE_2025/archive/call/3-31-2025/380458.xbrl,4becc4d282522195f938c220e8de8de05e3418cd196b108a2b722c4fbedc42ba,60946
382069,INTERNATIONAL BANK OF COMMERCE,TX,,3/31/2025,XBRL,2026-06-03T03:30:48.174808+00:00,/Users/adityarajiv/Documents/ffiec-cdr/ONLY_TEXAS_SINCE_2025/archive/call/3-31-2025/382069.xbrl,77178d68e480a70742b6b80a94c3aba6ba576578ad8602b3afb84903c22bbc19,127352
3821037,R BANK,TX,,3/31/2025,XBRL,2026-06-03T03:30:48.174808+00:00,/Users/adityarajiv/Documents/ffiec-cdr/ONLY_TEXAS_SINCE_2025/archive/call/3-31-2025/3821037.xbrl,a637bbaea66e32b26e9efe9040ea1cc0ff81481a25760c8ae1a9f136581e34b7,125926
3821626,"MINT NATIONAL BANK, THE",TX,,3/31/2025,XBRL,2026-06-03T03:30:48.174808+00:00,/Users/adityarajiv/Documents/ffiec-cdr/ONLY_TEXAS_SINCE_2025/archive/call/3-31-2025/3821626.xbrl,b9c68a803e78fec092c359540480de9e2b3a528820aa34adec06497e59bf1580,59346
384652,"DALLAS CAPITAL BANK, NATIONAL ASSOCIATION",TX,,3/31/2025,XBRL,2026-06-03T03:30:48.174808+00:00,/Users/adityarajiv/Documents/ffiec-cdr/ONLY_TEXAS_SINCE_2025/archive/call/3-31-2025/384652.xbrl,3edd58e14f6e35bbdfdcb8ce58bba7d213ce85e80de6f34c6a5874b162898bdb,59366
389358,SECURITY STATE BANK,TX,,3/31/2025,XBRL,2026-06-03T03:30:48.174808+00:00,/Users/adityarajiv/Documents/ffiec-cdr/ONLY_TEXAS_SINCE_2025/archive/call/3-31-2025/389358.xbrl,1e0acabaee9cd0a0c3dbbb6fc05f35198b0f0312c3793b619a7c0f80defc5645,58486
393252,FIRST TEXAS NATIONAL BANK,TX,,3/31/2025,XBRL,2026-06-03T03:30:48.174808+00:00,/Users/adityarajiv/Documents/ffiec-cdr/ONLY_TEXAS_SINCE_2025/archive/call/3-31-2025/393252.xbrl,7adf684668a014a92fcd27db50f91673de0b864c2e63e5ac42f132d2da65155b,58730
393953,"HOMETOWN BANK, NATIONAL ASSOCIATION",TX,,3/31/2025,XBRL,2026-06-03T03:30:48.174808+00:00,/Users/adityarajiv/Documents/ffiec-cdr/ONLY_TEXAS_SINCE_2025/archive/call/3-31-2025/393953.xbrl,fd8adeb4a8720ee34d02b3d6742ee584cbf628a767bccf33c0beb36270b17d45,59407
396954,"PECOS COUNTY STATE BANK, THE",TX,,3/31/2025,XBRL,2026-06-03T03:30:48.174808+00:00,/Users/adityarajiv/Documents/ffiec-cdr/ONLY_TEXAS_SINCE_2025/archive/call/3-31-2025/396954.xbrl,c50baf2fc0650a7fee9b759dd6f8a933cf6e62d2e24d013304a91b5c8f3edb2f,58828
397456,FIRST NATIONAL BANK OF FORT STOCKTON,TX,,3/31/2025,XBRL,2026-06-03T03:30:48.174808+00:00,/Users/adityarajiv/Documents/ffiec-cdr/ONLY_TEXAS_SINCE_2025/archive/call/3-31-2025/397456.xbrl,405990877d6f756be158ee264d2982480c86943643b303787c12738402bf0ceb,82944
400365,"FIRST COMMERCIAL BANK, NATIONAL ASSOCIATION",TX,,3/31/2025,XBRL,2026-06-03T03:30:48.174808+00:00,/Users/adityarajiv/Documents/ffiec-cdr/ONLY_TEXAS_SINCE_2025/archive/call/3-31-2025/400365.xbrl,b1f9e7156e8b72934315d6c03916f2970421933260d012fcf25dd7a93f6f6927,59797
404653,DOMINION BANK,TX,,3/31/2025,XBRL,2026-06-03T03:30:48.174808+00:00,/Users/adityarajiv/Documents/ffiec-cdr/ONLY_TEXAS_SINCE_2025/archive/call/3-31-2025/404653.xbrl,06e91b5155fc505a80247a1e5aaf156ae793ac79b4c80d65b4b1da4c1487e3cc,59286
406059,NBT FINANCIAL BANK,TX,,3/31/2025,XBRL,2026-06-03T03:30:48.174808+00:00,/Users/adityarajiv/Documents/ffiec-cdr/ONLY_TEXAS_SINCE_2025/archive/call/3-31-2025/406059.xbrl,d15b1c4e028279a66a2dd0e6966eeb791ff5e91bb5d92c42a9d20b2bdb692df3,59795
406666,WEST TEXAS STATE BANK,TX,,3/31/2025,XBRL,2026-06-03T03:30:48.174808+00:00,/Users/adityarajiv/Documents/ffiec-cdr/ONLY_TEXAS_SINCE_2025/archive/call/3-31-2025/406666.xbrl,9ce898544d0c8198d3e01355535589edaf210bad9dbe1858e19d3f9b74e667b2,58307
407168,FIRST STATE BANK,TX,,3/31/2025,XBRL,2026-06-03T03:30:48.174808+00:00,/Users/adityarajiv/Documents/ffiec-cdr/ONLY_TEXAS_SINCE_2025/archive/call/3-31-2025/407168.xbrl,575cf5f41d998107d84c0069fc2394773b0a787472a971eb594ebd209f137177,58903
409265,SPUR SECURITY BANK,TX,,3/31/2025,XBRL,2026-06-03T03:30:48.174808+00:00,/Users/adityarajiv/Documents/ffiec-cdr/ONLY_TEXAS_SINCE_2025/archive/call/3-31-2025/409265.xbrl,377c1ca72bec93a63b1f4503797aa3b4f35ed276d6239fddde91b18bca4a7368,58417
410560,FIRST STATE BANK,TX,,3/31/2025,XBRL,2026-06-03T03:30:48.174808+00:00,/Users/adityarajiv/Documents/ffiec-cdr/ONLY_TEXAS_SINCE_2025/archive/call/3-31-2025/410560.xbrl,b440619327eadde25489f6b0203cd4a81b36218db909e65802222e15ea46baf9,59182
411062,"FIRST NATIONAL BANK OF STERLING CITY, THE",TX,,3/31/2025,XBRL,2026-06-03T03:30:48.174808+00:00,/Users/adityarajiv/Documents/ffiec-cdr/ONLY_TEXAS_SINCE_2025/archive/call/3-31-2025/411062.xbrl,0b6b5a026506acd685cf724bd2520bc4510b9fb32519267169d64c55745e3f4d,59116
412667,SUNDOWN STATE BANK,TX,,3/31/2025,XBRL,2026-06-03T03:30:48.174808+00:00,/Users/adityarajiv/Documents/ffiec-cdr/ONLY_TEXAS_SINCE_2025/archive/call/3-31-2025/412667.xbrl,7c0469de159f269a27ef3bbb566122bff8f0507d4ca3d34ef7fee0aaadb7fd53,59248
412751,WOODFOREST NATIONAL BANK,TX,,3/31/2025,XBRL,2026-06-03T03:30:48.174808+00:00,/Users/adityarajiv/Documents/ffiec-cdr/ONLY_TEXAS_SINCE_2025/archive/call/3-31-2025/412751.xbrl,5259733717627b783ff4334933279f7d5bbc246eef81154fe1a912438f630472,132854
414764,TEXAS BANK,TX,,3/31/2025,XBRL,2026-06-03T03:30:48.174808+00:00,/Users/adityarajiv/Documents/ffiec-cdr/ONLY_TEXAS_SINCE_2025/archive/call/3-31-2025/414764.xbrl,f6e7e05436a79d68a9f58e80448f734f4df4b6780854d1d03a6b3a7f97707156,59155
414858,"INCOMMONS BANK, NATIONAL ASSOCIATION",TX,,3/31/2025,XBRL,2026-06-03T03:30:48.174808+00:00,/Users/adityarajiv/Documents/ffiec-cdr/ONLY_TEXAS_SINCE_2025/archive/call/3-31-2025/414858.xbrl,2fe35532cd43bf2c4b8051ed6f75e35b42a467ab432a14bb301863002c5f2fb2,59570
419460,CAPTEX BANK,TX,,3/31/2025,XBRL,2026-06-03T03:30:48.174808+00:00,/Users/adityarajiv/Documents/ffiec-cdr/ONLY_TEXAS_SINCE_2025/archive/call/3-31-2025/419460.xbrl,346e51945f8b00386b962509118072802e9b168e9349ffbfde75aa9f3872dec7,59564
42354,"COMMERCIAL NATIONAL BANK OF BRADY, THE",TX,,3/31/2025,XBRL,2026-06-03T03:30:48.174808+00:00,/Users/adityarajiv/Documents/ffiec-cdr/ONLY_TEXAS_SINCE_2025/archive/call/3-31-2025/42354.xbrl,dd9dea3e3b5ffcdcf1d417dd8019c0bf6254b9d2824dfbaf1cb9fb836a658292,58946
424352,ANAHUAC NATIONAL BANK,TX,,3/31/2025,XBRL,2026-06-03T03:30:48.174808+00:00,/Users/adityarajiv/Documents/ffiec-cdr/ONLY_TEXAS_SINCE_2025/archive/call/3-31-2025/424352.xbrl,14775b5ea11e2dd2350283672fae309d9d2374c851c7b1c7efe59b210c7faa9a,59255
426057,SPECTRA BANK,TX,,3/31/2025,XBRL,2026-06-03T03:30:48.174808+00:00,/Users/adityarajiv/Documents/ffiec-cdr/ONLY_TEXAS_SINCE_2025/archive/call/3-31-2025/426057.xbrl,3e394acd91ba6d51f4325754d66260c52c83db1f14b5c5b5b6ec79e27a7dd8f1,57730
428060,CENTRAL NATIONAL BANK,TX,,3/31/2025,XBRL,2026-06-03T03:30:48.174808+00:00,/Users/adityarajiv/Documents/ffiec-cdr/ONLY_TEXAS_SINCE_2025/archive/call/3-31-2025/428060.xbrl,e19ac2deaeff5c647c4239bf9c9b9cee43dbb9ba68daa55babeb25a337c3277d,60388
432058,FREEDOM BANK,TX,,3/31/2025,XBRL,2026-06-03T03:30:48.174808+00:00,/Users/adityarajiv/Documents/ffiec-cdr/ONLY_TEXAS_SINCE_2025/archive/call/3-31-2025/432058.xbrl,2d5b680905172efb4b5dcb9286e68052fbb4faddba1012cf6df6e041b845f6a4,57785
435059,ENNIS STATE BANK,TX,,3/31/2025,XBRL,2026-06-03T03:30:48.174808+00:00,/Users/adityarajiv/Documents/ffiec-cdr/ONLY_TEXAS_SINCE_2025/archive/call/3-31-2025/435059.xbrl,e0bac9d5a160369719beba1a4f19e473f5d2cac8adfb4ec8f1a02e4ed0cd4d40,59101
435666,SECURITY BANK OF TEXAS,TX,,3/31/2025,XBRL,2026-06-03T03:30:48.174808+00:00,/Users/adityarajiv/Documents/ffiec-cdr/ONLY_TEXAS_SINCE_2025/archive/call/3-31-2025/435666.xbrl,26600e88f3ca79a3be5ae2739ed270a3ce70db4c700731c82c79065b5e7eb164,57872
435750,FIRST STATE BANK,TX,,3/31/2025,XBRL,2026-06-03T03:30:48.174808+00:00,/Users/adityarajiv/Documents/ffiec-cdr/ONLY_TEXAS_SINCE_2025/archive/call/3-31-2025/435750.xbrl,6c000ff611a65116161db81580c3d8e55c48ef88d8103062878dd88c03135397,131914
43959,BRIDGE CITY STATE BANK,TX,,3/31/2025,XBRL,2026-06-03T03:30:48.174808+00:00,/Users/adityarajiv/Documents/ffiec-cdr/ONLY_TEXAS_SINCE_2025/archive/call/3-31-2025/43959.xbrl,4020f7ee9e7798958d0344d910db9660226467e40766ddcac4080a9621377df2,58451
441050,"FALLS CITY NATIONAL BANK, THE",TX,,3/31/2025,XBRL,2026-06-03T03:30:48.174808+00:00,/Users/adityarajiv/Documents/ffiec-cdr/ONLY_TEXAS_SINCE_2025/archive/call/3-31-2025/441050.xbrl,9fe059fe0bee092c60a912011a4fa6431abc050d0b6b0b7a39b30ff0619a167f,58697
442655,"FIRST NATIONAL BANK IN FALFURRIAS, THE",TX,,3/31/2025,XBRL,2026-06-03T03:30:48.174808+00:00,/Users/adityarajiv/Documents/ffiec-cdr/ONLY_TEXAS_SINCE_2025/archive/call/3-31-2025/442655.xbrl,34e228335cc99fd9191e521b90d63b4c177e429225e5156dd889aac44864d912,57945
444350,FIRST TEXAS BANK,TX,,3/31/2025,XBRL,2026-06-03T03:30:48.174808+00:00,/Users/adityarajiv/Documents/ffiec-cdr/ONLY_TEXAS_SINCE_2025/archive/call/3-31-2025/444350.xbrl,6dfff723c4cf4fe345de316a9b6ee253070266a66908e098485f052462e44beb,59503
445955,"FIRST NATIONAL BANK OF EAST TEXAS, THE",TX,,3/31/2025,XBRL,2026-06-03T03:30:48.174808+00:00,/Users/adityarajiv/Documents/ffiec-cdr/ONLY_TEXAS_SINCE_2025/archive/call/3-31-2025/445955.xbrl,1c0312744dcdbb6c943daaeeb76b34c5f5ec03ca0eb05f866e9fd0c2d4ef9237,58969
448554,SAGE CAPITAL BANK,TX,,3/31/2025,XBRL,2026-06-03T03:30:48.174808+00:00,/Users/adityarajiv/Documents/ffiec-cdr/ONLY_TEXAS_SINCE_2025/archive/call/3-31-2025/448554.xbrl,bf55b3cb199a67b423f5e2c2379972fa586c4b01f4f7cd292c4486f4b21f648b,59785
450753,FAYETTEVILLE BANK,TX,,3/31/2025,XBRL,2026-06-03T03:30:48.174808+00:00,/Users/adityarajiv/Documents/ffiec-cdr/ONLY_TEXAS_SINCE_2025/archive/call/3-31-2025/450753.xbrl,72740e48bc62c0fc3abafa074875cb05f9f4a9008c04aabb55c1f731a7de71eb,87716
455459,MAVERICK BANK,TX,,3/31/2025,XBRL,2026-06-03T03:30:48.174808+00:00,/Users/adityarajiv/Documents/ffiec-cdr/ONLY_TEXAS_SINCE_2025/archive/call/3-31-2025/455459.xbrl,373cf8a02dcc07d685d414573768d3542f70c84f226ea17767e8bb49c13851fb,58698
45560,JEFFERSON BANK,TX,,3/31/2025,XBRL,2026-06-03T03:30:48.174808+00:00,/Users/adityarajiv/Documents/ffiec-cdr/ONLY_TEXAS_SINCE_2025/archive/call/3-31-2025/45560.xbrl,fc4c56a559c5e93a0775b8fa192741541802d4ed5184473bad8e7193a5f26324,136885
457060,SPRING HILL STATE BANK,TX,,3/31/2025,XBRL,2026-06-03T03:30:48.174808+00:00,/Users/adityarajiv/Documents/ffiec-cdr/ONLY_TEXAS_SINCE_2025/archive/call/3-31-2025/457060.xbrl,c416bc207e11fb7df3a5ef47b75a68c7e795ae833b2832de793c4f46021e7602,59003
458665,"FIRST NATIONAL BANK OF STANTON, THE",TX,,3/31/2025,XBRL,2026-06-03T03:30:48.174808+00:00,/Users/adityarajiv/Documents/ffiec-cdr/ONLY_TEXAS_SINCE_2025/archive/call/3-31-2025/458665.xbrl,73526e372cdc3ae21206c28d0d7716821c67750e4a354e123cdf03d68c34c01f,59480
460556,"STATE NATIONAL BANK OF GROOM, THE",TX,,3/31/2025,XBRL,2026-06-03T03:30:48.174808+00:00,/Users/adityarajiv/Documents/ffiec-cdr/ONLY_TEXAS_SINCE_2025/archive/call/3-31-2025/460556.xbrl,e30e60df349bf4954fe79976bc288d41bab86bf01ef978d485be5eb3f201c83b,59365
461058,FARMERS STATE BANK,TX,,3/31/2025,XBRL,2026-06-03T03:30:48.174808+00:00,/Users/adityarajiv/Documents/ffiec-cdr/ONLY_TEXAS_SINCE_2025/archive/call/3-31-2025/461058.xbrl,825c2da459876693e319ead5d31698d62bf7af3a07a00072edca83f37f833837,58669
470050,FIRST FINANCIAL BANK,TX,,3/31/2025,XBRL,2026-06-03T03:30:48.174808+00:00,/Users/adityarajiv/Documents/ffiec-cdr/ONLY_TEXAS_SINCE_2025/archive/call/3-31-2025/470050.xbrl,d1400af56158f95bf75d048f979c0387435300830a1dcf523c51451e47bb1974,145130
473266,TEXAS FIRST BANK,TX,,3/31/2025,XBRL,2026-06-03T03:30:48.174808+00:00,/Users/adityarajiv/Documents/ffiec-cdr/ONLY_TEXAS_SINCE_2025/archive/call/3-31-2025/473266.xbrl,aad22123c0ace1bec7148c214c3839f29c250b2a72f5a7a26c613d3c7aff1412,60126
474254,BROADWAY NATIONAL BANK,TX,,3/31/2025,XBRL,2026-06-03T03:30:48.174808+00:00,/Users/adityarajiv/Documents/ffiec-cdr/ONLY_TEXAS_SINCE_2025/archive/call/3-31-2025/474254.xbrl,162a3e1d5c4c266cd0cdfa93cc3be8c2e5336b11b2e543db36570c3aeff79687,138670
474759,"SUNFLOWER BANK, NATIONAL ASSOCIATION",TX,,3/31/2025,XBRL,2026-06-03T03:30:48.174808+00:00,/Users/adityarajiv/Documents/ffiec-cdr/ONLY_TEXAS_SINCE_2025/archive/call/3-31-2025/474759.xbrl,9cc261e344eb4d78d4751b9a76299de823a65319f0cd9fc1533ce38c3af8f232,141001
479567,"FIRST NATIONAL BANK OF TRINITY, THE",TX,,3/31/2025,XBRL,2026-06-03T03:30:48.174808+00:00,/Users/adityarajiv/Documents/ffiec-cdr/ONLY_TEXAS_SINCE_2025/archive/call/3-31-2025/479567.xbrl,56d9a6e5b2f25252931343864f4b82f96037a7b21a7d6b0c49210c0dc9de9bf6,57655
484057,MARION STATE BANK,TX,,3/31/2025,XBRL,2026-06-03T03:30:48.174808+00:00,/Users/adityarajiv/Documents/ffiec-cdr/ONLY_TEXAS_SINCE_2025/archive/call/3-31-2025/484057.xbrl,5726434ab9351844cd63470e32d363be6bfc0d8bed668f3caf43ed4a4eefa686,58456
488653,"NATIONAL BANK OF ANDREWS, THE",TX,,3/31/2025,XBRL,2026-06-03T03:30:48.174808+00:00,/Users/adityarajiv/Documents/ffiec-cdr/ONLY_TEXAS_SINCE_2025/archive/call/3-31-2025/488653.xbrl,20c9e144d2a566cf41ffa7f2ad6008028375b1f9ec8366dd8968cd91af00cff5,58832
489155,CITIZENS STATE BANK,TX,,3/31/2025,XBRL,2026-06-03T03:30:48.174808+00:00,/Users/adityarajiv/Documents/ffiec-cdr/ONLY_TEXAS_SINCE_2025/archive/call/3-31-2025/489155.xbrl,754d2a6db7e4b0f553fb460181dc760fcb24c393d52f1b81e403c74b65fca619,57793
490450,NORTH DALLAS BANK & TRUST CO.,TX,,3/31/2025,XBRL,2026-06-03T03:30:48.174808+00:00,/Users/adityarajiv/Documents/ffiec-cdr/ONLY_TEXAS_SINCE_2025/archive/call/3-31-2025/490450.xbrl,69e27003dd33895a3549ac8561d9deb47652c25270e81951c8134663ebb40657,59732
491653,"COMMERCIAL BANK, THE",TX,,3/31/2025,XBRL,2026-06-03T03:30:48.174808+00:00,/Users/adityarajiv/Documents/ffiec-cdr/ONLY_TEXAS_SINCE_2025/archive/call/3-31-2025/491653.xbrl,9b88a6963d2f74117cec789d68b90d09f07eb72694663accaa5b2789b465e2b6,58035
494654,"AMERICAN BANK, NATIONAL ASSOCIATION",TX,,3/31/2025,XBRL,2026-06-03T03:30:48.174808+00:00,/Users/adityarajiv/Documents/ffiec-cdr/ONLY_TEXAS_SINCE_2025/archive/call/3-31-2025/494654.xbrl,b4a9222d9ef389800a1d821517b66b57f2beec832e0ef562c0a0bdbf067ebf3f,58658
497954,TEXAS NATIONAL BANK,TX,,3/31/2025,XBRL,2026-06-03T03:30:48.174808+00:00,/Users/adityarajiv/Documents/ffiec-cdr/ONLY_TEXAS_SINCE_2025/archive/call/3-31-2025/497954.xbrl,da5f9caa221fde96051db784021a91290322f42479cce22ea03a9d8e7c216836,59832
498362,AMERICAN NATIONAL BANK & TRUST,TX,,3/31/2025,XBRL,2026-06-03T03:30:48.174808+00:00,/Users/adityarajiv/Documents/ffiec-cdr/ONLY_TEXAS_SINCE_2025/archive/call/3-31-2025/498362.xbrl,a98f3ce26ad2a2b73bb8280924aef61cd11d34ea8658b1453923a64cbd93cc37,139852
498456,AVANA BANK,TX,,3/31/2025,XBRL,2026-06-03T03:30:48.174808+00:00,/Users/adityarajiv/Documents/ffiec-cdr/ONLY_TEXAS_SINCE_2025/archive/call/3-31-2025/498456.xbrl,81a5107f166aa325f50225a29cfd9838fe231ff103f34c947a62f79e50db5b42,57666
49858,BANK OF SOUTH TEXAS,TX,,3/31/2025,XBRL,2026-06-03T03:30:48.174808+00:00,/Users/adityarajiv/Documents/ffiec-cdr/ONLY_TEXAS_SINCE_2025/archive/call/3-31-2025/49858.xbrl,6a5a7ec4ac468b10f384b45470d90c788e168ecd481d5ad7623d1b5bbcb733dd,57525
500256,"FIRST NATIONAL BANK OF MERTZON, THE",TX,,3/31/2025,XBRL,2026-06-03T03:30:48.174808+00:00,/Users/adityarajiv/Documents/ffiec-cdr/ONLY_TEXAS_SINCE_2025/archive/call/3-31-2025/500256.xbrl,8ed67dabd1cbc725d92760d0984fc8329753f1553b403bb99b1048831bbb787e,119486
500658,PAVILLION BANK,TX,,3/31/2025,XBRL,2026-06-03T03:30:48.174808+00:00,/Users/adityarajiv/Documents/ffiec-cdr/ONLY_TEXAS_SINCE_2025/archive/call/3-31-2025/500658.xbrl,f03c74e0c208f40eed25fc150e0ed4e19aac25749f15b7ed80746a74f26a0664,58479
501767,"FIRST NATIONAL BANK OF WINNSBORO, THE",TX,,3/31/2025,XBRL,2026-06-03T03:30:48.174808+00:00,/Users/adityarajiv/Documents/ffiec-cdr/ONLY_TEXAS_SINCE_2025/archive/call/3-31-2025/501767.xbrl,7c57b91ff1aa6a63039bb750c519ba33254f5331ca0762fc797968c87bb2b707,58183
514655,"TEXAS GULF BANK, NATIONAL ASSOCIATION",TX,,3/31/2025,XBRL,2026-06-03T03:30:48.174808+00:00,/Users/adityarajiv/Documents/ffiec-cdr/ONLY_TEXAS_SINCE_2025/archive/call/3-31-2025/514655.xbrl,b259dec65345e2cc081d7728af51020bd61f2d2e43236d85c2404ab99e771bf9,64374
518877,GREATER STATE BANK,TX,,3/31/2025,XBRL,2026-06-03T03:30:48.174808+00:00,/Users/adityarajiv/Documents/ffiec-cdr/ONLY_TEXAS_SINCE_2025/archive/call/3-31-2025/518877.xbrl,0178bcac5898a804645045f42a1ba18598536f02b52dca30f3b60a8a19630754,58605
521064,"SANTA ANNA NATIONAL BANK, THE",TX,,3/31/2025,XBRL,2026-06-03T03:30:48.174808+00:00,/Users/adityarajiv/Documents/ffiec-cdr/ONLY_TEXAS_SINCE_2025/archive/call/3-31-2025/521064.xbrl,526118a80c9f7d76e22b7933ed19c65f9f1c038f364823e2e13c8d23ed32e6ff,58240
521158,"SOUTHTRUST BANK, N.A.",TX,,3/31/2025,XBRL,2026-06-03T03:30:48.174808+00:00,/Users/adityarajiv/Documents/ffiec-cdr/ONLY_TEXAS_SINCE_2025/archive/call/3-31-2025/521158.xbrl,4b650c01c9902fd356a63be7f5ba4d2a7f9b921a2646b06891adecf06b6f0d84,60490
522669,HOMEBANK TEXAS,TX,,3/31/2025,XBRL,2026-06-03T03:30:48.174808+00:00,/Users/adityarajiv/Documents/ffiec-cdr/ONLY_TEXAS_SINCE_2025/archive/call/3-31-2025/522669.xbrl,dbcd12c730c8459882ed86fe6506266d2d3a77bef792781639ee08c677853135,60066
522753,MCBANK,TX,,3/31/2025,XBRL,2026-06-03T03:30:48.174808+00:00,/Users/adityarajiv/Documents/ffiec-cdr/ONLY_TEXAS_SINCE_2025/archive/call/3-31-2025/522753.xbrl,f0a722b08f479b74f0970733a91e41633b54ab443617f38991d5e7c006e26ca0,59450
523161,CITIZENS STATE BANK,TX,,3/31/2025,XBRL,2026-06-03T03:30:48.174808+00:00,/Users/adityarajiv/Documents/ffiec-cdr/ONLY_TEXAS_SINCE_2025/archive/call/3-31-2025/523161.xbrl,5016240627958b5c3e7041cb6aab562497f8afceccfe9437de1b939d4fcd7dae,58436
524766,FIRST STATE BANK,TX,,3/31/2025,XBRL,2026-06-03T03:30:48.174808+00:00,/Users/adityarajiv/Documents/ffiec-cdr/ONLY_TEXAS_SINCE_2025/archive/call/3-31-2025/524766.xbrl,6809fb73ed031753182d11d3e7aaff8bbd76589319ca1b81d2832f5e6dc52ec3,82584
5278251,CHARLES SCHWAB TRUST BANK,TX,,3/31/2025,XBRL,2026-06-03T03:30:48.174808+00:00,/Users/adityarajiv/Documents/ffiec-cdr/ONLY_TEXAS_SINCE_2025/archive/call/3-31-2025/5278251.xbrl,26aa3f304b482666370570c465539bebdeeed4ee9785acf4126c28d1393e343c,160770
528960,TEXAS COMMUNITY BANK,TX,,3/31/2025,XBRL,2026-06-03T03:30:48.174808+00:00,/Users/adityarajiv/Documents/ffiec-cdr/ONLY_TEXAS_SINCE_2025/archive/call/3-31-2025/528960.xbrl,1fc3302b4620cc2fe3750ab2e41e0a521313ee7d074322652c47a2eb4e9469ae,131833
529958,"TIB, NATIONAL ASSOCIATION",TX,,3/31/2025,XBRL,2026-06-03T03:30:48.174808+00:00,/Users/adityarajiv/Documents/ffiec-cdr/ONLY_TEXAS_SINCE_2025/archive/call/3-31-2025/529958.xbrl,253d9951598fc93a18e016a89c08e22c5725496d59f3480dc9bd4d04d58810b9,131058
53051,"BUCKHOLTS STATE BANK, THE",TX,,3/31/2025,XBRL,2026-06-03T03:30:48.174808+00:00,/Users/adityarajiv/Documents/ffiec-cdr/ONLY_TEXAS_SINCE_2025/archive/call/3-31-2025/53051.xbrl,3359cefb1004c2f0c59d71c76a0a6e7d641e0a0cf593d75205a96c3d3fa6e636,57871
530851,PEOPLES STATE BANK OF HALLETTSVILLE,TX,,3/31/2025,XBRL,2026-06-03T03:30:48.174808+00:00,/Users/adityarajiv/Documents/ffiec-cdr/ONLY_TEXAS_SINCE_2025/archive/call/3-31-2025/530851.xbrl,a3714d8850d5db3720c74853ec6cc7bb4a0757315b07eefb048b50d01a1a7fee,58817
536059,"GOLDEN BANK, NATIONAL ASSOCIATION",TX,,3/31/2025,XBRL,2026-06-03T03:30:48.174808+00:00,/Users/adityarajiv/Documents/ffiec-cdr/ONLY_TEXAS_SINCE_2025/archive/call/3-31-2025/536059.xbrl,fb4c4036d269fbd3f8daea1153a23e63c0156e7a538bc28c000e0558fa457d3a,132335
537560,"EXTRACO BANKS, NATIONAL ASSOCIATION",TX,,3/31/2025,XBRL,2026-06-03T03:30:48.174808+00:00,/Users/adityarajiv/Documents/ffiec-cdr/ONLY_TEXAS_SINCE_2025/archive/call/3-31-2025/537560.xbrl,a765a0ec9eae2ab0e4094271c4c6f11438d7681df3036262ce3761448d35980b,138174
5382514,GULF CAPITAL BANK,TX,,3/31/2025,XBRL,2026-06-03T03:30:48.174808+00:00,/Users/adityarajiv/Documents/ffiec-cdr/ONLY_TEXAS_SINCE_2025/archive/call/3-31-2025/5382514.xbrl,4a6183d6f0939accd23cb7ed449b145a3be983e7c36f3df215d866c085dabec4,60167
539872,"TRUSTTEXAS BANK, S.S.B.",TX,,3/31/2025,XBRL,2026-06-03T03:30:48.174808+00:00,/Users/adityarajiv/Documents/ffiec-cdr/ONLY_TEXAS_SINCE_2025/archive/call/3-31-2025/539872.xbrl,0be5d71fd084e39d939f56feac685fbeec5e9f402ce11f23aa3ae0673e78c5d5,59625
54656,CITIZENS STATE BANK,TX,,3/31/2025,XBRL,2026-06-03T03:30:48.174808+00:00,/Users/adityarajiv/Documents/ffiec-cdr/ONLY_TEXAS_SINCE_2025/archive/call/3-31-2025/54656.xbrl,873e1a574a213b208ff8fbf68fb5cc972ee9264580101998ec36c120e5f716ef,89864
548267,"WAGGONER NATIONAL BANK OF VERNON, THE",TX,,3/31/2025,XBRL,2026-06-03T03:30:48.174808+00:00,/Users/adityarajiv/Documents/ffiec-cdr/ONLY_TEXAS_SINCE_2025/archive/call/3-31-2025/548267.xbrl,a79114c3ceccfa753df76dd0daba985e5fba04ca88e38d377a6aae751c10f2ba,58663
548351,"AUSTIN BANK, TEXAS NATIONAL ASSOCIATION",TX,,3/31/2025,XBRL,2026-06-03T03:30:48.174808+00:00,/Users/adityarajiv/Documents/ffiec-cdr/ONLY_TEXAS_SINCE_2025/archive/call/3-31-2025/548351.xbrl,d8f5bf2bfc270f1dd6f9a1000dc343065f5f81ed854eafea76c7825f2062a431,97797
549862,"COMMUNITY BANK & TRUST, WACO, TEXAS",TX,,3/31/2025,XBRL,2026-06-03T03:30:48.174808+00:00,/Users/adityarajiv/Documents/ffiec-cdr/ONLY_TEXAS_SINCE_2025/archive/call/3-31-2025/549862.xbrl,91d269b8945117c88d10e35f9c26b2dd67c1152f8881c45f78ea4467e84975ab,125860
552161,CITIZENS NATIONAL BANK OF TEXAS,TX,,3/31/2025,XBRL,2026-06-03T03:30:48.174808+00:00,/Users/adityarajiv/Documents/ffiec-cdr/ONLY_TEXAS_SINCE_2025/archive/call/3-31-2025/552161.xbrl,011665c6873db0b31c11971cb051d94b6529f03b901a88bb009a2902de2ad359,60314
552974,"SHELBY SAVINGS BANK, SSB",TX,,3/31/2025,XBRL,2026-06-03T03:30:48.174808+00:00,/Users/adityarajiv/Documents/ffiec-cdr/ONLY_TEXAS_SINCE_2025/archive/call/3-31-2025/552974.xbrl,d759baf303788df1877063428cb7bbaaff56e2840d36ba513aba0c161b86e62c,120861
555256,FARMERS AND MERCHANTS BANK,TX,,3/31/2025,XBRL,2026-06-03T03:30:48.174808+00:00,/Users/adityarajiv/Documents/ffiec-cdr/ONLY_TEXAS_SINCE_2025/archive/call/3-31-2025/555256.xbrl,e2bab04dbc598b6476805e0a082da6c0b1d1600673a9683d90fdef863b61d27f,57809
556459,"KLEBERG BANK, N.A.",TX,,3/31/2025,XBRL,2026-06-03T03:30:48.174808+00:00,/Users/adityarajiv/Documents/ffiec-cdr/ONLY_TEXAS_SINCE_2025/archive/call/3-31-2025/556459.xbrl,a8b7a81181dfed5bd0971dbbfb94cb620cdd4c578e21f398a169fd7f7302e034,59827
560353,FIRST NATIONAL BANK OF LAKE JACKSON,TX,,3/31/2025,XBRL,2026-06-03T03:30:48.174808+00:00,/Users/adityarajiv/Documents/ffiec-cdr/ONLY_TEXAS_SINCE_2025/archive/call/3-31-2025/560353.xbrl,3e146805414cedb101016a90f4eb08ea94b59aabf98fc55bb06d6cd559938fd8,58473
561864,SOUTHWEST BANK,TX,,3/31/2025,XBRL,2026-06-03T03:30:48.174808+00:00,/Users/adityarajiv/Documents/ffiec-cdr/ONLY_TEXAS_SINCE_2025/archive/call/3-31-2025/561864.xbrl,5a9c81b075a0aff51e5059f1806482e4049baa9e7fb1845a7ed0b0c3302b575e,58880
56351,"VERABANK, NATIONAL ASSOCIATION",TX,,3/31/2025,XBRL,2026-06-03T03:30:48.174808+00:00,/Users/adityarajiv/Documents/ffiec-cdr/ONLY_TEXAS_SINCE_2025/archive/call/3-31-2025/56351.xbrl,abe00ec4679468706f4df6654133e728009027cd923a26ac0316e42cf7f10170,136511
564463,CROSSROADS BANK,TX,,3/31/2025,XBRL,2026-06-03T03:30:48.174808+00:00,/Users/adityarajiv/Documents/ffiec-cdr/ONLY_TEXAS_SINCE_2025/archive/call/3-31-2025/564463.xbrl,9e8640fd06e19a06f47f3a13cdcd090bdb1af0190632682d68ab32120969ace4,58872
564557,FALCON INTERNATIONAL BANK,TX,,3/31/2025,XBRL,2026-06-03T03:30:48.174808+00:00,/Users/adityarajiv/Documents/ffiec-cdr/ONLY_TEXAS_SINCE_2025/archive/call/3-31-2025/564557.xbrl,21f2525bf07928b1f4f1976c83c13e6699238539a0081c54f809a09c25adaa79,146248
570558,ARROWHEAD BANK,TX,,3/31/2025,XBRL,2026-06-03T03:30:48.174808+00:00,/Users/adityarajiv/Documents/ffiec-cdr/ONLY_TEXAS_SINCE_2025/archive/call/3-31-2025/570558.xbrl,67487c88f44068f7d04ac4ca9430bc5406c9bb5080031720e54b8b2582cf106d,59241
572655,COMMUNITY BANK,TX,,3/31/2025,XBRL,2026-06-03T03:30:48.174808+00:00,/Users/adityarajiv/Documents/ffiec-cdr/ONLY_TEXAS_SINCE_2025/archive/call/3-31-2025/572655.xbrl,7b37cb93f0378c88f3e901da86a6a23218f79d9ff26a7d1d8182fd6023de4d02,80857
5728916,"AGILITY BANK, N.A.",TX,,3/31/2025,XBRL,2026-06-03T03:30:48.174808+00:00,/Users/adityarajiv/Documents/ffiec-cdr/ONLY_TEXAS_SINCE_2025/archive/call/3-31-2025/5728916.xbrl,72c423d12ac4b364613fc9d348ca099324c6ac492055637b1d52b8c817906bae,58531
575254,CITY BANK,TX,,3/31/2025,XBRL,2026-06-03T03:30:48.174808+00:00,/Users/adityarajiv/Documents/ffiec-cdr/ONLY_TEXAS_SINCE_2025/archive/call/3-31-2025/575254.xbrl,3aaa14a9f6054a3abf17469da4767df3b670ae3e00e3353b2d7fc601e96487cb,138867
5760439,TEXAS TRADITIONS BANK,TX,,3/31/2025,XBRL,2026-06-03T03:30:48.174808+00:00,/Users/adityarajiv/Documents/ffiec-cdr/ONLY_TEXAS_SINCE_2025/archive/call/3-31-2025/5760439.xbrl,218459849125d12b04453dabccc0d0172a1f9655232907da3c1341d6c510300f,58645
578255,FIRST UNITED BANK,TX,,3/31/2025,XBRL,2026-06-03T03:30:48.174808+00:00,/Users/adityarajiv/Documents/ffiec-cdr/ONLY_TEXAS_SINCE_2025/archive/call/3-31-2025/578255.xbrl,38304f430a474ce8b74ac348560a6c72a78409b47b8abd04dd9b305f7c75393e,61313
578862,FIRST STATE BANK OF SAN DIEGO,TX,,3/31/2025,XBRL,2026-06-03T03:30:48.174808+00:00,/Users/adityarajiv/Documents/ffiec-cdr/ONLY_TEXAS_SINCE_2025/archive/call/3-31-2025/578862.xbrl,bc6a039dc9955a3258b21baf0ca6289985457c9a7dc5d7e394dbc69fdb3461e7,116130
579364,TEXAS CHAMPION BANK,TX,,3/31/2025,XBRL,2026-06-03T03:30:48.174808+00:00,/Users/adityarajiv/Documents/ffiec-cdr/ONLY_TEXAS_SINCE_2025/archive/call/3-31-2025/579364.xbrl,7a28057114e71e11110991174aa44ba5956b7611fe2ea7042bc91786b844d0a4,58896
583268,SCHERTZ BANK & TRUST,TX,,3/31/2025,XBRL,2026-06-03T03:30:48.174808+00:00,/Users/adityarajiv/Documents/ffiec-cdr/ONLY_TEXAS_SINCE_2025/archive/call/3-31-2025/583268.xbrl,18d59e58bd5a561cac93f6e9183f0c09302d18e5c4f81ca886ba0e5facf6cc6e,58868
583352,FIRST NATIONAL BANK OF HUNTSVILLE,TX,,3/31/2025,XBRL,2026-06-03T03:30:48.174808+00:00,/Users/adityarajiv/Documents/ffiec-cdr/ONLY_TEXAS_SINCE_2025/archive/call/3-31-2025/583352.xbrl,1908de1553241f80d2b1032fd7c2019b5c6ae11df3b1e4468661699e26e195a3,59119
583754,BANK OF HOUSTON,TX,,3/31/2025,XBRL,2026-06-03T03:30:48.174808+00:00,/Users/adityarajiv/Documents/ffiec-cdr/ONLY_TEXAS_SINCE_2025/archive/call/3-31-2025/583754.xbrl,c44c3732bed33b8bc364addeecd3ff43b2331dfc56faab5ba4af8a03063c66c9,58769
586960,PEOPLES STATE BANK,TX,,3/31/2025,XBRL,2026-06-03T03:30:48.174808+00:00,/Users/adityarajiv/Documents/ffiec-cdr/ONLY_TEXAS_SINCE_2025/archive/call/3-31-2025/586960.xbrl,082e071b742c76a02d5ae43b725d4b35189811c2fdc10de489656560a804bc3d,58826
5879201,INTEGRITY BANK SSB,TX,,3/31/2025,XBRL,2026-06-03T03:30:48.174808+00:00,/Users/adityarajiv/Documents/ffiec-cdr/ONLY_TEXAS_SINCE_2025/archive/call/3-31-2025/5879201.xbrl,11b032bafba1de34e829719795c9507a73523c81f84b81c746f3d6acc316d6d3,58884
591366,"FIRST NATIONAL BANK OF SONORA, THE",TX,,3/31/2025,XBRL,2026-06-03T03:30:48.174808+00:00,/Users/adityarajiv/Documents/ffiec-cdr/ONLY_TEXAS_SINCE_2025/archive/call/3-31-2025/591366.xbrl,d28cd6448d6fdb2c8b2e2d17ffa961b5e7148acdcd47dca5f8527c9674d179f0,121680
59352,CITIZENS NATIONAL BANK,TX,,3/31/2025,XBRL,2026-06-03T03:30:48.174808+00:00,/Users/adityarajiv/Documents/ffiec-cdr/ONLY_TEXAS_SINCE_2025/archive/call/3-31-2025/59352.xbrl,6b1644a866d0ce3d40cc5d3fb63f82da809d801ccbf5839f9d8c0e5dbc515c09,58864
594451,MAPLEMARK BANK,TX,,3/31/2025,XBRL,2026-06-03T03:30:48.174808+00:00,/Users/adityarajiv/Documents/ffiec-cdr/ONLY_TEXAS_SINCE_2025/archive/call/3-31-2025/594451.xbrl,0f4aec1a11c8c5a81adf677575df83fc17edbbbb30e1d9938aa3d3d66d7789dc,62184
596062,"CITY NATIONAL BANK OF SULPHUR SPRINGS, THE",TX,,3/31/2025,XBRL,2026-06-03T03:30:48.174808+00:00,/Users/adityarajiv/Documents/ffiec-cdr/ONLY_TEXAS_SINCE_2025/archive/call/3-31-2025/596062.xbrl,b4f733331aff515f14f11cc89e2a61ff09979e4b48777c22445d209807ce0016,60988
596156,CAPITAL BANK,TX,,3/31/2025,XBRL,2026-06-03T03:30:48.174808+00:00,/Users/adityarajiv/Documents/ffiec-cdr/ONLY_TEXAS_SINCE_2025/archive/call/3-31-2025/596156.xbrl,0bd7ab219d88784ff1183608ddff93b2347ede322d5f9f2259012e5e6a5d043b,118991
599764,"AMERICAN NATIONAL BANK OF TEXAS, THE",TX,,3/31/2025,XBRL,2026-06-03T03:30:48.174808+00:00,/Users/adityarajiv/Documents/ffiec-cdr/ONLY_TEXAS_SINCE_2025/archive/call/3-31-2025/599764.xbrl,13b23a3d3918a57fb1514090786e4f4f7b67f7c684cfc65acba1791ca69d9349,139539
6009630,"FUNDBANK, NATIONAL ASSOCIATION",TX,,3/31/2025,XBRL,2026-06-03T03:30:48.174808+00:00,/Users/adityarajiv/Documents/ffiec-cdr/ONLY_TEXAS_SINCE_2025/archive/call/3-31-2025/6009630.xbrl,afe5586bd9dea7ed8632838e6ea9a5514a1fe5d9558cf85f2e098895050d15c3,56395
60143,COMERICA BANK,TX,,3/31/2025,XBRL,2026-06-03T03:30:48.174808+00:00,/Users/adityarajiv/Documents/ffiec-cdr/ONLY_TEXAS_SINCE_2025/archive/call/3-31-2025/60143.xbrl,fae1a0c659621e37a64c6ed52df166da797ad66c590b6a54ff1a17493d6ea986,174587
601658,ALLIANCE BANK CENTRAL TEXAS,TX,,3/31/2025,XBRL,2026-06-03T03:30:48.174808+00:00,/Users/adityarajiv/Documents/ffiec-cdr/ONLY_TEXAS_SINCE_2025/archive/call/3-31-2025/601658.xbrl,3e6f7047c49f384049ee64866aea862bfe88c39c25a948f632b6552fe5d88378,59808
603755,FIRST STATE BANK,TX,,3/31/2025,XBRL,2026-06-03T03:30:48.174808+00:00,/Users/adityarajiv/Documents/ffiec-cdr/ONLY_TEXAS_SINCE_2025/archive/call/3-31-2025/603755.xbrl,6f5b155b29daca3c4d1c009fa8db5c0f2385c230d32779a4aea89ea6dcc02200,57500
610164,HERRING BANK,TX,,3/31/2025,XBRL,2026-06-03T03:30:48.174808+00:00,/Users/adityarajiv/Documents/ffiec-cdr/ONLY_TEXAS_SINCE_2025/archive/call/3-31-2025/610164.xbrl,d5838531e5e8218d3f74ffce9853f1fd21c9147afea8a438df49fb6bf3b00103,60358
613950,FIRST NATIONAL BANK TEXAS DBA FIRST CONVENIENCE BANK,TX,,3/31/2025,XBRL,2026-06-03T03:30:48.174808+00:00,/Users/adityarajiv/Documents/ffiec-cdr/ONLY_TEXAS_SINCE_2025/archive/call/3-31-2025/613950.xbrl,59b03289b049350b7eb2826f8ea5715d4efa28f59de71dc4a25f199f81d125dd,60590
614368,FIRST NATIONAL BANK AND TRUST COMPANY OF WEATHERFORD DBA FIRST BANK TEXAS,TX,,3/31/2025,XBRL,2026-06-03T03:30:48.174808+00:00,/Users/adityarajiv/Documents/ffiec-cdr/ONLY_TEXAS_SINCE_2025/archive/call/3-31-2025/614368.xbrl,fac21d329998ea5cec47c37b2137fc7efcdc796f08f8eaa2d4c108fc39eaaa1e,59255
617051,"CITIZENS BANK, NATIONAL ASSOCIATION",TX,,3/31/2025,XBRL,2026-06-03T03:30:48.174808+00:00,/Users/adityarajiv/Documents/ffiec-cdr/ONLY_TEXAS_SINCE_2025/archive/call/3-31-2025/617051.xbrl,05222079fb8fded6619afc7892800ad649b247bda493dbd5985f2d83ec00448b,58632
621357,STATE BANK OF DE KALB,TX,,3/31/2025,XBRL,2026-06-03T03:30:48.174808+00:00,/Users/adityarajiv/Documents/ffiec-cdr/ONLY_TEXAS_SINCE_2025/archive/call/3-31-2025/621357.xbrl,b643da8aa3c2cb8fe485fcbd30cd155dd01ac93a2ff5a7e2775caa8f004899e9,58939
623052,"LAMESA NATIONAL BANK, THE",TX,,3/31/2025,XBRL,2026-06-03T03:30:48.174808+00:00,/Users/adityarajiv/Documents/ffiec-cdr/ONLY_TEXAS_SINCE_2025/archive/call/3-31-2025/623052.xbrl,cd567ce6c1adcc5a668d92c1ba06935dd8767f04330c0a16b26f86d0cc503bb6,59250
623454,"BANK AND TRUST, SSB, THE",TX,,3/31/2025,XBRL,2026-06-03T03:30:48.174808+00:00,/Users/adityarajiv/Documents/ffiec-cdr/ONLY_TEXAS_SINCE_2025/archive/call/3-31-2025/623454.xbrl,7f33efc5a2957f7ce73f79db7d5f9c5d9a289f2039440ec152a6fa57151aeed0,59675
625065,CITIZENS STATE BANK,TX,,3/31/2025,XBRL,2026-06-03T03:30:48.174808+00:00,/Users/adityarajiv/Documents/ffiec-cdr/ONLY_TEXAS_SINCE_2025/archive/call/3-31-2025/625065.xbrl,611b0921dc90110c698c52798f2db2fa99b1fa608e36cb4169fe2416266bc26f,59861
625159,COMMERCE BANK,TX,,3/31/2025,XBRL,2026-06-03T03:30:48.174808+00:00,/Users/adityarajiv/Documents/ffiec-cdr/ONLY_TEXAS_SINCE_2025/archive/call/3-31-2025/625159.xbrl,db162064b2ffcd61ff277faad6ffb829c7b0584736e674e45ae974cb334254de,127468
629353,FIRST LIBERTY BANK,TX,,3/31/2025,XBRL,2026-06-03T03:30:48.174808+00:00,/Users/adityarajiv/Documents/ffiec-cdr/ONLY_TEXAS_SINCE_2025/archive/call/3-31-2025/629353.xbrl,43b9de52bdf6bebc00b4516f64bf61c9555db77ac3f205008adc5a6a859142be,60061
630658,"FIRST NATIONAL BANK OF LIVINGSTON, THE",TX,,3/31/2025,XBRL,2026-06-03T03:30:48.174808+00:00,/Users/adityarajiv/Documents/ffiec-cdr/ONLY_TEXAS_SINCE_2025/archive/call/3-31-2025/630658.xbrl,b682c1c496ebbc9b1f8606acd2d0ffb49b7a14ae728412f1f8ce989e97ac6ac4,59465
631150,FIRST-LOCKHART NATIONAL BANK,TX,,3/31/2025,XBRL,2026-06-03T03:30:48.174808+00:00,/Users/adityarajiv/Documents/ffiec-cdr/ONLY_TEXAS_SINCE_2025/archive/call/3-31-2025/631150.xbrl,a0ffdfe8dbf5c7dad47bc6c935119a3d368dfccc3d4c4c1bbd1093c360d2fcde,59568
637451,PLAINSCAPITAL BANK,TX,,3/31/2025,XBRL,2026-06-03T03:30:48.174808+00:00,/Users/adityarajiv/Documents/ffiec-cdr/ONLY_TEXAS_SINCE_2025/archive/call/3-31-2025/637451.xbrl,df98a8e9258e05cb8fb6049f1861b2a7675497eb8043973def7de331b0c8190b,151255
638355,"BANK OF DESOTO, NATIONAL ASSOCIATION",TX,,3/31/2025,XBRL,2026-06-03T03:30:48.174808+00:00,/Users/adityarajiv/Documents/ffiec-cdr/ONLY_TEXAS_SINCE_2025/archive/call/3-31-2025/638355.xbrl,31319841a08f0c5a2998858bfa524ccde0e6088f20787d93db6bcc99fd00cf3c,57919
644963,"FIRST NATIONAL BANK OF QUITAQUE, THE",TX,,3/31/2025,XBRL,2026-06-03T03:30:48.174808+00:00,/Users/adityarajiv/Documents/ffiec-cdr/ONLY_TEXAS_SINCE_2025/archive/call/3-31-2025/644963.xbrl,a6b75f83b20afed80e08e6f8d60fc76e8fa9123cf8c82340011adbbe7ff4b3e2,58391
645465,VISTA BANK,TX,,3/31/2025,XBRL,2026-06-03T03:30:48.174808+00:00,/Users/adityarajiv/Documents/ffiec-cdr/ONLY_TEXAS_SINCE_2025/archive/call/3-31-2025/645465.xbrl,96758c54e90abbfffc57c21e7873976052d21cc11e594176ff538fcbb7517c69,132610
648550,FIRST NATIONAL BANK OF DUBLIN,TX,,3/31/2025,XBRL,2026-06-03T03:30:48.174808+00:00,/Users/adityarajiv/Documents/ffiec-cdr/ONLY_TEXAS_SINCE_2025/archive/call/3-31-2025/648550.xbrl,176e3e16b6f33fc7944653c7f0efac48375a61e584eaa2c1b355ffdabf8e38b3,59084
651952,"FIRST NATIONAL BANK OF EAGLE LAKE, THE",TX,,3/31/2025,XBRL,2026-06-03T03:30:48.174808+00:00,/Users/adityarajiv/Documents/ffiec-cdr/ONLY_TEXAS_SINCE_2025/archive/call/3-31-2025/651952.xbrl,c07de20b20d06ec6ca62169068c624c9f589075559a45f6d050ce036ff8c32cf,58571
652874,NEXBANK,TX,,3/31/2025,XBRL,2026-06-03T03:30:48.174808+00:00,/Users/adityarajiv/Documents/ffiec-cdr/ONLY_TEXAS_SINCE_2025/archive/call/3-31-2025/652874.xbrl,062b0709f4c9509bc02ea2357713357395f22174a90ccc53eeff8558e7009f8f,143968
656658,TEXAS FINANCIAL BANK DBA THE EDEN STATE BANK,TX,,3/31/2025,XBRL,2026-06-03T03:30:48.174808+00:00,/Users/adityarajiv/Documents/ffiec-cdr/ONLY_TEXAS_SINCE_2025/archive/call/3-31-2025/656658.xbrl,b494b7ae0eb771c74a7789ef615205233b81e2ac0d9ae9175c405bfe3f546e14,58501
660066,PEOPLES STATE BANK,TX,,3/31/2025,XBRL,2026-06-03T03:30:48.174808+00:00,/Users/adityarajiv/Documents/ffiec-cdr/ONLY_TEXAS_SINCE_2025/archive/call/3-31-2025/660066.xbrl,b313ea5d1f6c650d916b31c454bfd898bbf614bae306004ea7123a2d489fb1eb,59228
660879,"ANGELINA SAVINGS BANK, SSB",TX,,3/31/2025,XBRL,2026-06-03T03:30:48.174808+00:00,/Users/adityarajiv/Documents/ffiec-cdr/ONLY_TEXAS_SINCE_2025/archive/call/3-31-2025/660879.xbrl,a4e4e0de13dc09ea72222be9aba913a463a352a961c35f5458c86f272adda18d,58355
664756,PROSPERITY BANK,TX,,3/31/2025,XBRL,2026-06-03T03:30:48.174808+00:00,/Users/adityarajiv/Documents/ffiec-cdr/ONLY_TEXAS_SINCE_2025/archive/call/3-31-2025/664756.xbrl,89b0d8f31e0dbcfec3be1eb77d66ca8dcb9ce1ba5aad7f25651cc9e331826bce,150136
665258,"FIRST NATIONAL BANK OF ELDORADO, THE",TX,,3/31/2025,XBRL,2026-06-03T03:30:48.174808+00:00,/Users/adityarajiv/Documents/ffiec-cdr/ONLY_TEXAS_SINCE_2025/archive/call/3-31-2025/665258.xbrl,f94ecba30bf6a89abbc01e6e27a660b915726ce789bc720b67acb5efdfaa45d2,58307
665865,ROUND TOP STATE BANK,TX,,3/31/2025,XBRL,2026-06-03T03:30:48.174808+00:00,/Users/adityarajiv/Documents/ffiec-cdr/ONLY_TEXAS_SINCE_2025/archive/call/3-31-2025/665865.xbrl,bf93fc9d120419e6e4e2638ac060853d2e5ec7a2483c53ce9686fbf4f1ef514e,59192
675079,"FAYETTE SAVINGS BANK, SSB",TX,,3/31/2025,XBRL,2026-06-03T03:30:48.174808+00:00,/Users/adityarajiv/Documents/ffiec-cdr/ONLY_TEXAS_SINCE_2025/archive/call/3-31-2025/675079.xbrl,39726518961c741c084c245a403506cc83f28ca432f67b9f49e618b066ee40ac,59446
678052,"BANK OF SAN JACINTO COUNTY, COLDSPRING, TEXAS, THE",TX,,3/31/2025,XBRL,2026-06-03T03:30:48.174808+00:00,/Users/adityarajiv/Documents/ffiec-cdr/ONLY_TEXAS_SINCE_2025/archive/call/3-31-2025/678052.xbrl,34ff468b8e020930542d219aefabfea9514b102d153aa148a92866a1ab812afa,57529
682563,FROST BANK,TX,,3/31/2025,XBRL,2026-06-03T03:30:48.174808+00:00,/Users/adityarajiv/Documents/ffiec-cdr/ONLY_TEXAS_SINCE_2025/archive/call/3-31-2025/682563.xbrl,2010bea8b566eebb640c8ab3b36e704f12938bfef4dd6ea7d004ef6d9ab8280d,151298
697950,CITY NATIONAL BANK,TX,,3/31/2025,XBRL,2026-06-03T03:30:48.174808+00:00,/Users/adityarajiv/Documents/ffiec-cdr/ONLY_TEXAS_SINCE_2025/archive/call/3-31-2025/697950.xbrl,a491930a46ff7ae7324068f48ddbe84d39aa46d12fe79fb376d982ed51ce21b4,58595
700252,CITIZENS NATIONAL BANK,TX,,3/31/2025,XBRL,2026-06-03T03:30:48.174808+00:00,/Users/adityarajiv/Documents/ffiec-cdr/ONLY_TEXAS_SINCE_2025/archive/call/3-31-2025/700252.xbrl,090e3ac89326db02e60b055247d1cb2e1a391fe950f9f393250121e0f6328224,58230
701857,CROWELL STATE BANK,TX,,3/31/2025,XBRL,2026-06-03T03:30:48.174808+00:00,/Users/adityarajiv/Documents/ffiec-cdr/ONLY_TEXAS_SINCE_2025/archive/call/3-31-2025/701857.xbrl,e0da47668d6281b8454d0a80617bc4098ce43c622957f89c58e7f524ea264c1d,58159
702359,TEXAS HERITAGE BANK,TX,,3/31/2025,XBRL,2026-06-03T03:30:48.174808+00:00,/Users/adityarajiv/Documents/ffiec-cdr/ONLY_TEXAS_SINCE_2025/archive/call/3-31-2025/702359.xbrl,1f1b59f66ba9429224bcce5189caaec6a68e00cddf11775fb8111202afce4913,59337
702966,FARMERS STATE BANK OF NEWCASTLE,TX,,3/31/2025,XBRL,2026-06-03T03:30:48.174808+00:00,/Users/adityarajiv/Documents/ffiec-cdr/ONLY_TEXAS_SINCE_2025/archive/call/3-31-2025/702966.xbrl,36ef2a403040218e09f37aacd70e46cd5dfc14bb673ba2fe98fa98d7dcdbe78f,58151
703552,"HORIZON BANK, SSB",TX,,3/31/2025,XBRL,2026-06-03T03:30:48.174808+00:00,/Users/adityarajiv/Documents/ffiec-cdr/ONLY_TEXAS_SINCE_2025/archive/call/3-31-2025/703552.xbrl,826ede804348553d14b2342ae3c4f9a1da4e31cfd3e1addf2f9cbeda56ab1d70,65242
714165,"CITY NATIONAL BANK OF SAN SABA, THE",TX,,3/31/2025,XBRL,2026-06-03T03:30:48.174808+00:00,/Users/adityarajiv/Documents/ffiec-cdr/ONLY_TEXAS_SINCE_2025/archive/call/3-31-2025/714165.xbrl,5d298fd8a5dd2593bf29e275f814a128943fb382c6b256b7089bb7aee2cf5ffc,56164
719964,FIRST STATE BANK,TX,,3/31/2025,XBRL,2026-06-03T03:30:48.174808+00:00,/Users/adityarajiv/Documents/ffiec-cdr/ONLY_TEXAS_SINCE_2025/archive/call/3-31-2025/719964.xbrl,1fb0c079433977405ebc13e29328f5859b3c926d4e826dee087275045d209553,58481
726953,UNITED TEXAS BANK,TX,,3/31/2025,XBRL,2026-06-03T03:30:48.174808+00:00,/Users/adityarajiv/Documents/ffiec-cdr/ONLY_TEXAS_SINCE_2025/archive/call/3-31-2025/726953.xbrl,1f5a4edb11b10e92fc3884059548283702235891584d519bfb1d125cad9da98d,88098
729178,"CYPRESS BANK, SSB",TX,,3/31/2025,XBRL,2026-06-03T03:30:48.174808+00:00,/Users/adityarajiv/Documents/ffiec-cdr/ONLY_TEXAS_SINCE_2025/archive/call/3-31-2025/729178.xbrl,d3f5af0932ad0b537645eceb4ea21f5aeff8f5b21f379d59d7e9042ec06458e6,59237
732954,CARMINE STATE BANK,TX,,3/31/2025,XBRL,2026-06-03T03:30:48.174808+00:00,/Users/adityarajiv/Documents/ffiec-cdr/ONLY_TEXAS_SINCE_2025/archive/call/3-31-2025/732954.xbrl,1137de4aee6c13783fa7dcb81cd0ce1868c06c31b3d29442794caf7b5313cb78,57598
733054,INDUSTRY STATE BANK,TX,,3/31/2025,XBRL,2026-06-03T03:30:48.174808+00:00,/Users/adityarajiv/Documents/ffiec-cdr/ONLY_TEXAS_SINCE_2025/archive/call/3-31-2025/733054.xbrl,f894cbefb5e4955f231624b94dac05787fda7c198ed8bbdb83cc8dc55b12fcde,87067
735067,"TEXAS REPUBLIC BANK, NATIONAL ASSOCIATION",TX,,3/31/2025,XBRL,2026-06-03T03:30:48.174808+00:00,/Users/adityarajiv/Documents/ffiec-cdr/ONLY_TEXAS_SINCE_2025/archive/call/3-31-2025/735067.xbrl,ceb8722bfb78f97cc617edc9ed093666f2361dcce0c68c3dd176721578e71bb9,58873
738769,COMMUNITY NATIONAL BANK & TRUST OF TEXAS,TX,,3/31/2025,XBRL,2026-06-03T03:30:48.174808+00:00,/Users/adityarajiv/Documents/ffiec-cdr/ONLY_TEXAS_SINCE_2025/archive/call/3-31-2025/738769.xbrl,04780b4c1d50569ad724d0ad3f6009a8e3a19c307b8d269c184640cc0dca8044,60032
739355,TEXAS NATIONAL BANK OF JACKSONVILLE,TX,,3/31/2025,XBRL,2026-06-03T03:30:48.174808+00:00,/Users/adityarajiv/Documents/ffiec-cdr/ONLY_TEXAS_SINCE_2025/archive/call/3-31-2025/739355.xbrl,b8c6ce5b9cddf40bb494d7a1b875b7d965c58959efce9b5abca919b18b8ba73b,121747
741068,FIDELITY BANK OF TEXAS,TX,,3/31/2025,XBRL,2026-06-03T03:30:48.174808+00:00,/Users/adityarajiv/Documents/ffiec-cdr/ONLY_TEXAS_SINCE_2025/archive/call/3-31-2025/741068.xbrl,a961535d79f8f201cdb873ca0f08a9331197e620cf1383c239c28b91cf70561c,57746
741152,JUNCTION NATIONAL BANK,TX,,3/31/2025,XBRL,2026-06-03T03:30:48.174808+00:00,/Users/adityarajiv/Documents/ffiec-cdr/ONLY_TEXAS_SINCE_2025/archive/call/3-31-2025/741152.xbrl,5fb15ec3f1fb9d7a03998ce10f803eadbd4d0f9c274f77d9c2d4f4efe6542547,58965
742056,CASTROVILLE STATE BANK,TX,,3/31/2025,XBRL,2026-06-03T03:30:48.174808+00:00,/Users/adityarajiv/Documents/ffiec-cdr/ONLY_TEXAS_SINCE_2025/archive/call/3-31-2025/742056.xbrl,12b1ac2a0592d04ca46b6eedab97cae3b7db58bc4986720342e0522e089c1a4d,58208
744854,CITIZENS BANK,TX,,3/31/2025,XBRL,2026-06-03T03:30:48.174808+00:00,/Users/adityarajiv/Documents/ffiec-cdr/ONLY_TEXAS_SINCE_2025/archive/call/3-31-2025/744854.xbrl,ff27b73b6c319fe9e201c078a7035c77f09212a1b57bc6dfc4ef6a7395cf671d,59719
748357,GLOBAL ONE BANK,TX,,3/31/2025,XBRL,2026-06-03T03:30:48.174808+00:00,/Users/adityarajiv/Documents/ffiec-cdr/ONLY_TEXAS_SINCE_2025/archive/call/3-31-2025/748357.xbrl,037e076c267b9c691411c02348cc59bbee3870c77c07812cd181abd62ad04cf5,58617
748964,TEXAS STATE BANK,TX,,3/31/2025,XBRL,2026-06-03T03:30:48.174808+00:00,/Users/adityarajiv/Documents/ffiec-cdr/ONLY_TEXAS_SINCE_2025/archive/call/3-31-2025/748964.xbrl,d5bef01e08f8ed3160f509504aaf122163234d189f31df63ae9becf450519766,64846
753856,"DONLEY COUNTY STATE BANK, THE",TX,,3/31/2025,XBRL,2026-06-03T03:30:48.174808+00:00,/Users/adityarajiv/Documents/ffiec-cdr/ONLY_TEXAS_SINCE_2025/archive/call/3-31-2025/753856.xbrl,afb2861017c306d3eee984828f02897562fdbfd98e63e2e9606b98c7a9899adc,58850
761954,COLEMAN COUNTY STATE BANK,TX,,3/31/2025,XBRL,2026-06-03T03:30:48.174808+00:00,/Users/adityarajiv/Documents/ffiec-cdr/ONLY_TEXAS_SINCE_2025/archive/call/3-31-2025/761954.xbrl,a434abed0060477f5f1ee9175a0734e72b1d8b8986bd9383b4cbc209db4e5f02,59573
764067,"AMERICAN NATIONAL BANK OF MOUNT PLEASANT, THE",TX,,3/31/2025,XBRL,2026-06-03T03:30:48.174808+00:00,/Users/adityarajiv/Documents/ffiec-cdr/ONLY_TEXAS_SINCE_2025/archive/call/3-31-2025/764067.xbrl,bfcbdf7282e5ee58dd08fc4434701a5c6b3702824b46973aa86b7b00466df703,58552
764151,LOVELADY STATE BANK,TX,,3/31/2025,XBRL,2026-06-03T03:30:48.174808+00:00,/Users/adityarajiv/Documents/ffiec-cdr/ONLY_TEXAS_SINCE_2025/archive/call/3-31-2025/764151.xbrl,dbf3df3648238d912cf692450ec6aeb68c80af86cebf8ae94e9638eeb06bfdbf,59003
765662,MUENSTER STATE BANK,TX,,3/31/2025,XBRL,2026-06-03T03:30:48.174808+00:00,/Users/adityarajiv/Documents/ffiec-cdr/ONLY_TEXAS_SINCE_2025/archive/call/3-31-2025/765662.xbrl,63acd02b773fe0db9c3cebc2efd0626b58578ff2565bfde711363ba5b2f4a033,57821
766164,"TBK BANK, SSB",TX,,3/31/2025,XBRL,2026-06-03T03:30:48.174808+00:00,/Users/adityarajiv/Documents/ffiec-cdr/ONLY_TEXAS_SINCE_2025/archive/call/3-31-2025/766164.xbrl,949e7d5d37545d1d106d08e815a0d4b78269deeed65dde941032f12a6105eb2f,133331
767152,"FIRST NATIONAL BANK IN COOPER, THE",TX,,3/31/2025,XBRL,2026-06-03T03:30:48.174808+00:00,/Users/adityarajiv/Documents/ffiec-cdr/ONLY_TEXAS_SINCE_2025/archive/call/3-31-2025/767152.xbrl,15ba6da5576e0371754afaf849bacf86d75b46b6d06ea20bfd151cf670d511c1,57540
77253,TXN BANK,TX,,3/31/2025,XBRL,2026-06-03T03:30:48.174808+00:00,/Users/adityarajiv/Documents/ffiec-cdr/ONLY_TEXAS_SINCE_2025/archive/call/3-31-2025/77253.xbrl,5916eafdeccdb8c1ad530dcdd979536fed96684bb465dd9d41c954ed4fcea669,59186
776369,FIRST STATE BANK OF ODEM,TX,,3/31/2025,XBRL,2026-06-03T03:30:48.174808+00:00,/Users/adityarajiv/Documents/ffiec-cdr/ONLY_TEXAS_SINCE_2025/archive/call/3-31-2025/776369.xbrl,f5e2fe2415823db0194ec445b2eb9e32ca17e4a1e8ab7a03c1e1f5905bd51e43,57893
780263,OZONA BANK,TX,,3/31/2025,XBRL,2026-06-03T03:30:48.174808+00:00,/Users/adityarajiv/Documents/ffiec-cdr/ONLY_TEXAS_SINCE_2025/archive/call/3-31-2025/780263.xbrl,c96ee89ef7a3529b24c6dfb024d0e431505471a2832c01b58f2d2f7c1aa0dcd3,59592
78157,BANDERA BANK,TX,,3/31/2025,XBRL,2026-06-03T03:30:48.174808+00:00,/Users/adityarajiv/Documents/ffiec-cdr/ONLY_TEXAS_SINCE_2025/archive/call/3-31-2025/78157.xbrl,6e5918a5884229b1444e8f018c52a4540a42de047471059eeb9d973f20daf315,56962
791072,INTERSTATE BANK,TX,,3/31/2025,XBRL,2026-06-03T03:30:48.174808+00:00,/Users/adityarajiv/Documents/ffiec-cdr/ONLY_TEXAS_SINCE_2025/archive/call/3-31-2025/791072.xbrl,2ebc76493ed78419289a83c281d1c21f0837ff6e20aa62493261bfcf3b966577,58577
792659,NATIONAL BANK & TRUST,TX,,3/31/2025,XBRL,2026-06-03T03:30:48.174808+00:00,/Users/adityarajiv/Documents/ffiec-cdr/ONLY_TEXAS_SINCE_2025/archive/call/3-31-2025/792659.xbrl,b9b65ddfe8b4441c95ff55aed7967baaa97d25ad813357e5fbd28616214fd923,58024
794149,COMMERCIAL NATIONAL BANK OF TEXARKANA,TX,,3/31/2025,XBRL,2026-06-03T03:30:48.174808+00:00,/Users/adityarajiv/Documents/ffiec-cdr/ONLY_TEXAS_SINCE_2025/archive/call/3-31-2025/794149.xbrl,c09a3c6f2c39f32c2e543a71821cf29f71718cd5bd2078226a9bbb5b94183d7e,120376
796152,FIRST STATE BANK,TX,,3/31/2025,XBRL,2026-06-03T03:30:48.174808+00:00,/Users/adityarajiv/Documents/ffiec-cdr/ONLY_TEXAS_SINCE_2025/archive/call/3-31-2025/796152.xbrl,47c390f675e0dd6ee72b45da26cfdaed0d793a1c8632251d4efd687f364d7b30,59703
799854,"CITY NATIONAL BANK OF COLORADO CITY, THE",TX,,3/31/2025,XBRL,2026-06-03T03:30:48.174808+00:00,/Users/adityarajiv/Documents/ffiec-cdr/ONLY_TEXAS_SINCE_2025/archive/call/3-31-2025/799854.xbrl,15738593fb802c755a217d103bfe04eed6cb231c800eb39bf6cbad7bf50588ba,58755
801654,"FIRST STATE BANK, THE",TX,,3/31/2025,XBRL,2026-06-03T03:30:48.174808+00:00,/Users/adityarajiv/Documents/ffiec-cdr/ONLY_TEXAS_SINCE_2025/archive/call/3-31-2025/801654.xbrl,873e1c28dc2104ed84f0f8b344e9f09a404f0d0b2982aaf71c5a0d15314d2731,58595
803265,ROBERT LEE STATE BANK,TX,,3/31/2025,XBRL,2026-06-03T03:30:48.174808+00:00,/Users/adityarajiv/Documents/ffiec-cdr/ONLY_TEXAS_SINCE_2025/archive/call/3-31-2025/803265.xbrl,217cb49762bbb005f8aa1847b3d187cdc3b888bed1ef35ba9a02e432dbf0d035,58392
804860,CITIZENS STATE BANK,TX,,3/31/2025,XBRL,2026-06-03T03:30:48.174808+00:00,/Users/adityarajiv/Documents/ffiec-cdr/ONLY_TEXAS_SINCE_2025/archive/call/3-31-2025/804860.xbrl,3cf9d0857fcdf387de0ba327a674deaaf1490ad1a8e10a783b0b691832e42098,115260
807955,"AMERICAN BANK, NATIONAL ASSOCIATION",TX,,3/31/2025,XBRL,2026-06-03T03:30:48.174808+00:00,/Users/adityarajiv/Documents/ffiec-cdr/ONLY_TEXAS_SINCE_2025/archive/call/3-31-2025/807955.xbrl,b993340fd7076f0ad0834df9201b2484b8c4ca16bde9019ac219ee3636da55e2,60388
809650,"TEXANA BANK, NATIONAL ASSOCIATION",TX,,3/31/2025,XBRL,2026-06-03T03:30:48.174808+00:00,/Users/adityarajiv/Documents/ffiec-cdr/ONLY_TEXAS_SINCE_2025/archive/call/3-31-2025/809650.xbrl,c0925f712abec0619e20993590154d205a1b575a383ac10a65d85f926c9b7ffc,122610
811457,"FIRST NATIONAL BANK OF LIPAN, THE",TX,,3/31/2025,XBRL,2026-06-03T03:30:48.174808+00:00,/Users/adityarajiv/Documents/ffiec-cdr/ONLY_TEXAS_SINCE_2025/archive/call/3-31-2025/811457.xbrl,9823517086dfc222fc07867549f712cff9ae2a5f9b63b8c75ac5e464e780ca0d,114582
814458,CHARTER BANK,TX,,3/31/2025,XBRL,2026-06-03T03:30:48.174808+00:00,/Users/adityarajiv/Documents/ffiec-cdr/ONLY_TEXAS_SINCE_2025/archive/call/3-31-2025/814458.xbrl,6c7729b39c74c1490af9543c532b0ce2e00f85922340d7442fbd0e918fc561e2,59442
818652,STOCKMENS NATIONAL BANK IN COTULLA,TX,,3/31/2025,XBRL,2026-06-03T03:30:48.174808+00:00,/Users/adityarajiv/Documents/ffiec-cdr/ONLY_TEXAS_SINCE_2025/archive/call/3-31-2025/818652.xbrl,19d3064597a90c28cd6db86c29ffeef4a80877868286598e7fc574b79757d64a,80439
819154,FIRST SECURITY STATE BANK,TX,,3/31/2025,XBRL,2026-06-03T03:30:48.174808+00:00,/Users/adityarajiv/Documents/ffiec-cdr/ONLY_TEXAS_SINCE_2025/archive/call/3-31-2025/819154.xbrl,7014a8f1ac3fd2e4495c81ffc228d393147ebd0d57bb7178b20f1fec0159e715,58839
819855,PEOPLES BANK,TX,,3/31/2025,XBRL,2026-06-03T03:30:48.174808+00:00,/Users/adityarajiv/Documents/ffiec-cdr/ONLY_TEXAS_SINCE_2025/archive/call/3-31-2025/819855.xbrl,6cdc9039113958550e1356bf899e928aadfd7de4175049099eac750b971f8733,60145
822556,TEXAS EXCHANGE BANK,TX,,3/31/2025,XBRL,2026-06-03T03:30:48.174808+00:00,/Users/adityarajiv/Documents/ffiec-cdr/ONLY_TEXAS_SINCE_2025/archive/call/3-31-2025/822556.xbrl,870d0ec1a75926dc2885ecfdc9e4bf886f3389c334fd09b7b709f1bf286a6187,131107
824653,TEXAS HERITAGE NATIONAL BANK,TX,,3/31/2025,XBRL,2026-06-03T03:30:48.174808+00:00,/Users/adityarajiv/Documents/ffiec-cdr/ONLY_TEXAS_SINCE_2025/archive/call/3-31-2025/824653.xbrl,d419eb87d36a61d8aa93794f8b79e20627fe79c57241e3419f1dca464d981208,59927
830252,"LYTLE STATE BANK OF LYTLE, TEXAS, THE",TX,,3/31/2025,XBRL,2026-06-03T03:30:48.174808+00:00,/Users/adityarajiv/Documents/ffiec-cdr/ONLY_TEXAS_SINCE_2025/archive/call/3-31-2025/830252.xbrl,1f86612ff3b5ea391aa98f5fd8538cd16570301f347bf79fb9e19987f536dafa,58475
839068,SECURITY STATE BANK,TX,,3/31/2025,XBRL,2026-06-03T03:30:48.174808+00:00,/Users/adityarajiv/Documents/ffiec-cdr/ONLY_TEXAS_SINCE_2025/archive/call/3-31-2025/839068.xbrl,f03ccd34e1564b0e0c0be308c7bf347f44b83c551b2b3bcf63574d89ab991cd9,58596
839974,"GRAHAM SAVINGS AND LOAN, SSB",TX,,3/31/2025,XBRL,2026-06-03T03:30:48.174808+00:00,/Users/adityarajiv/Documents/ffiec-cdr/ONLY_TEXAS_SINCE_2025/archive/call/3-31-2025/839974.xbrl,265c235ddcb911310ac8d2f5a08a732cc935606e269bc592f95d5393b8b8977a,59427
840363,FIRSTBANK SOUTHWEST,TX,,3/31/2025,XBRL,2026-06-03T03:30:48.174808+00:00,/Users/adityarajiv/Documents/ffiec-cdr/ONLY_TEXAS_SINCE_2025/archive/call/3-31-2025/840363.xbrl,6969bbb8ea8ced8527de6f58a71b298c5048578fb11372370fc4abbeb67612be,60565
842460,LONE STAR NATIONAL BANK,TX,,3/31/2025,XBRL,2026-06-03T03:30:48.174808+00:00,/Users/adityarajiv/Documents/ffiec-cdr/ONLY_TEXAS_SINCE_2025/archive/call/3-31-2025/842460.xbrl,8b5213446caab4c7657d1350cd0e5ff4ad094553d00bd32aa5eb81a29b3b8994,131943
844567,POINTBANK,TX,,3/31/2025,XBRL,2026-06-03T03:30:48.174808+00:00,/Users/adityarajiv/Documents/ffiec-cdr/ONLY_TEXAS_SINCE_2025/archive/call/3-31-2025/844567.xbrl,98236720a1e4c7d180dceea073b70a1999d564a91a0316a04ae7cc5f2a4243bf,59789
8462,"PERRYTON NATIONAL BANK, THE",TX,,3/31/2025,XBRL,2026-06-03T03:30:48.174808+00:00,/Users/adityarajiv/Documents/ffiec-cdr/ONLY_TEXAS_SINCE_2025/archive/call/3-31-2025/8462.xbrl,c350c35cc7c2bd876254b1d21a9829e17449d4ef50904c029332cac992820670,57191
849076,HENDERSON FEDERAL SAVINGS BANK,TX,,3/31/2025,XBRL,2026-06-03T03:30:48.174808+00:00,/Users/adityarajiv/Documents/ffiec-cdr/ONLY_TEXAS_SINCE_2025/archive/call/3-31-2025/849076.xbrl,cb226260509b8fb101c47885e22ae64e0e2fd54872192405a674407db77fa996,57837
849357,"FIRST NATIONAL BANK OF HUGHES SPRINGS, THE",TX,,3/31/2025,XBRL,2026-06-03T03:30:48.174808+00:00,/Users/adityarajiv/Documents/ffiec-cdr/ONLY_TEXAS_SINCE_2025/archive/call/3-31-2025/849357.xbrl,3ca2dc0a3598d92ee5a1a10faf3a55fe9e52bdf03727f07bef89b1263cb7a000,59447
851060,ATASCOSA BANK,TX,,3/31/2025,XBRL,2026-06-03T03:30:48.174808+00:00,/Users/adityarajiv/Documents/ffiec-cdr/ONLY_TEXAS_SINCE_2025/archive/call/3-31-2025/851060.xbrl,955fc0d1ed260f9ffa3ae5c32d6a839297c640fe976a897746d9b66d231510d7,57456
853251,UNITY NATIONAL BANK OF HOUSTON,TX,,3/31/2025,XBRL,2026-06-03T03:30:48.174808+00:00,/Users/adityarajiv/Documents/ffiec-cdr/ONLY_TEXAS_SINCE_2025/archive/call/3-31-2025/853251.xbrl,2d57c9bacbecb948fe671bf684d9d8c1e4c651428140760919b9a6d1880ddf2e,58871
855264,FIRST NATIONAL BANK IN PORT LAVACA,TX,,3/31/2025,XBRL,2026-06-03T03:30:48.174808+00:00,/Users/adityarajiv/Documents/ffiec-cdr/ONLY_TEXAS_SINCE_2025/archive/call/3-31-2025/855264.xbrl,aabbfb4eaad3cb536225a8b34bf7b8d2357ef3a91ef5a30d870f5dc74b6b6f1c,58566
856869,POWELL STATE BANK,TX,,3/31/2025,XBRL,2026-06-03T03:30:48.174808+00:00,/Users/adityarajiv/Documents/ffiec-cdr/ONLY_TEXAS_SINCE_2025/archive/call/3-31-2025/856869.xbrl,4965914d643a4013d8a4794d3201a865c390b285e2f7d72531c1f06615085560,58456
857455,TEJAS BANK,TX,,3/31/2025,XBRL,2026-06-03T03:30:48.174808+00:00,/Users/adityarajiv/Documents/ffiec-cdr/ONLY_TEXAS_SINCE_2025/archive/call/3-31-2025/857455.xbrl,660a3d6a8d9fa83d972738b33a68c80eceba6043e102d0813403b0ba225c29f9,58848
859552,BANK OF THE WEST,TX,,3/31/2025,XBRL,2026-06-03T03:30:48.174808+00:00,/Users/adityarajiv/Documents/ffiec-cdr/ONLY_TEXAS_SINCE_2025/archive/call/3-31-2025/859552.xbrl,8703c1aa3f25f591e8f06486a922ebe4ec9f73cefe118457b7f3d94dfef37c73,121952
863362,BRAZOS NATIONAL BANK,TX,,3/31/2025,XBRL,2026-06-03T03:30:48.174808+00:00,/Users/adityarajiv/Documents/ffiec-cdr/ONLY_TEXAS_SINCE_2025/archive/call/3-31-2025/863362.xbrl,0214bffd4e1a5abae8818604462d04c417e4f2d44bc7bd03857096ae48adedc4,58688
867650,PINNACLE BANK,TX,,3/31/2025,XBRL,2026-06-03T03:30:48.174808+00:00,/Users/adityarajiv/Documents/ffiec-cdr/ONLY_TEXAS_SINCE_2025/archive/call/3-31-2025/867650.xbrl,a8f1febf247b067c3e890e827cd5c8509dea110455579953fe49876ffcae0ddd,131975
869663,CITIZENS 1ST BANK,TX,,3/31/2025,XBRL,2026-06-03T03:30:48.174808+00:00,/Users/adityarajiv/Documents/ffiec-cdr/ONLY_TEXAS_SINCE_2025/archive/call/3-31-2025/869663.xbrl,c59e59c044ea2f5ba11bd0ce2bbce8584c21355430dec25c65bc1fe4d229e982,59912
871956,"FIRST BANK OF CELESTE, THE",TX,,3/31/2025,XBRL,2026-06-03T03:30:48.174808+00:00,/Users/adityarajiv/Documents/ffiec-cdr/ONLY_TEXAS_SINCE_2025/archive/call/3-31-2025/871956.xbrl,3b66eb8e5a49b798b6c1a8094c28c156c477ff59af55fcd98cc056dae72eaf43,59145
875057,FARMERS STATE BANK,TX,,3/31/2025,XBRL,2026-06-03T03:30:48.174808+00:00,/Users/adityarajiv/Documents/ffiec-cdr/ONLY_TEXAS_SINCE_2025/archive/call/3-31-2025/875057.xbrl,9f48c148fdb0c10c2d98bacac7d877b2dc29d895c11b8bd737700c33a2c12e22,59591
875758,FIRST TEXAS BANK,TX,,3/31/2025,XBRL,2026-06-03T03:30:48.174808+00:00,/Users/adityarajiv/Documents/ffiec-cdr/ONLY_TEXAS_SINCE_2025/archive/call/3-31-2025/875758.xbrl,f64c82b80034832b6dea9de66bd2598691869fc82884646f40b624570fd187e7,58545
88352,FIRST STATE BANK OF BEDIAS,TX,,3/31/2025,XBRL,2026-06-03T03:30:48.174808+00:00,/Users/adityarajiv/Documents/ffiec-cdr/ONLY_TEXAS_SINCE_2025/archive/call/3-31-2025/88352.xbrl,2af9f27424485098d8f965a0ba85e6aeb775bc4f0b0913fc329329466cf3796c,82128
884358,FIRST STATE BANK OF LIVINGSTON,TX,,3/31/2025,XBRL,2026-06-03T03:30:48.174808+00:00,/Users/adityarajiv/Documents/ffiec-cdr/ONLY_TEXAS_SINCE_2025/archive/call/3-31-2025/884358.xbrl,d4507ca31fa9c21447ee86c4d68c0d00ea71b11d9261f48a897c4ff92141e8f5,58720
885252,CITIZENS BANK,TX,,3/31/2025,XBRL,2026-06-03T03:30:48.174808+00:00,/Users/adityarajiv/Documents/ffiec-cdr/ONLY_TEXAS_SINCE_2025/archive/call/3-31-2025/885252.xbrl,792ac851d1c83f4637a78a98d575eac2232a86374f9957fb69abb619046da142,59132
885869,"COMMERCIAL BANK OF TEXAS, N.A.",TX,,3/31/2025,XBRL,2026-06-03T03:30:48.174808+00:00,/Users/adityarajiv/Documents/ffiec-cdr/ONLY_TEXAS_SINCE_2025/archive/call/3-31-2025/885869.xbrl,33efa88141f651bf29ccfff41529ac0d3d6090a13c5f76689dc18e168812b1b5,60413
888552,"FIRST STATE BANK, THE",TX,,3/31/2025,XBRL,2026-06-03T03:30:48.174808+00:00,/Users/adityarajiv/Documents/ffiec-cdr/ONLY_TEXAS_SINCE_2025/archive/call/3-31-2025/888552.xbrl,35453da0b5630f9212b37cc6ba0f9883c18b2a7bf21149472ac0ce263ff6bf39,58903
891253,COLUMBUS STATE BANK,TX,,3/31/2025,XBRL,2026-06-03T03:30:48.174808+00:00,/Users/adityarajiv/Documents/ffiec-cdr/ONLY_TEXAS_SINCE_2025/archive/call/3-31-2025/891253.xbrl,3c580a8d9151de86aea77ac16b6804eb7bee38b53595ad2a2575d0821ee9348f,59423
895055,"FIRST NATIONAL BANK OF MCGREGOR, THE",TX,,3/31/2025,XBRL,2026-06-03T03:30:48.174808+00:00,/Users/adityarajiv/Documents/ffiec-cdr/ONLY_TEXAS_SINCE_2025/archive/call/3-31-2025/895055.xbrl,54ef9d37ec266baa7cbae0b584329600c87c6777568052ff09df3ba9cc5c727c,60198
898579,"FIRST FEDERAL COMMUNITY BANK, SSB",TX,,3/31/2025,XBRL,2026-06-03T03:30:48.174808+00:00,/Users/adityarajiv/Documents/ffiec-cdr/ONLY_TEXAS_SINCE_2025/archive/call/3-31-2025/898579.xbrl,33176fafb09d158cfcb8196700ee5985306f3762428cb24b292bd1f0f612642e,59692
89957,"CENDERA BANK, N.A.",TX,,3/31/2025,XBRL,2026-06-03T03:30:48.174808+00:00,/Users/adityarajiv/Documents/ffiec-cdr/ONLY_TEXAS_SINCE_2025/archive/call/3-31-2025/89957.xbrl,bd848900692fe6ddb87802920383580a2143959699f5e5127f645ab1505bc50c,57478
899651,CITIZENS STATE BANK,TX,,3/31/2025,XBRL,2026-06-03T03:30:48.174808+00:00,/Users/adityarajiv/Documents/ffiec-cdr/ONLY_TEXAS_SINCE_2025/archive/call/3-31-2025/899651.xbrl,f44411c6f7b7e891de0141420154165d4107ec50a12eef69422f2f189b8365b2,58518
901451,CITIZENS NATIONAL BANK OF CROSBYTON,TX,,3/31/2025,XBRL,2026-06-03T03:30:48.174808+00:00,/Users/adityarajiv/Documents/ffiec-cdr/ONLY_TEXAS_SINCE_2025/archive/call/3-31-2025/901451.xbrl,da2d0c865cf0c5efc94b28553e02a70ca15d3e03ca9c45c0c1ce254d81094939,57960
908861,"TRANSPECOS BANKS, SSB",TX,,3/31/2025,XBRL,2026-06-03T03:30:48.174808+00:00,/Users/adityarajiv/Documents/ffiec-cdr/ONLY_TEXAS_SINCE_2025/archive/call/3-31-2025/908861.xbrl,3ff9c9733e3db3c68a0c9dd8a5b870db58538e170656833f7cc67d13e64457d5,86907
911160,PILGRIM BANK,TX,,3/31/2025,XBRL,2026-06-03T03:30:48.174808+00:00,/Users/adityarajiv/Documents/ffiec-cdr/ONLY_TEXAS_SINCE_2025/archive/call/3-31-2025/911160.xbrl,dad460da45b7fd7e12394f0fcb7ec702b0ef13d9ff63d29ae2351310e4b853b4,59944
913753,INWOOD NATIONAL BANK,TX,,3/31/2025,XBRL,2026-06-03T03:30:48.174808+00:00,/Users/adityarajiv/Documents/ffiec-cdr/ONLY_TEXAS_SINCE_2025/archive/call/3-31-2025/913753.xbrl,9a70c68340645cf5409eef823f6efc65f42730df534e6915dbd0ea4114602f51,124912
91754,"FIRST NATIONAL BANK OF BELLVILLE, THE",TX,,3/31/2025,XBRL,2026-06-03T03:30:48.174808+00:00,/Users/adityarajiv/Documents/ffiec-cdr/ONLY_TEXAS_SINCE_2025/archive/call/3-31-2025/91754.xbrl,b8bfbf9ab65549787abaaec3089d820a4ceedd69cdd5f34ba414122eb116ae3c,86630
917555,UBANK,TX,,3/31/2025,XBRL,2026-06-03T03:30:48.174808+00:00,/Users/adityarajiv/Documents/ffiec-cdr/ONLY_TEXAS_SINCE_2025/archive/call/3-31-2025/917555.xbrl,27dbedcb805a57083ecd8f64f39382b50a6ab7d933ea5b55d02ac83d10d2263b,59058
919568,FIRST CAPITAL BANK,TX,,3/31/2025,XBRL,2026-06-03T03:30:48.174808+00:00,/Users/adityarajiv/Documents/ffiec-cdr/ONLY_TEXAS_SINCE_2025/archive/call/3-31-2025/919568.xbrl,8fba58fa5b72c57708a729e6b19142d6f23477f477fcc259a914938114197a42,59575
924058,"JACKSBORO NATIONAL BANK, THE",TX,,3/31/2025,XBRL,2026-06-03T03:30:48.174808+00:00,/Users/adityarajiv/Documents/ffiec-cdr/ONLY_TEXAS_SINCE_2025/archive/call/3-31-2025/924058.xbrl,90666f554b825e1eff326017c40b621587e97030dc1fe99b8d685b76f6855168,59924
925653,BANK OF TEXAS,TX,,3/31/2025,XBRL,2026-06-03T03:30:48.174808+00:00,/Users/adityarajiv/Documents/ffiec-cdr/ONLY_TEXAS_SINCE_2025/archive/call/3-31-2025/925653.xbrl,e0f5f71c0331d9017e219a6e306a85f7185a6a378900cb9e331d4bed545e666d,59668
938859,NEWFIRST NATIONAL BANK,TX,,3/31/2025,XBRL,2026-06-03T03:30:48.174808+00:00,/Users/adityarajiv/Documents/ffiec-cdr/ONLY_TEXAS_SINCE_2025/archive/call/3-31-2025/938859.xbrl,b04fd7fed67427104a62b2592482ca110a81b443660690365c5c6aa2609836cd,59025
946555,LLANO NATIONAL BANK,TX,,3/31/2025,XBRL,2026-06-03T03:30:48.174808+00:00,/Users/adityarajiv/Documents/ffiec-cdr/ONLY_TEXAS_SINCE_2025/archive/call/3-31-2025/946555.xbrl,b48ad4e22dcb39c7086b2f983a99f2f055158d0573978f41c01cdb632d5aa57c,58421
949154,TEXAS BANK AND TRUST COMPANY,TX,,3/31/2025,XBRL,2026-06-03T03:30:48.174808+00:00,/Users/adityarajiv/Documents/ffiec-cdr/ONLY_TEXAS_SINCE_2025/archive/call/3-31-2025/949154.xbrl,0f328e95b7fd4408c9c8b114ac48461b85023d2c60bc38e562a428d33b195fb9,137478
954653,CITIZENS STATE BANK OF LULING,TX,,3/31/2025,XBRL,2026-06-03T03:30:48.174808+00:00,/Users/adityarajiv/Documents/ffiec-cdr/ONLY_TEXAS_SINCE_2025/archive/call/3-31-2025/954653.xbrl,bdbd26f001d09512b1ddf90a6a820cbc7653bfec4cd3e9dc8d47b3d254efb3fa,57520
956750,RIO BANK,TX,,3/31/2025,XBRL,2026-06-03T03:30:48.174808+00:00,/Users/adityarajiv/Documents/ffiec-cdr/ONLY_TEXAS_SINCE_2025/archive/call/3-31-2025/956750.xbrl,2954abf8e843710322e21325649e7fd48256c30829736312f39f2a3540281381,59692
958763,NORMANGEE STATE BANK,TX,,3/31/2025,XBRL,2026-06-03T03:30:48.174808+00:00,/Users/adityarajiv/Documents/ffiec-cdr/ONLY_TEXAS_SINCE_2025/archive/call/3-31-2025/958763.xbrl,9bdcb1c7b25df61b760142d388d259e5cfe9e8f9a8a55f48cdbdc4b163b65d07,58636
964157,VALUEBANK TEXAS,TX,,3/31/2025,XBRL,2026-06-03T03:30:48.174808+00:00,/Users/adityarajiv/Documents/ffiec-cdr/ONLY_TEXAS_SINCE_2025/archive/call/3-31-2025/964157.xbrl,42207df7c9f6808a6a784490cf69ab2ca2cd95345d151d2b9454052605141e4a,58782
965789,SUSSER BANK,TX,,3/31/2025,XBRL,2026-06-03T03:30:48.174808+00:00,/Users/adityarajiv/Documents/ffiec-cdr/ONLY_TEXAS_SINCE_2025/archive/call/3-31-2025/965789.xbrl,e9490a2fbc41508039d0d563de24dfa92760b677e21314233b6d9daae1d9f634,132901
969956,ZAVALA COUNTY BANK,TX,,3/31/2025,XBRL,2026-06-03T03:30:48.174808+00:00,/Users/adityarajiv/Documents/ffiec-cdr/ONLY_TEXAS_SINCE_2025/archive/call/3-31-2025/969956.xbrl,19f6afc208c46e3d0811789e4c370d7ec87a15f5d458d4e8d250738287652814,58240
971070,"DALHART FEDERAL SAVINGS & LOAN ASSOCIATION, SSB",TX,,3/31/2025,XBRL,2026-06-03T03:30:48.174808+00:00,/Users/adityarajiv/Documents/ffiec-cdr/ONLY_TEXAS_SINCE_2025/archive/call/3-31-2025/971070.xbrl,bb4f7fe4b299ef1f2e82917c384145ae86aca1ad007dc8aebb0f47b058652af7,58802
972862,PLAINS STATE BANK,TX,,3/31/2025,XBRL,2026-06-03T03:30:48.174808+00:00,/Users/adityarajiv/Documents/ffiec-cdr/ONLY_TEXAS_SINCE_2025/archive/call/3-31-2025/972862.xbrl,914afc51868b35f388ca91d1495a38f8724b385b872231516aedad8e640eac90,59070
977652,JOHNSON CITY BANK,TX,,3/31/2025,XBRL,2026-06-03T03:30:48.174808+00:00,/Users/adityarajiv/Documents/ffiec-cdr/ONLY_TEXAS_SINCE_2025/archive/call/3-31-2025/977652.xbrl,fea6871d1261c0055d8385a8da775b0ef1f6f0c31e751448251a1c4c401d9c9d,57761
979759,"KARNES COUNTY NATIONAL BANK OF KARNES CITY, THE",TX,,3/31/2025,XBRL,2026-06-03T03:30:48.174808+00:00,/Users/adityarajiv/Documents/ffiec-cdr/ONLY_TEXAS_SINCE_2025/archive/call/3-31-2025/979759.xbrl,3edfcaf2767c0df1b90b689652aa15576a9f96dfa845289b327564dadc15aef0,59444
980960,BENCHMARK BANK,TX,,3/31/2025,XBRL,2026-06-03T03:30:48.174808+00:00,/Users/adityarajiv/Documents/ffiec-cdr/ONLY_TEXAS_SINCE_2025/archive/call/3-31-2025/980960.xbrl,caf3d944b22dba09475a6088067ba80e99c4650e929a2df98514619dd692cabc,59820
995955,KRESS NATIONAL BANK,TX,,3/31/2025,XBRL,2026-06-03T03:30:48.174808+00:00,/Users/adityarajiv/Documents/ffiec-cdr/ONLY_TEXAS_SINCE_2025/archive/call/3-31-2025/995955.xbrl,5b72be18f864e82e8c6474dbe4c640e6306571b3e9fee1095eef08ccbe2d6df6,58947
1001152,INTERNATIONAL BANK OF COMMERCE,TX,,3/31/2026,XBRL,2026-06-02T21:42:10.446614+00:00,/Users/adityarajiv/Documents/ffiec-cdr/ONLY_TEXAS_SINCE_2025/archive/call/3-31-2026/1001152.xbrl,45b595bc7bf5ddb48b0c050db8e850a56beac7aa3b2b91d6b088ac62c2688b1f,134416
100357,"LEGEND BANK, N. A.",TX,,3/31/2026,XBRL,2026-06-02T21:42:10.446614+00:00,/Users/adityarajiv/Documents/ffiec-cdr/ONLY_TEXAS_SINCE_2025/archive/call/3-31-2026/100357.xbrl,3d3bf9cbe65c3e28f58de5290e5d7af80ccb36ef8964162149a1edaa639fc277,60147
1012251,FIRST STATE BANK AND TRUST COMPANY,TX,,3/31/2026,XBRL,2026-06-02T21:42:10.446614+00:00,/Users/adityarajiv/Documents/ffiec-cdr/ONLY_TEXAS_SINCE_2025/archive/call/3-31-2026/1012251.xbrl,59a8900d2dd087e96f47b5bbec63950e23fd9be224a84fa77dc531ad36dbd3d5,59486
1017564,COMMERCIAL STATE BANK,TX,,3/31/2026,XBRL,2026-06-02T21:42:10.446614+00:00,/Users/adityarajiv/Documents/ffiec-cdr/ONLY_TEXAS_SINCE_2025/archive/call/3-31-2026/1017564.xbrl,92aade1bc73e706c6d822d9ecc704fb7d3fc6b84711454470a17f3d2e870ec10,60148
101952,"BRADY NATIONAL BANK, THE",TX,,3/31/2026,XBRL,2026-06-02T21:42:10.446614+00:00,/Users/adityarajiv/Documents/ffiec-cdr/ONLY_TEXAS_SINCE_2025/archive/call/3-31-2026/101952.xbrl,26d718f35a1c54956d2d58911906826e0c34ed57d16b48678f9e8a0ae00e4292,58610
108269,"FIRST NATIONAL BANK OF MOODY, THE",TX,,3/31/2026,XBRL,2026-06-02T21:42:10.446614+00:00,/Users/adityarajiv/Documents/ffiec-cdr/ONLY_TEXAS_SINCE_2025/archive/call/3-31-2026/108269.xbrl,f796239fa460d03f80f7d5f5e0f2d8c196d85a2afcfb2fff54aa2c3eee8aff32,58166
1157415,STATE BANK OF TEXAS,TX,,3/31/2026,XBRL,2026-06-02T21:42:10.446614+00:00,/Users/adityarajiv/Documents/ffiec-cdr/ONLY_TEXAS_SINCE_2025/archive/call/3-31-2026/1157415.xbrl,09728a8723079b661615ccbbc0791a38f69d2c7a26ab88a50b2df039bc035195,59368
1176881,XD BANK,TX,,3/31/2026,XBRL,2026-06-02T21:42:10.446614+00:00,/Users/adityarajiv/Documents/ffiec-cdr/ONLY_TEXAS_SINCE_2025/archive/call/3-31-2026/1176881.xbrl,fdb899897340db477e5ceb6f3fee41299839063e59407700093903c82001ddb8,123439
1293078,PEOPLES BANK,TX,,3/31/2026,XBRL,2026-06-02T21:42:10.446614+00:00,/Users/adityarajiv/Documents/ffiec-cdr/ONLY_TEXAS_SINCE_2025/archive/call/3-31-2026/1293078.xbrl,a8bbd6162bddc68080abfc4a7c8385bfd3bb6d0a0d3c4c3a0c49c5f78e787279,58406
138257,"FIRST NATIONAL BANK OF ASPERMONT, THE",TX,,3/31/2026,XBRL,2026-06-02T21:42:10.446614+00:00,/Users/adityarajiv/Documents/ffiec-cdr/ONLY_TEXAS_SINCE_2025/archive/call/3-31-2026/138257.xbrl,d928e678e98f6caf267c669a7f222a0c8f369f2372d5fbc9c58f1b4f6cccf998,59367
1435092,TEXAS NATIONAL BANK,TX,,3/31/2026,XBRL,2026-06-02T21:42:10.446614+00:00,/Users/adityarajiv/Documents/ffiec-cdr/ONLY_TEXAS_SINCE_2025/archive/call/3-31-2026/1435092.xbrl,48de1d1681286e9e77f4593e5fc34756cc770732e7afcf46066089a66f1e6161,60134
1447639,WESTSTAR BANK,TX,,3/31/2026,XBRL,2026-06-02T21:42:10.446614+00:00,/Users/adityarajiv/Documents/ffiec-cdr/ONLY_TEXAS_SINCE_2025/archive/call/3-31-2026/1447639.xbrl,117fcef5adc1ad881e93f1ccceb6ed94a4df3cb9c100a6bec90aa7d67868c03a,66443
14977,"FIRST FEDERAL BANK LITTLEFIELD, TEXAS, SSB",TX,,3/31/2026,XBRL,2026-06-02T21:42:10.446614+00:00,/Users/adityarajiv/Documents/ffiec-cdr/ONLY_TEXAS_SINCE_2025/archive/call/3-31-2026/14977.xbrl,80784e41b6dcc4221ff1b0a38de3fa1944c29012f5d1cfeb068ae060adbeb447,81236
160454,"FIRST NATIONAL BANK OF BALLINGER, THE",TX,,3/31/2026,XBRL,2026-06-02T21:42:10.446614+00:00,/Users/adityarajiv/Documents/ffiec-cdr/ONLY_TEXAS_SINCE_2025/archive/call/3-31-2026/160454.xbrl,7173750dc9edc05d4f940f48e7208fd1d0661d0204adf489b2a43b13eb971bcc,59216
1669,"LIBERTY NATIONAL BANK IN PARIS, THE",TX,,3/31/2026,XBRL,2026-06-02T21:42:10.446614+00:00,/Users/adityarajiv/Documents/ffiec-cdr/ONLY_TEXAS_SINCE_2025/archive/call/3-31-2026/1669.xbrl,784b6a4512cb2551a35e26a1ddc2826b3d15a17ab9b8f771192318c7c266cd32,57450
169354,"STATE NATIONAL BANK OF BIG SPRING, THE",TX,,3/31/2026,XBRL,2026-06-02T21:42:10.446614+00:00,/Users/adityarajiv/Documents/ffiec-cdr/ONLY_TEXAS_SINCE_2025/archive/call/3-31-2026/169354.xbrl,b93132765d8af63d9de5cd67885752aa6779bceb10a32fbd9273f2bbaa7ecd42,58737
170257,HASKELL NATIONAL BANK,TX,,3/31/2026,XBRL,2026-06-02T21:42:10.446614+00:00,/Users/adityarajiv/Documents/ffiec-cdr/ONLY_TEXAS_SINCE_2025/archive/call/3-31-2026/170257.xbrl,89cca8064d5e038b4a65c9e6f372e9380de10b72b125edd405844b4ded2e04cb,59326
171768,"SOUTHSTAR BANK, S.S.B.",TX,,3/31/2026,XBRL,2026-06-02T21:42:10.446614+00:00,/Users/adityarajiv/Documents/ffiec-cdr/ONLY_TEXAS_SINCE_2025/archive/call/3-31-2026/171768.xbrl,d1dbe88016b15ef7db4aad1cf5411cc03119752a0c19358543a2406f8269b303,60731
173959,"FIRST NATIONAL BANK OF HEBBRONVILLE, THE",TX,,3/31/2026,XBRL,2026-06-02T21:42:10.446614+00:00,/Users/adityarajiv/Documents/ffiec-cdr/ONLY_TEXAS_SINCE_2025/archive/call/3-31-2026/173959.xbrl,38bab78c3ac3f379768492ba7c175d28f5458270cfba1eaf6cf53e03e29d094f,58501
174367,COMMERCE BANK TEXAS,TX,,3/31/2026,XBRL,2026-06-02T21:42:10.446614+00:00,/Users/adityarajiv/Documents/ffiec-cdr/ONLY_TEXAS_SINCE_2025/archive/call/3-31-2026/174367.xbrl,b0aeb7c1fe2f2e0e863526447423268f3258f1a13e97ced9a48746e042c13f20,57717
176464,ALLIANCE BANK,TX,,3/31/2026,XBRL,2026-06-02T21:42:10.446614+00:00,/Users/adityarajiv/Documents/ffiec-cdr/ONLY_TEXAS_SINCE_2025/archive/call/3-31-2026/176464.xbrl,585da7e0bd1ebff34959736af9caf7e8ffa07110ab9a0c5bfeda91e50dbcbb19,60363
18050,"FIRST NATIONAL BANK OF BASTROP, THE",TX,,3/31/2026,XBRL,2026-06-02T21:42:10.446614+00:00,/Users/adityarajiv/Documents/ffiec-cdr/ONLY_TEXAS_SINCE_2025/archive/call/3-31-2026/18050.xbrl,d288f22c8be21336dd5579d4371cce5be22b621ed8cfc54789d30e7459123a96,59768
181963,"CITY NATIONAL BANK OF TAYLOR, THE",TX,,3/31/2026,XBRL,2026-06-02T21:42:10.446614+00:00,/Users/adityarajiv/Documents/ffiec-cdr/ONLY_TEXAS_SINCE_2025/archive/call/3-31-2026/181963.xbrl,be982b7f3f5605398e8d27d5fea8777b7dae64be1af354b6fcff8d09c5648b69,58160
182951,"CLASSIC BANK, NATIONAL ASSOCIATION",TX,,3/31/2026,XBRL,2026-06-02T21:42:10.446614+00:00,/Users/adityarajiv/Documents/ffiec-cdr/ONLY_TEXAS_SINCE_2025/archive/call/3-31-2026/182951.xbrl,8f9fbb92b5ff40e8ec2b2f07f0c4cb2e7938cd49fdf97d4972a0a584a0ad73e9,59847
184656,"CITIZENS NATIONAL BANK OF HILLSBORO, THE",TX,,3/31/2026,XBRL,2026-06-02T21:42:10.446614+00:00,/Users/adityarajiv/Documents/ffiec-cdr/ONLY_TEXAS_SINCE_2025/archive/call/3-31-2026/184656.xbrl,9009c14c723dd3942dab784f63be31ed9d44833074e313a688f106d92e3997fe,114431
1893049,"CHARLES SCHWAB PREMIER BANK, SSB",TX,,3/31/2026,XBRL,2026-06-02T21:42:10.446614+00:00,/Users/adityarajiv/Documents/ffiec-cdr/ONLY_TEXAS_SINCE_2025/archive/call/3-31-2026/1893049.xbrl,57a40546a172548cca7701e52b0b4667d10cad85c101946c106a2f6353a8841a,165051
190563,FIRST STATE BANK OF TEXAS,TX,,3/31/2026,XBRL,2026-06-02T21:42:10.446614+00:00,/Users/adityarajiv/Documents/ffiec-cdr/ONLY_TEXAS_SINCE_2025/archive/call/3-31-2026/190563.xbrl,1f19cad31fd87ff43058337cf179891c64d63a3e5bef0b8a8ede107b68809f4a,59108
193162,"FIRST NATIONAL BANK OF TOM BEAN, THE",TX,,3/31/2026,XBRL,2026-06-02T21:42:10.446614+00:00,/Users/adityarajiv/Documents/ffiec-cdr/ONLY_TEXAS_SINCE_2025/archive/call/3-31-2026/193162.xbrl,966d2f792b75b41d9e04818250de171fa110a99cfe6989e23e6d79d204127ae1,58616
198961,FIRST NATIONAL BANK OF BOSQUE COUNTY,TX,,3/31/2026,XBRL,2026-06-02T21:42:10.446614+00:00,/Users/adityarajiv/Documents/ffiec-cdr/ONLY_TEXAS_SINCE_2025/archive/call/3-31-2026/198961.xbrl,a78c4caccfc43080da06735c64450b498660d837243d05559b782dad3db38cb0,58599
199463,WESTERN BANK,TX,,3/31/2026,XBRL,2026-06-02T21:42:10.446614+00:00,/Users/adityarajiv/Documents/ffiec-cdr/ONLY_TEXAS_SINCE_2025/archive/call/3-31-2026/199463.xbrl,25c29b79ae8a030dba75b0819f6baffe218a37cda9f5b99f5d6b24b4fedc2b6e,58873
215662,AMERICAN BANK OF COMMERCE,TX,,3/31/2026,XBRL,2026-06-02T21:42:10.446614+00:00,/Users/adityarajiv/Documents/ffiec-cdr/ONLY_TEXAS_SINCE_2025/archive/call/3-31-2026/215662.xbrl,3e209677de402674b834c77d04514164614b14d5df0a42f7b72d75c17ac62a55,132597
2161,LAMAR NATIONAL BANK,TX,,3/31/2026,XBRL,2026-06-02T21:42:10.446614+00:00,/Users/adityarajiv/Documents/ffiec-cdr/ONLY_TEXAS_SINCE_2025/archive/call/3-31-2026/2161.xbrl,843646379ab1e4d99b8c0903f5d274745e950f8dbc547ed547d20eb8f679f33a,57925
216164,FIRST STATE BANK,TX,,3/31/2026,XBRL,2026-06-02T21:42:10.446614+00:00,/Users/adityarajiv/Documents/ffiec-cdr/ONLY_TEXAS_SINCE_2025/archive/call/3-31-2026/216164.xbrl,cf94ebe9c0d7deed88b77b5cbbe44a994f82506c7cc69e77887d7f16dc738ce6,59566
218261,ZAPATA NATIONAL BANK,TX,,3/31/2026,XBRL,2026-06-02T21:42:10.446614+00:00,/Users/adityarajiv/Documents/ffiec-cdr/ONLY_TEXAS_SINCE_2025/archive/call/3-31-2026/218261.xbrl,63b445b65f9039bb78a27ada0c49bf2da208b986bebc0d8a1947bd48f1bb358b,57587
227357,"BRENHAM NATIONAL BANK, THE",TX,,3/31/2026,XBRL,2026-06-02T21:42:10.446614+00:00,/Users/adityarajiv/Documents/ffiec-cdr/ONLY_TEXAS_SINCE_2025/archive/call/3-31-2026/227357.xbrl,bbdc728afaee25d60ad62889aee5f590b082ea8c856973e0906b306a283b61a9,59854
229454,FIRST STATE BANK OF BROWNSBORO,TX,,3/31/2026,XBRL,2026-06-02T21:42:10.446614+00:00,/Users/adityarajiv/Documents/ffiec-cdr/ONLY_TEXAS_SINCE_2025/archive/call/3-31-2026/229454.xbrl,0c50e78490e219d2d220e65d9e2fb45fb504a5f1e175e58e1a6b7826052b8060,57696
230759,INTERNATIONAL BANK OF COMMERCE,TX,,3/31/2026,XBRL,2026-06-02T21:42:10.446614+00:00,/Users/adityarajiv/Documents/ffiec-cdr/ONLY_TEXAS_SINCE_2025/archive/call/3-31-2026/230759.xbrl,e5dbede108c91e9166f72c596acfabc1031b91bdbd15a2e4d586937d18beac4f,131970
232856,TEXASBANK,TX,,3/31/2026,XBRL,2026-06-02T21:42:10.446614+00:00,/Users/adityarajiv/Documents/ffiec-cdr/ONLY_TEXAS_SINCE_2025/archive/call/3-31-2026/232856.xbrl,8ef3436fa9d95658796d301c2f0222c705fbe6f331102efacf5b0c6cf3e92014,60778
233358,CITIZENS NATIONAL BANK AT BROWNWOOD,TX,,3/31/2026,XBRL,2026-06-02T21:42:10.446614+00:00,/Users/adityarajiv/Documents/ffiec-cdr/ONLY_TEXAS_SINCE_2025/archive/call/3-31-2026/233358.xbrl,f3e8b6197d4b7f0df48efb50a4194ea945bc42cb719aa8846ef22a6bec7ff57e,58952
2362458,"WELLS FARGO BANK SOUTH CENTRAL, NATIONAL ASSOCIATION",TX,,3/31/2026,XBRL,2026-06-02T21:42:10.446614+00:00,/Users/adityarajiv/Documents/ffiec-cdr/ONLY_TEXAS_SINCE_2025/archive/call/3-31-2026/2362458.xbrl,16b390b7e25e835e1447881eae311ae85541d083adb75894a57d338008de4d25,150420
237066,WEST TEXAS NATIONAL BANK,TX,,3/31/2026,XBRL,2026-06-02T21:42:10.446614+00:00,/Users/adityarajiv/Documents/ffiec-cdr/ONLY_TEXAS_SINCE_2025/archive/call/3-31-2026/237066.xbrl,9a3c1282c21cd68a31699a394bdd89219985dd512e71bfb205b1663e8a7376ca,131905
239659,FIRST BANK,TX,,3/31/2026,XBRL,2026-06-02T21:42:10.446614+00:00,/Users/adityarajiv/Documents/ffiec-cdr/ONLY_TEXAS_SINCE_2025/archive/call/3-31-2026/239659.xbrl,7d9d92e956abf37c40780db288dca41442908c62b913972550f1b9c4ef8e0888,60863
240954,FIRST NATIONAL BANK OF BURLESON,TX,,3/31/2026,XBRL,2026-06-02T21:42:10.446614+00:00,/Users/adityarajiv/Documents/ffiec-cdr/ONLY_TEXAS_SINCE_2025/archive/call/3-31-2026/240954.xbrl,07abf87292f1a2972c010b00a57b3e478a00b40f825850d7063720e8e6c1b9c2,57745
247355,SECURITY STATE BANK & TRUST,TX,,3/31/2026,XBRL,2026-06-02T21:42:10.446614+00:00,/Users/adityarajiv/Documents/ffiec-cdr/ONLY_TEXAS_SINCE_2025/archive/call/3-31-2026/247355.xbrl,71e43722d06ed91fe968f056049ed0b5ae6d40c1a06c6a85e830718cc3fc23ab,59934
2490285,FIRST NATIONAL BANK,TX,,3/31/2026,XBRL,2026-06-02T21:42:10.446614+00:00,/Users/adityarajiv/Documents/ffiec-cdr/ONLY_TEXAS_SINCE_2025/archive/call/3-31-2026/2490285.xbrl,df594a704310c650a2d406fa970981305092129311d8a283739e75ca257a1383,59790
253356,MOODY NATIONAL BANK,TX,,3/31/2026,XBRL,2026-06-02T21:42:10.446614+00:00,/Users/adityarajiv/Documents/ffiec-cdr/ONLY_TEXAS_SINCE_2025/archive/call/3-31-2026/253356.xbrl,4be9d4f9d030d10b5b3cf549019457e1eb061dd949046d1dbd86516955eefcd8,100940
2568063,FIRST COMMAND BANK,TX,,3/31/2026,XBRL,2026-06-02T21:42:10.446614+00:00,/Users/adityarajiv/Documents/ffiec-cdr/ONLY_TEXAS_SINCE_2025/archive/call/3-31-2026/2568063.xbrl,7ce9e44cbae018777c3833737d9201b0e0b718529d38ecd3e60874fafa32d4a7,66062
2597223,"LEGACY TRUST COMPANY, NATIONAL ASSOCIATION",TX,,3/31/2026,XBRL,2026-06-02T21:42:10.446614+00:00,/Users/adityarajiv/Documents/ffiec-cdr/ONLY_TEXAS_SINCE_2025/archive/call/3-31-2026/2597223.xbrl,69db15ea204681ca78ce3410d60750823ab0eae284ee1a95465da4a33324c3eb,61400
2597232,"HIGHTOWER TRUST COMPANY, NATIONAL ASSOCIATION, THE",TX,,3/31/2026,XBRL,2026-06-02T21:42:10.446614+00:00,/Users/adityarajiv/Documents/ffiec-cdr/ONLY_TEXAS_SINCE_2025/archive/call/3-31-2026/2597232.xbrl,c3a4720c6378081dc34566b492b4c27394dc306923b7a07b13450a55c81c0361,60135
261360,CITIZENS STATE BANK,TX,,3/31/2026,XBRL,2026-06-02T21:42:10.446614+00:00,/Users/adityarajiv/Documents/ffiec-cdr/ONLY_TEXAS_SINCE_2025/archive/call/3-31-2026/261360.xbrl,81292e79b420d73f2472900f660c74a9a0b372de4a52d225b57228ea9999dd15,59098
2618780,TEXAS CAPITAL BANK,TX,,3/31/2026,XBRL,2026-06-02T21:42:10.446614+00:00,/Users/adityarajiv/Documents/ffiec-cdr/ONLY_TEXAS_SINCE_2025/archive/call/3-31-2026/2618780.xbrl,01d9ffad4582b82dd1d096fa414dd0ea8cc69ad83d92fe51ca69870397f949a5,152714
262358,AMERICAN STATE BANK,TX,,3/31/2026,XBRL,2026-06-02T21:42:10.446614+00:00,/Users/adityarajiv/Documents/ffiec-cdr/ONLY_TEXAS_SINCE_2025/archive/call/3-31-2026/262358.xbrl,0777cfbe0b70517bf551259e4fa9000d8992eb98ff09583b95cf244e0bbd16cb,59922
2625724,SOUTHWESTERN NATIONAL BANK,TX,,3/31/2026,XBRL,2026-06-02T21:42:10.446614+00:00,/Users/adityarajiv/Documents/ffiec-cdr/ONLY_TEXAS_SINCE_2025/archive/call/3-31-2026/2625724.xbrl,810258292d9b40dd49b6633d1d524fb4367a4832ebbf2837c895f118aa22ac8f,60156
264455,FIRST STATE BANK,TX,,3/31/2026,XBRL,2026-06-02T21:42:10.446614+00:00,/Users/adityarajiv/Documents/ffiec-cdr/ONLY_TEXAS_SINCE_2025/archive/call/3-31-2026/264455.xbrl,6d87194f9323f9e40e231ce8d7aa40debce331d4e485452ff85646ccdbaf81dc,58720
26765,VANTAGE BANK TEXAS,TX,,3/31/2026,XBRL,2026-06-02T21:42:10.446614+00:00,/Users/adityarajiv/Documents/ffiec-cdr/ONLY_TEXAS_SINCE_2025/archive/call/3-31-2026/26765.xbrl,cf1f2a5a542122b84149dbb4679b240e051468f4305ea92bc0ef6c386d76064f,59755
2694681,AMERICAN FIRST NATIONAL BANK,TX,,3/31/2026,XBRL,2026-06-02T21:42:10.446614+00:00,/Users/adityarajiv/Documents/ffiec-cdr/ONLY_TEXAS_SINCE_2025/archive/call/3-31-2026/2694681.xbrl,41063cb8caf149b7e4a7700a9474540f367e8faf07b0e8f7a3da6576fe4d77b4,60497
272151,"GRANGER NATIONAL BANK, THE",TX,,3/31/2026,XBRL,2026-06-02T21:42:10.446614+00:00,/Users/adityarajiv/Documents/ffiec-cdr/ONLY_TEXAS_SINCE_2025/archive/call/3-31-2026/272151.xbrl,c6886fa7e463a4e55fcbf22ba810b518d945c02bce58f02ace556be4165df8db,57545
273662,FIRST STATE BANK OF UVALDE,TX,,3/31/2026,XBRL,2026-06-02T21:42:10.446614+00:00,/Users/adityarajiv/Documents/ffiec-cdr/ONLY_TEXAS_SINCE_2025/archive/call/3-31-2026/273662.xbrl,68d7a6c1996ed0c1f32a8124aa35496700f071b4046dee266cae711f70279537,59020
2759629,"FIRST NATIONAL BANK OF HEREFORD, THE",TX,,3/31/2026,XBRL,2026-06-02T21:42:10.446614+00:00,/Users/adityarajiv/Documents/ffiec-cdr/ONLY_TEXAS_SINCE_2025/archive/call/3-31-2026/2759629.xbrl,f36bc9d5096f6236045102f9c27ac525fff9a4b2d1b2e0f739a41342b51a0355,59221
279,"BROADSTREET BANK, SSB",TX,,3/31/2026,XBRL,2026-06-02T21:42:10.446614+00:00,/Users/adityarajiv/Documents/ffiec-cdr/ONLY_TEXAS_SINCE_2025/archive/call/3-31-2026/279.xbrl,2e4ebbffd9dbd7f96ba1ab24471f6f44eecb078050e9ee02ea6bef07aa6ed550,57511
283867,WALLIS BANK,TX,,3/31/2026,XBRL,2026-06-02T21:42:10.446614+00:00,/Users/adityarajiv/Documents/ffiec-cdr/ONLY_TEXAS_SINCE_2025/archive/call/3-31-2026/283867.xbrl,fdc2300559892f1aa3611ec62c2fc76fba176d5b1655a235986a00fc21de5693,59987
2891622,"CORNERSTONE CAPITAL BANK, SSB",TX,,3/31/2026,XBRL,2026-06-02T21:42:10.446614+00:00,/Users/adityarajiv/Documents/ffiec-cdr/ONLY_TEXAS_SINCE_2025/archive/call/3-31-2026/2891622.xbrl,d16fcf5e4035117d3888fc70719444448f3e1df3b8108d4e05e08875eefeb7a3,135965
292467,POINTWEST BANK,TX,,3/31/2026,XBRL,2026-06-02T21:42:10.446614+00:00,/Users/adityarajiv/Documents/ffiec-cdr/ONLY_TEXAS_SINCE_2025/archive/call/3-31-2026/292467.xbrl,dc5a42f0987164e1834254a05d990a7582ac56ad7dde690003de9cd37d4550a2,59115
293053,COMMUNITY NATIONAL BANK,TX,,3/31/2026,XBRL,2026-06-02T21:42:10.446614+00:00,/Users/adityarajiv/Documents/ffiec-cdr/ONLY_TEXAS_SINCE_2025/archive/call/3-31-2026/293053.xbrl,e3abf45bde8cbabe01a86664106191072695946d411cfa370681cc9683c28e3e,60101
296755,CITIZENS STATE BANK,TX,,3/31/2026,XBRL,2026-06-02T21:42:10.446614+00:00,/Users/adityarajiv/Documents/ffiec-cdr/ONLY_TEXAS_SINCE_2025/archive/call/3-31-2026/296755.xbrl,825d6c7ff0376b0d6a5a3da327f5d338003b6ef728dfc96cb6667ecad9e03c17,58589
30052,AMISTAD BANK,TX,,3/31/2026,XBRL,2026-06-02T21:42:10.446614+00:00,/Users/adityarajiv/Documents/ffiec-cdr/ONLY_TEXAS_SINCE_2025/archive/call/3-31-2026/30052.xbrl,1133ec443fee740d1d97c2311b4372ceaaef594e97367ee03e9bf9316bb74994,57000
303653,FIRST STATE BANK OF BURNET,TX,,3/31/2026,XBRL,2026-06-02T21:42:10.446614+00:00,/Users/adityarajiv/Documents/ffiec-cdr/ONLY_TEXAS_SINCE_2025/archive/call/3-31-2026/303653.xbrl,4933cc65e67d1dcdfa71e346cf2d1e6bdd679098a0278ae98a680897a8fd0e22,58484
304762,VICTORY BANK,TX,,3/31/2026,XBRL,2026-06-02T21:42:10.446614+00:00,/Users/adityarajiv/Documents/ffiec-cdr/ONLY_TEXAS_SINCE_2025/archive/call/3-31-2026/304762.xbrl,7d0a0126d769df09328a1a35876882cf4a599fe5100caea710bbc96011d0406c,58557
305059,"FIRST STATE BANK, THE",TX,,3/31/2026,XBRL,2026-06-02T21:42:10.446614+00:00,/Users/adityarajiv/Documents/ffiec-cdr/ONLY_TEXAS_SINCE_2025/archive/call/3-31-2026/305059.xbrl,5e16d390f3153da6c7d41f6ea0955b84f4d6a41147398e601d038c3ef8461e97,59247
307361,AMERICAN BANK NATIONAL ASSOCIATION,TX,,3/31/2026,XBRL,2026-06-02T21:42:10.446614+00:00,/Users/adityarajiv/Documents/ffiec-cdr/ONLY_TEXAS_SINCE_2025/archive/call/3-31-2026/307361.xbrl,50a9cea2202172e205ed215cc161838294038bc607b575a36b181c48babcd2a5,59708
311265,"YOAKUM NATIONAL BANK, THE",TX,,3/31/2026,XBRL,2026-06-02T21:42:10.446614+00:00,/Users/adityarajiv/Documents/ffiec-cdr/ONLY_TEXAS_SINCE_2025/archive/call/3-31-2026/311265.xbrl,d00ea2fe462c2796b6b5330c1e7c454ff2c564abdcd92e953e84af0c4cc922be,58761
31255,CENTRAL BANK,TX,,3/31/2026,XBRL,2026-06-02T21:42:10.446614+00:00,/Users/adityarajiv/Documents/ffiec-cdr/ONLY_TEXAS_SINCE_2025/archive/call/3-31-2026/31255.xbrl,6b035f68c5c805dafd0fc2d5ef8b402178e8ace6ba8cf5f44ebebed2370acf5a,130967
3134399,PRIMEBANK OF TEXAS,TX,,3/31/2026,XBRL,2026-06-02T21:42:10.446614+00:00,/Users/adityarajiv/Documents/ffiec-cdr/ONLY_TEXAS_SINCE_2025/archive/call/3-31-2026/3134399.xbrl,9bf5590199a527125b2bb5777b6fc4498a994add6620e9a6fcb4635e47a2613c,58682
3150205,WORTHINGTON BANK,TX,,3/31/2026,XBRL,2026-06-02T21:42:10.446614+00:00,/Users/adityarajiv/Documents/ffiec-cdr/ONLY_TEXAS_SINCE_2025/archive/call/3-31-2026/3150205.xbrl,bf511395c7769fe7d23a01cd2a3b1f695545e3a2cdcb2fe9778cb0762a9c0071,60087
3150447,"CHARLES SCHWAB BANK, SSB",TX,,3/31/2026,XBRL,2026-06-02T21:42:10.446614+00:00,/Users/adityarajiv/Documents/ffiec-cdr/ONLY_TEXAS_SINCE_2025/archive/call/3-31-2026/3150447.xbrl,0251777c804b22a9888029d602db619f6b12fa375e5df27a346ab8db422636e9,168729
31657,"FIRST STATE BANK OF BEN WHEELER, TEXAS",TX,,3/31/2026,XBRL,2026-06-02T21:42:10.446614+00:00,/Users/adityarajiv/Documents/ffiec-cdr/ONLY_TEXAS_SINCE_2025/archive/call/3-31-2026/31657.xbrl,92b7cfcda4d66237aa084a71b68a610b5973b725f41a6c9cd5938d5d2f2d65e7,57824
3166699,TOLLESON PRIVATE BANK,TX,,3/31/2026,XBRL,2026-06-02T21:42:10.446614+00:00,/Users/adityarajiv/Documents/ffiec-cdr/ONLY_TEXAS_SINCE_2025/archive/call/3-31-2026/3166699.xbrl,27c73d7ea418b687f9b383dd3ce6e4dcbba3b35dfeee3b7f3fea08b65635d51f,65615
3185896,"TRINITY BANK, NATIONAL ASSOCIATION",TX,,3/31/2026,XBRL,2026-06-02T21:42:10.446614+00:00,/Users/adityarajiv/Documents/ffiec-cdr/ONLY_TEXAS_SINCE_2025/archive/call/3-31-2026/3185896.xbrl,93129f55b2cd6a58f1338a6ca7fa39f983c8f47c59c0a0eeaba9f2e4aaed50cd,59893
323651,GILMER NATIONAL BANK,TX,,3/31/2026,XBRL,2026-06-02T21:42:10.446614+00:00,/Users/adityarajiv/Documents/ffiec-cdr/ONLY_TEXAS_SINCE_2025/archive/call/3-31-2026/323651.xbrl,db4b08b17950d4bbf5d426cf0d0072b9c6491210970502e18f465874b9b7070a,59748
324153,FIRST NATIONAL BANK OF GIDDINGS,TX,,3/31/2026,XBRL,2026-06-02T21:42:10.446614+00:00,/Users/adityarajiv/Documents/ffiec-cdr/ONLY_TEXAS_SINCE_2025/archive/call/3-31-2026/324153.xbrl,b11af1666e5a049827a365c5467d7c1fa2b3e510e21d4c14f718aee5b6a03a3b,58684
32766,LAKESIDE BANK,TX,,3/31/2026,XBRL,2026-06-02T21:42:10.446614+00:00,/Users/adityarajiv/Documents/ffiec-cdr/ONLY_TEXAS_SINCE_2025/archive/call/3-31-2026/32766.xbrl,60fc4acdc27c93e9e903ea49e0936717d8e173a3da1835d77ea1132058a4aab7,57792
327855,CIERA BANK,TX,,3/31/2026,XBRL,2026-06-02T21:42:10.446614+00:00,/Users/adityarajiv/Documents/ffiec-cdr/ONLY_TEXAS_SINCE_2025/archive/call/3-31-2026/327855.xbrl,bb7a17a89a82c7cd7b19269366681e69239eb395448c2ad79bf26617340a4a60,59840
328357,"TITAN BANK, N.A.",TX,,3/31/2026,XBRL,2026-06-02T21:42:10.446614+00:00,/Users/adityarajiv/Documents/ffiec-cdr/ONLY_TEXAS_SINCE_2025/archive/call/3-31-2026/328357.xbrl,2f25f1f0cff12c4a41bb24022b342fa1f73e8c66ef14971bf37e149d5ce9967b,127929
3284445,"T BANK, NATIONAL ASSOCIATION",TX,,3/31/2026,XBRL,2026-06-02T21:42:10.446614+00:00,/Users/adityarajiv/Documents/ffiec-cdr/ONLY_TEXAS_SINCE_2025/archive/call/3-31-2026/3284445.xbrl,e0fca2ebfeb3dfd18638fd78322f9a02cbc52b444e238f3d81eca3134ec6e63b,67022
3296859,ONE WORLD BANK,TX,,3/31/2026,XBRL,2026-06-02T21:42:10.446614+00:00,/Users/adityarajiv/Documents/ffiec-cdr/ONLY_TEXAS_SINCE_2025/archive/call/3-31-2026/3296859.xbrl,69dceccc7a20979d6b225488141b1aadfaf5adcbb2ed3e168d3f1c4b407ed437,58547
3297490,HARMONY BANK,TX,,3/31/2026,XBRL,2026-06-02T21:42:10.446614+00:00,/Users/adityarajiv/Documents/ffiec-cdr/ONLY_TEXAS_SINCE_2025/archive/call/3-31-2026/3297490.xbrl,dc76281aa877654e3b78f8279a571e6a9f3380e6b440848a66d4df6fe8ba6cff,60419
329952,"FIRST NATIONAL BANK OF GRANBURY, THE",TX,,3/31/2026,XBRL,2026-06-02T21:42:10.446614+00:00,/Users/adityarajiv/Documents/ffiec-cdr/ONLY_TEXAS_SINCE_2025/archive/call/3-31-2026/329952.xbrl,5e49f12ff0e040380e3ca592309267ccc8ff473f1e8aaf64f4ce18ec6aeb904b,87075
333856,GRANDVIEW BANK,TX,,3/31/2026,XBRL,2026-06-02T21:42:10.446614+00:00,/Users/adityarajiv/Documents/ffiec-cdr/ONLY_TEXAS_SINCE_2025/archive/call/3-31-2026/333856.xbrl,1360e8030036964757be0a420daa16895ef43fffdca6537288eb99e2f7e40af3,59681
334264,FIRST COMMUNITY BANK,TX,,3/31/2026,XBRL,2026-06-02T21:42:10.446614+00:00,/Users/adityarajiv/Documents/ffiec-cdr/ONLY_TEXAS_SINCE_2025/archive/call/3-31-2026/334264.xbrl,1f54098f17385bcfe06619274f631ede0ce3514a72f422d78fc5d0947043fe51,58789
3347911,AUSTIN CAPITAL BANK SSB,TX,,3/31/2026,XBRL,2026-06-02T21:42:10.446614+00:00,/Users/adityarajiv/Documents/ffiec-cdr/ONLY_TEXAS_SINCE_2025/archive/call/3-31-2026/3347911.xbrl,5f27ed0abb5c7475e84a42e1966a4590dca65c2546a1312deb1b0dbcb4ee1929,60213
336361,SANGER BANK,TX,,3/31/2026,XBRL,2026-06-02T21:42:10.446614+00:00,/Users/adityarajiv/Documents/ffiec-cdr/ONLY_TEXAS_SINCE_2025/archive/call/3-31-2026/336361.xbrl,284a3c6400820e769e7337190007c65ccbc0ecf93e9b280269a45802c8bf36de,58730
339072,"COLONIAL SAVINGS, FA",TX,,3/31/2026,XBRL,2026-06-02T21:42:10.446614+00:00,/Users/adityarajiv/Documents/ffiec-cdr/ONLY_TEXAS_SINCE_2025/archive/call/3-31-2026/339072.xbrl,2c4352257e8b333b47571cd392f978b1dd51d776b35474727ed002cbb042ce92,126358
339456,FIRST COMMUNITY BANK,TX,,3/31/2026,XBRL,2026-06-02T21:42:10.446614+00:00,/Users/adityarajiv/Documents/ffiec-cdr/ONLY_TEXAS_SINCE_2025/archive/call/3-31-2026/339456.xbrl,df622ca69eaa403388b11e6f4eb86f3fb11b0c493ce24d9768eb9f1933c21fc8,121903
340751,CLEAR FORK BANK NATIONAL ASSOCIATION,TX,,3/31/2026,XBRL,2026-06-02T21:42:10.446614+00:00,/Users/adityarajiv/Documents/ffiec-cdr/ONLY_TEXAS_SINCE_2025/archive/call/3-31-2026/340751.xbrl,85a13c429ca9e45b6a3fa1ec22b6a63e5b8eb69474077e87b3e29952a0ea3ad1,59088
3447576,AMERICAN MOMENTUM BANK,TX,,3/31/2026,XBRL,2026-06-02T21:42:10.446614+00:00,/Users/adityarajiv/Documents/ffiec-cdr/ONLY_TEXAS_SINCE_2025/archive/call/3-31-2026/3447576.xbrl,fdfa75d4c6c0e758dcfe1593de02e882c473b219422c015079e019f2a2c74e40,61184
3448162,LONE STAR BANK,TX,,3/31/2026,XBRL,2026-06-02T21:42:10.446614+00:00,/Users/adityarajiv/Documents/ffiec-cdr/ONLY_TEXAS_SINCE_2025/archive/call/3-31-2026/3448162.xbrl,07bc9184e35ba5e03e3e33ca3f1007757f77b2047acdb792e62ed4b9790e50f2,58510
3463875,AUSTIN COUNTY STATE BANK,TX,,3/31/2026,XBRL,2026-06-02T21:42:10.446614+00:00,/Users/adityarajiv/Documents/ffiec-cdr/ONLY_TEXAS_SINCE_2025/archive/call/3-31-2026/3463875.xbrl,40709acd75866da1efa13c596a0e87371ad94bd933c039e95427bcd1c4166b01,59451
3465392,PEGASUS BANK,TX,,3/31/2026,XBRL,2026-06-02T21:42:10.446614+00:00,/Users/adityarajiv/Documents/ffiec-cdr/ONLY_TEXAS_SINCE_2025/archive/call/3-31-2026/3465392.xbrl,a47686753614fe307fecb30539ddbfee320b2882a787d3e71a0f3c4008e22337,131176
346566,FIRST NATIONAL BANK OF SOUTH PADRE ISLAND,TX,,3/31/2026,XBRL,2026-06-02T21:42:10.446614+00:00,/Users/adityarajiv/Documents/ffiec-cdr/ONLY_TEXAS_SINCE_2025/archive/call/3-31-2026/346566.xbrl,621147500c8d25ea6592af9503eb02da671ee852ccc6de0a6f7e1a7b15fbf096,57791
3472046,FRONTIER BANK OF TEXAS,TX,,3/31/2026,XBRL,2026-06-02T21:42:10.446614+00:00,/Users/adityarajiv/Documents/ffiec-cdr/ONLY_TEXAS_SINCE_2025/archive/call/3-31-2026/3472046.xbrl,61d0beaefaa335b3452347b1534722dd1b00e08bd3de7e02d287fdf2707b32b4,59481
3479018,"COMMUNITY BANK, THE",TX,,3/31/2026,XBRL,2026-06-02T21:42:10.446614+00:00,/Users/adityarajiv/Documents/ffiec-cdr/ONLY_TEXAS_SINCE_2025/archive/call/3-31-2026/3479018.xbrl,75c94286b5017d46442474f6ba80ce11892edc3e681842aa9a85788d2b20a67c,59583
3485215,"TEXAS ADVANTAGE COMMUNITY BANK, NATIONAL ASSOCIATION",TX,,3/31/2026,XBRL,2026-06-02T21:42:10.446614+00:00,/Users/adityarajiv/Documents/ffiec-cdr/ONLY_TEXAS_SINCE_2025/archive/call/3-31-2026/3485215.xbrl,81335cd6f60553d62ccf26704dc8c00c805444ef99f7378aea5396390512cd2e,59355
352651,BOC BANK,TX,,3/31/2026,XBRL,2026-06-02T21:42:10.446614+00:00,/Users/adityarajiv/Documents/ffiec-cdr/ONLY_TEXAS_SINCE_2025/archive/call/3-31-2026/352651.xbrl,8762ac3122354fa01a5095344afd51e436150f51b024c53b7937326b0ae8391b,58909
353555,AMARILLO NATIONAL BANK,TX,,3/31/2026,XBRL,2026-06-02T21:42:10.446614+00:00,/Users/adityarajiv/Documents/ffiec-cdr/ONLY_TEXAS_SINCE_2025/archive/call/3-31-2026/353555.xbrl,2c54736529bd501daf37eadd0a0f85fb4a64f6cec07cd9e1cec7e9336c78cc43,138638
3579589,STELLAR BANK,TX,,3/31/2026,XBRL,2026-06-02T21:42:10.446614+00:00,/Users/adityarajiv/Documents/ffiec-cdr/ONLY_TEXAS_SINCE_2025/archive/call/3-31-2026/3579589.xbrl,9161d5c689d8432f3117d4e7dc918e41a33339b34619d667e9aabf5d8410a630,146488
361167,SOUTHSIDE BANK,TX,,3/31/2026,XBRL,2026-06-02T21:42:10.446614+00:00,/Users/adityarajiv/Documents/ffiec-cdr/ONLY_TEXAS_SINCE_2025/archive/call/3-31-2026/361167.xbrl,933f24609b85d539156c12ecf3b2aeb569accad6523285452a2531f62bfeed0e,139903
3619216,TEXAS SECURITY BANK,TX,,3/31/2026,XBRL,2026-06-02T21:42:10.446614+00:00,/Users/adityarajiv/Documents/ffiec-cdr/ONLY_TEXAS_SINCE_2025/archive/call/3-31-2026/3619216.xbrl,83759ecbc4bf79e5623dc269fae2724d6c6d3605fa01341adc5c52782ed27128,60277
362155,"FIRST NATIONAL BANK OF ANDERSON, THE",TX,,3/31/2026,XBRL,2026-06-02T21:42:10.446614+00:00,/Users/adityarajiv/Documents/ffiec-cdr/ONLY_TEXAS_SINCE_2025/archive/call/3-31-2026/362155.xbrl,f07eca351859c85c8da9b4614892ee25aed8e505179c612b4736815da09f897e,57834
362856,"BIG BEND BANKS, N.A. DBA MARFA NATIONAL BANK, THE",TX,,3/31/2026,XBRL,2026-06-02T21:42:10.446614+00:00,/Users/adityarajiv/Documents/ffiec-cdr/ONLY_TEXAS_SINCE_2025/archive/call/3-31-2026/362856.xbrl,7e4bf4d37de98bffa39324267f5919e7e9f3f9e4a20ad6db104c329e4a909693,58212
3630323,THIRD COAST BANK,TX,,3/31/2026,XBRL,2026-06-02T21:42:10.446614+00:00,/Users/adityarajiv/Documents/ffiec-cdr/ONLY_TEXAS_SINCE_2025/archive/call/3-31-2026/3630323.xbrl,12b5f41891178a64b28c0dc9d2cf8bb5117cee2a7f2ab217550faaa436fccaeb,62075
3635551,GUADALUPE BANK,TX,,3/31/2026,XBRL,2026-06-02T21:42:10.446614+00:00,/Users/adityarajiv/Documents/ffiec-cdr/ONLY_TEXAS_SINCE_2025/archive/call/3-31-2026/3635551.xbrl,2e17614f075aff16e8f00f96bb2bea3acb4e89dc9e867490a3d32c7ebeaf553f,59558
366359,"FIRST NATIONAL BANK OF ANSON, THE",TX,,3/31/2026,XBRL,2026-06-02T21:42:10.446614+00:00,/Users/adityarajiv/Documents/ffiec-cdr/ONLY_TEXAS_SINCE_2025/archive/call/3-31-2026/366359.xbrl,fbade7f474926bfd1dcca35aa36d51586fb9d29df6e9e8e8cca738c44e58ad97,60332
368054,MASON BANK,TX,,3/31/2026,XBRL,2026-06-02T21:42:10.446614+00:00,/Users/adityarajiv/Documents/ffiec-cdr/ONLY_TEXAS_SINCE_2025/archive/call/3-31-2026/368054.xbrl,06296df264a49d171b6f61cd04fa10565175a167f9f6ba6ecbfaa9c13a703ad4,58777
3690121,LIBERTY CAPITAL BANK,TX,,3/31/2026,XBRL,2026-06-02T21:42:10.446614+00:00,/Users/adityarajiv/Documents/ffiec-cdr/ONLY_TEXAS_SINCE_2025/archive/call/3-31-2026/3690121.xbrl,222333567abdeeb45aea01ce07f0b0b14cf0c28b2bea27cd65201f1f97937cd6,60139
369659,FIRST NATIONAL BANK OF CENTRAL TEXAS,TX,,3/31/2026,XBRL,2026-06-02T21:42:10.446614+00:00,/Users/adityarajiv/Documents/ffiec-cdr/ONLY_TEXAS_SINCE_2025/archive/call/3-31-2026/369659.xbrl,efa70ec0619d8eb017628596b74099eba6514f78707329b75eacb0e4bae223f9,59934
370954,"COWBOY BANK OF TEXAS, THE",TX,,3/31/2026,XBRL,2026-06-02T21:42:10.446614+00:00,/Users/adityarajiv/Documents/ffiec-cdr/ONLY_TEXAS_SINCE_2025/archive/call/3-31-2026/370954.xbrl,7cb8ced7cf342510c98c357850d30670b5dd123e9b01e6ea46a8c1eb27389905,57960
371362,WELLINGTON STATE BANK,TX,,3/31/2026,XBRL,2026-06-02T21:42:10.446614+00:00,/Users/adityarajiv/Documents/ffiec-cdr/ONLY_TEXAS_SINCE_2025/archive/call/3-31-2026/371362.xbrl,4147c145d0e1db71fb9ae2775d7d96c75bea2ce81c2fd2fe7c43d42b9eb97b6b,59548
373553,FIRST BANK AND TRUST OF MEMPHIS,TX,,3/31/2026,XBRL,2026-06-02T21:42:10.446614+00:00,/Users/adityarajiv/Documents/ffiec-cdr/ONLY_TEXAS_SINCE_2025/archive/call/3-31-2026/373553.xbrl,b4a73ce3b937c2eb4b869a894e444bb53c31aa1fa1a42ac2df1b51f8619feafa,58954
375650,MENARD BANK,TX,,3/31/2026,XBRL,2026-06-02T21:42:10.446614+00:00,/Users/adityarajiv/Documents/ffiec-cdr/ONLY_TEXAS_SINCE_2025/archive/call/3-31-2026/375650.xbrl,63353c34fc9fba7e3d5639955075758b2852419a1062431ba611b90c128343fb,58341
377663,FANNIN BANK,TX,,3/31/2026,XBRL,2026-06-02T21:42:10.446614+00:00,/Users/adityarajiv/Documents/ffiec-cdr/ONLY_TEXAS_SINCE_2025/archive/call/3-31-2026/377663.xbrl,533fb0d6e1bdc4f63ef4b016309df20ac39e6d7e74f19afd9b6df1643c76a732,114908
379153,"FIRST NATIONAL BANK OF EVANT, THE",TX,,3/31/2026,XBRL,2026-06-02T21:42:10.446614+00:00,/Users/adityarajiv/Documents/ffiec-cdr/ONLY_TEXAS_SINCE_2025/archive/call/3-31-2026/379153.xbrl,5d777ae903f8b3ca102ad3ab7375657e560900c2f96398d1be7501d1ced41c49,58973
380458,TEXAS REGIONAL BANK,TX,,3/31/2026,XBRL,2026-06-02T21:42:10.446614+00:00,/Users/adityarajiv/Documents/ffiec-cdr/ONLY_TEXAS_SINCE_2025/archive/call/3-31-2026/380458.xbrl,b3a695ad921b6d60655c0e415029fa870ca7d0bf42ce0d5b89bfd290b7b22417,60991
382069,INTERNATIONAL BANK OF COMMERCE,TX,,3/31/2026,XBRL,2026-06-02T21:42:10.446614+00:00,/Users/adityarajiv/Documents/ffiec-cdr/ONLY_TEXAS_SINCE_2025/archive/call/3-31-2026/382069.xbrl,4e86ee01fd64f65acf9b5113b305a26f0713d56fb7161b09ce077fb41e785805,127339
3821037,R BANK,TX,,3/31/2026,XBRL,2026-06-02T21:42:10.446614+00:00,/Users/adityarajiv/Documents/ffiec-cdr/ONLY_TEXAS_SINCE_2025/archive/call/3-31-2026/3821037.xbrl,18a7ab90591cf37d8718d506ae70a97654588d538bad8d78ff9ff20c608c5d89,122700
3821626,"MINT NATIONAL BANK, THE",TX,,3/31/2026,XBRL,2026-06-02T21:42:10.446614+00:00,/Users/adityarajiv/Documents/ffiec-cdr/ONLY_TEXAS_SINCE_2025/archive/call/3-31-2026/3821626.xbrl,65aaa52f60530d2c689f3810d91c982b605a0e4856eb9943467674bdf8012f15,59311
384652,"DALLAS CAPITAL BANK, NATIONAL ASSOCIATION",TX,,3/31/2026,XBRL,2026-06-02T21:42:10.446614+00:00,/Users/adityarajiv/Documents/ffiec-cdr/ONLY_TEXAS_SINCE_2025/archive/call/3-31-2026/384652.xbrl,640ceac554affc791e267c28a930333a65f9b779514544456e35175717f77219,59351
389358,SECURITY STATE BANK,TX,,3/31/2026,XBRL,2026-06-02T21:42:10.446614+00:00,/Users/adityarajiv/Documents/ffiec-cdr/ONLY_TEXAS_SINCE_2025/archive/call/3-31-2026/389358.xbrl,9209729fa561aaffbbac4eb0f74dfc3428fb7d1d088f8b7455792bc6ff968864,58454
393252,FIRST TEXAS NATIONAL BANK,TX,,3/31/2026,XBRL,2026-06-02T21:42:10.446614+00:00,/Users/adityarajiv/Documents/ffiec-cdr/ONLY_TEXAS_SINCE_2025/archive/call/3-31-2026/393252.xbrl,6da6dc79633b3417a362d7d21a781b3d0b36c85153fef3a018095e97be79c524,58577
393953,"HOMETOWN BANK, NATIONAL ASSOCIATION",TX,,3/31/2026,XBRL,2026-06-02T21:42:10.446614+00:00,/Users/adityarajiv/Documents/ffiec-cdr/ONLY_TEXAS_SINCE_2025/archive/call/3-31-2026/393953.xbrl,567fde87663b2ac63e020471359b320e98332f664f8752b8c2bdb3db0986797e,59396
396954,"PECOS COUNTY STATE BANK, THE",TX,,3/31/2026,XBRL,2026-06-02T21:42:10.446614+00:00,/Users/adityarajiv/Documents/ffiec-cdr/ONLY_TEXAS_SINCE_2025/archive/call/3-31-2026/396954.xbrl,0de3340103692246d4dd6a9ee73e3671c7c1afe2757c00516fdd6bcd0732d72d,58823
397456,FIRST NATIONAL BANK OF FORT STOCKTON,TX,,3/31/2026,XBRL,2026-06-02T21:42:10.446614+00:00,/Users/adityarajiv/Documents/ffiec-cdr/ONLY_TEXAS_SINCE_2025/archive/call/3-31-2026/397456.xbrl,685ceef667c6022bb3f7a8ac60b8cf254a51370925b1c05e39ae1ca8be5cac40,81243
400365,"FIRST COMMERCIAL BANK, NATIONAL ASSOCIATION",TX,,3/31/2026,XBRL,2026-06-02T21:42:10.446614+00:00,/Users/adityarajiv/Documents/ffiec-cdr/ONLY_TEXAS_SINCE_2025/archive/call/3-31-2026/400365.xbrl,4ee226d958414c1e3832989db7dfa2de49287a67458e7704b83e9d1b0968c298,59860
404653,DOMINION BANK,TX,,3/31/2026,XBRL,2026-06-02T21:42:10.446614+00:00,/Users/adityarajiv/Documents/ffiec-cdr/ONLY_TEXAS_SINCE_2025/archive/call/3-31-2026/404653.xbrl,1d272175d10e2155298951da12ec88a31af3849a83cf8da380711070c99acf0d,59293
406059,NBT FINANCIAL BANK,TX,,3/31/2026,XBRL,2026-06-02T21:42:10.446614+00:00,/Users/adityarajiv/Documents/ffiec-cdr/ONLY_TEXAS_SINCE_2025/archive/call/3-31-2026/406059.xbrl,bd96c01bf23fbbc9c5a1a6fc881dfce76d82ea84a19425f375fd543af85c6f95,59653
406666,WEST TEXAS STATE BANK,TX,,3/31/2026,XBRL,2026-06-02T21:42:10.446614+00:00,/Users/adityarajiv/Documents/ffiec-cdr/ONLY_TEXAS_SINCE_2025/archive/call/3-31-2026/406666.xbrl,0fd2ad7da3463cbf616468309158193e35d40fd603036e80f533e97146b94ac6,58724
407168,FIRST STATE BANK,TX,,3/31/2026,XBRL,2026-06-02T21:42:10.446614+00:00,/Users/adityarajiv/Documents/ffiec-cdr/ONLY_TEXAS_SINCE_2025/archive/call/3-31-2026/407168.xbrl,3f5da92aab394a0edc461c44dca3f4430da0a44bf4af3efe0b6128bd018d0da3,58889
409265,SPUR SECURITY BANK,TX,,3/31/2026,XBRL,2026-06-02T21:42:10.446614+00:00,/Users/adityarajiv/Documents/ffiec-cdr/ONLY_TEXAS_SINCE_2025/archive/call/3-31-2026/409265.xbrl,c80883a2fa3aeb5180ca71be260f1766915bb11dc6dd5d46426a46294da940ff,58546
410560,FIRST STATE BANK,TX,,3/31/2026,XBRL,2026-06-02T21:42:10.446614+00:00,/Users/adityarajiv/Documents/ffiec-cdr/ONLY_TEXAS_SINCE_2025/archive/call/3-31-2026/410560.xbrl,7910b77afa2af39f3777a29f4423bb579535a8f6292b37a7922bd5294f7bdea2,59194
411062,"FIRST NATIONAL BANK OF STERLING CITY, THE",TX,,3/31/2026,XBRL,2026-06-02T21:42:10.446614+00:00,/Users/adityarajiv/Documents/ffiec-cdr/ONLY_TEXAS_SINCE_2025/archive/call/3-31-2026/411062.xbrl,7527592cbd087d03c0a99963ae6c9507d11696c2b195040924d3b2c20f630a42,59097
412667,SUNDOWN STATE BANK,TX,,3/31/2026,XBRL,2026-06-02T21:42:10.446614+00:00,/Users/adityarajiv/Documents/ffiec-cdr/ONLY_TEXAS_SINCE_2025/archive/call/3-31-2026/412667.xbrl,2a2ad1fc62de551775775c3b0fed94f772dcff93eaf20196e96be6ae3b8c949f,59143
412751,WOODFOREST NATIONAL BANK,TX,,3/31/2026,XBRL,2026-06-02T21:42:10.446614+00:00,/Users/adityarajiv/Documents/ffiec-cdr/ONLY_TEXAS_SINCE_2025/archive/call/3-31-2026/412751.xbrl,5c5cef0ee44c3cd7220d44440ab4d467fcc4c53d0db67c753efae93d8938ed56,133073
414764,TEXAS BANK,TX,,3/31/2026,XBRL,2026-06-02T21:42:10.446614+00:00,/Users/adityarajiv/Documents/ffiec-cdr/ONLY_TEXAS_SINCE_2025/archive/call/3-31-2026/414764.xbrl,17878ca5313e273e844ce23513b6359b1bc4d7278444c7203542583d9047ead3,59266
414858,"INCOMMONS BANK, NATIONAL ASSOCIATION",TX,,3/31/2026,XBRL,2026-06-02T21:42:10.446614+00:00,/Users/adityarajiv/Documents/ffiec-cdr/ONLY_TEXAS_SINCE_2025/archive/call/3-31-2026/414858.xbrl,6457e0bb4d0fcd605bb09e773204c7f6dfef230a59526b2a249b3f4074d1af26,59574
42354,"COMMERCIAL NATIONAL BANK OF BRADY, THE",TX,,3/31/2026,XBRL,2026-06-02T21:42:10.446614+00:00,/Users/adityarajiv/Documents/ffiec-cdr/ONLY_TEXAS_SINCE_2025/archive/call/3-31-2026/42354.xbrl,e017ac6c9867f8da3cff43ad4b9d6ed0206c9a8ff04269b3cbf34ad4676ec1e8,59260
424352,ANAHUAC NATIONAL BANK,TX,,3/31/2026,XBRL,2026-06-02T21:42:10.446614+00:00,/Users/adityarajiv/Documents/ffiec-cdr/ONLY_TEXAS_SINCE_2025/archive/call/3-31-2026/424352.xbrl,0646bb5de898070cdc14bd470a7806c4160df59205a388fbe618e436778e7b6d,59283
426057,SPECTRA BANK,TX,,3/31/2026,XBRL,2026-06-02T21:42:10.446614+00:00,/Users/adityarajiv/Documents/ffiec-cdr/ONLY_TEXAS_SINCE_2025/archive/call/3-31-2026/426057.xbrl,e694d800c13464db29db0d4882cfe095bd6dc8115306ab8701c2e6afa92ceb87,57837
428060,CENTRAL NATIONAL BANK,TX,,3/31/2026,XBRL,2026-06-02T21:42:10.446614+00:00,/Users/adityarajiv/Documents/ffiec-cdr/ONLY_TEXAS_SINCE_2025/archive/call/3-31-2026/428060.xbrl,d7734b818b72647c4b18536336f29b27b4802e09b5fded40b042231d01359ede,60404
432058,FREEDOM BANK,TX,,3/31/2026,XBRL,2026-06-02T21:42:10.446614+00:00,/Users/adityarajiv/Documents/ffiec-cdr/ONLY_TEXAS_SINCE_2025/archive/call/3-31-2026/432058.xbrl,e037314be847652fa9e8f31d6adedea0894fc29722b4fdafb76898d253b06cc4,57944
435059,ENNIS STATE BANK,TX,,3/31/2026,XBRL,2026-06-02T21:42:10.446614+00:00,/Users/adityarajiv/Documents/ffiec-cdr/ONLY_TEXAS_SINCE_2025/archive/call/3-31-2026/435059.xbrl,8e262ad0f08dcd6b388daa8a8769e6c8d22146abeb830dda824947be77dc0152,59472
435666,SECURITY BANK OF TEXAS,TX,,3/31/2026,XBRL,2026-06-02T21:42:10.446614+00:00,/Users/adityarajiv/Documents/ffiec-cdr/ONLY_TEXAS_SINCE_2025/archive/call/3-31-2026/435666.xbrl,f5433ef1a321311f598db7c246b3c10518e2872f76ff410177225aef3a3a0327,57888
435750,FIRST STATE BANK,TX,,3/31/2026,XBRL,2026-06-02T21:42:10.446614+00:00,/Users/adityarajiv/Documents/ffiec-cdr/ONLY_TEXAS_SINCE_2025/archive/call/3-31-2026/435750.xbrl,2e4fd2dac25a92c930507804092533411ac01929d1d750e5c8c98e0ff8ed374f,132264
43959,BRIDGE CITY STATE BANK,TX,,3/31/2026,XBRL,2026-06-02T21:42:10.446614+00:00,/Users/adityarajiv/Documents/ffiec-cdr/ONLY_TEXAS_SINCE_2025/archive/call/3-31-2026/43959.xbrl,0bb168e5bc615db090f91cdf24abbdfac6cceae67037cac94cb8c5a40385885a,58396
441050,"FALLS CITY NATIONAL BANK, THE",TX,,3/31/2026,XBRL,2026-06-02T21:42:10.446614+00:00,/Users/adityarajiv/Documents/ffiec-cdr/ONLY_TEXAS_SINCE_2025/archive/call/3-31-2026/441050.xbrl,26ecc6514e81d2575d750342eb78ed678c611f71593a50cceec47452a5463d12,58652
442655,"FIRST NATIONAL BANK IN FALFURRIAS, THE",TX,,3/31/2026,XBRL,2026-06-02T21:42:10.446614+00:00,/Users/adityarajiv/Documents/ffiec-cdr/ONLY_TEXAS_SINCE_2025/archive/call/3-31-2026/442655.xbrl,faf322965f7db25a6ab2c2c3e9f06116ca6c736a47e8b2f49e225cc41312e62e,57928
444350,FIRST TEXAS BANK,TX,,3/31/2026,XBRL,2026-06-02T21:42:10.446614+00:00,/Users/adityarajiv/Documents/ffiec-cdr/ONLY_TEXAS_SINCE_2025/archive/call/3-31-2026/444350.xbrl,173e916c81ae8ad06c743cd9bd55709e1db48ffd1a9cedb136a9ef44c9c7f62c,59629
445955,"FIRST NATIONAL BANK OF EAST TEXAS, THE",TX,,3/31/2026,XBRL,2026-06-02T21:42:10.446614+00:00,/Users/adityarajiv/Documents/ffiec-cdr/ONLY_TEXAS_SINCE_2025/archive/call/3-31-2026/445955.xbrl,10360948ad84899907bbee95fae41b01b336ac1c583bf415c2cc3eb71878e249,58976
448554,SAGE CAPITAL BANK,TX,,3/31/2026,XBRL,2026-06-02T21:42:10.446614+00:00,/Users/adityarajiv/Documents/ffiec-cdr/ONLY_TEXAS_SINCE_2025/archive/call/3-31-2026/448554.xbrl,571f5643c9f1407dcd67021652d94be9f470a4cdb1f3fe7df60ee7519cda89f5,59800
455459,MAVERICK BANK,TX,,3/31/2026,XBRL,2026-06-02T21:42:10.446614+00:00,/Users/adityarajiv/Documents/ffiec-cdr/ONLY_TEXAS_SINCE_2025/archive/call/3-31-2026/455459.xbrl,7ef4eadf812a635fdb3ef17f27f1e23c83b2e8003c3b8d435ce1209b7a520ccb,59030
45560,JEFFERSON BANK,TX,,3/31/2026,XBRL,2026-06-02T21:42:10.446614+00:00,/Users/adityarajiv/Documents/ffiec-cdr/ONLY_TEXAS_SINCE_2025/archive/call/3-31-2026/45560.xbrl,428796f52d39e69eeef480ff6d80348acc8cdad9b8f3553ee80e9684d7d934ed,136836
457060,SPRING HILL STATE BANK,TX,,3/31/2026,XBRL,2026-06-02T21:42:10.446614+00:00,/Users/adityarajiv/Documents/ffiec-cdr/ONLY_TEXAS_SINCE_2025/archive/call/3-31-2026/457060.xbrl,c9682a8aa0077ed5a2e957c18aa0952fe6d0eb3feffef3c5ccc9d78b09fc70d5,59022
458665,"FIRST NATIONAL BANK OF STANTON, THE",TX,,3/31/2026,XBRL,2026-06-02T21:42:10.446614+00:00,/Users/adityarajiv/Documents/ffiec-cdr/ONLY_TEXAS_SINCE_2025/archive/call/3-31-2026/458665.xbrl,ce1e0ef10848c734a33206122d0fe34d7e2735476101aa0f1831024f65a01ab6,59473
460556,"STATE NATIONAL BANK OF GROOM, THE",TX,,3/31/2026,XBRL,2026-06-02T21:42:10.446614+00:00,/Users/adityarajiv/Documents/ffiec-cdr/ONLY_TEXAS_SINCE_2025/archive/call/3-31-2026/460556.xbrl,2d7095d50ffe42bc39fff33294640d1ce3b77786a1b6dd482b873094dc6bb7f3,58504
461058,FARMERS STATE BANK,TX,,3/31/2026,XBRL,2026-06-02T21:42:10.446614+00:00,/Users/adityarajiv/Documents/ffiec-cdr/ONLY_TEXAS_SINCE_2025/archive/call/3-31-2026/461058.xbrl,aa43b06b6b6178a0066d87a7eee364c09094effd515681864189098bc64640e3,58555
470050,FIRST FINANCIAL BANK,TX,,3/31/2026,XBRL,2026-06-02T21:42:10.446614+00:00,/Users/adityarajiv/Documents/ffiec-cdr/ONLY_TEXAS_SINCE_2025/archive/call/3-31-2026/470050.xbrl,3034cc0f7fdaeab76f40ba53a3da3961864fa9fe82a890d68b828d45f39f5d64,144810
473266,TEXAS FIRST BANK,TX,,3/31/2026,XBRL,2026-06-02T21:42:10.446614+00:00,/Users/adityarajiv/Documents/ffiec-cdr/ONLY_TEXAS_SINCE_2025/archive/call/3-31-2026/473266.xbrl,4284db290f50e72ff19d3140df41c78376995f238bd45bfeeba38467eabd9689,60315
474254,BROADWAY NATIONAL BANK,TX,,3/31/2026,XBRL,2026-06-02T21:42:10.446614+00:00,/Users/adityarajiv/Documents/ffiec-cdr/ONLY_TEXAS_SINCE_2025/archive/call/3-31-2026/474254.xbrl,9b4346eec47f85d59da983d964c7bd8d9adb2e6dff2a9c8ac2877650ded0a495,138880
474759,"SUNFLOWER BANK, NATIONAL ASSOCIATION",TX,,3/31/2026,XBRL,2026-06-02T21:42:10.446614+00:00,/Users/adityarajiv/Documents/ffiec-cdr/ONLY_TEXAS_SINCE_2025/archive/call/3-31-2026/474759.xbrl,f6d9a1d9cbe286e6e1b2f2a9dff4879999ad9b63e954e09187e5966322f77e12,141142
479567,"FIRST NATIONAL BANK OF TRINITY, THE",TX,,3/31/2026,XBRL,2026-06-02T21:42:10.446614+00:00,/Users/adityarajiv/Documents/ffiec-cdr/ONLY_TEXAS_SINCE_2025/archive/call/3-31-2026/479567.xbrl,8c5785ce9b76961067c549a7db4a023d3a68a87002a83bbb3c4a1e37e14ca8a0,57644
484057,MARION STATE BANK,TX,,3/31/2026,XBRL,2026-06-02T21:42:10.446614+00:00,/Users/adityarajiv/Documents/ffiec-cdr/ONLY_TEXAS_SINCE_2025/archive/call/3-31-2026/484057.xbrl,9ed5743bb0e6690a4c5cb653a6f4da63f705a2b8c34264ba154e5c3b83039d60,58432
488653,"NATIONAL BANK OF ANDREWS, THE",TX,,3/31/2026,XBRL,2026-06-02T21:39:53.484250+00:00,/Users/adityarajiv/Documents/ffiec-cdr/ONLY_TEXAS_SINCE_2025/archive/call/3-31-2026/488653.xbrl,b4296b72d25d14f728336a1ca7fdfa25a3b33480171cfd3277223dff689275d2,58805
489155,CITIZENS STATE BANK,TX,,3/31/2026,XBRL,2026-06-02T21:42:10.446614+00:00,/Users/adityarajiv/Documents/ffiec-cdr/ONLY_TEXAS_SINCE_2025/archive/call/3-31-2026/489155.xbrl,01b572138fbc01df8ddee3e3ee3c4b7306dea4357b4cff28a9c96638c93dd30c,57524
490450,NORTH DALLAS BANK & TRUST CO.,TX,,3/31/2026,XBRL,2026-06-02T21:42:10.446614+00:00,/Users/adityarajiv/Documents/ffiec-cdr/ONLY_TEXAS_SINCE_2025/archive/call/3-31-2026/490450.xbrl,f34545f12074e75eb15c539cf2459916b4e0d22a9b8fe18b6940a0d72cf9e84e,59763
491653,"COMMERCIAL BANK, THE",TX,,3/31/2026,XBRL,2026-06-02T21:42:10.446614+00:00,/Users/adityarajiv/Documents/ffiec-cdr/ONLY_TEXAS_SINCE_2025/archive/call/3-31-2026/491653.xbrl,78787af517914d390b66bd5ecaf02aa482169b0db7c20e3564c51c04831a83de,57841
494654,"AMERICAN BANK, NATIONAL ASSOCIATION",TX,,3/31/2026,XBRL,2026-06-02T21:42:10.446614+00:00,/Users/adityarajiv/Documents/ffiec-cdr/ONLY_TEXAS_SINCE_2025/archive/call/3-31-2026/494654.xbrl,2156fb64000dfe977be42f06deb6324b17ba1cb7af208aa38144450b68286232,58653
497954,TEXAS NATIONAL BANK,TX,,3/31/2026,XBRL,2026-06-02T21:42:10.446614+00:00,/Users/adityarajiv/Documents/ffiec-cdr/ONLY_TEXAS_SINCE_2025/archive/call/3-31-2026/497954.xbrl,d7c8cc89dc3c0e0b45dfb40cf6fbadee31114ddf7127724492eaf3cb8a62e17f,59918
498362,AMERICAN NATIONAL BANK & TRUST,TX,,3/31/2026,XBRL,2026-06-02T21:42:10.446614+00:00,/Users/adityarajiv/Documents/ffiec-cdr/ONLY_TEXAS_SINCE_2025/archive/call/3-31-2026/498362.xbrl,51ad21a7add0c90f880b47a294054f1c96675c8628fc54b5e2bb91b2ae646b83,139482
498456,AVANA BANK,TX,,3/31/2026,XBRL,2026-06-02T21:42:10.446614+00:00,/Users/adityarajiv/Documents/ffiec-cdr/ONLY_TEXAS_SINCE_2025/archive/call/3-31-2026/498456.xbrl,516d982b79c6885c89387736165dde7e1b51c4d576b42344f7b3af8fe9a61af6,58265
49858,BANK OF SOUTH TEXAS,TX,,3/31/2026,XBRL,2026-06-02T21:42:10.446614+00:00,/Users/adityarajiv/Documents/ffiec-cdr/ONLY_TEXAS_SINCE_2025/archive/call/3-31-2026/49858.xbrl,a41586df9576ad098f5cf8c5b5964c125fdaa3f67ff5a466c302fb9a41682a15,57481
500256,"FIRST NATIONAL BANK OF MERTZON, THE",TX,,3/31/2026,XBRL,2026-06-02T21:42:10.446614+00:00,/Users/adityarajiv/Documents/ffiec-cdr/ONLY_TEXAS_SINCE_2025/archive/call/3-31-2026/500256.xbrl,af6b77e9940d95fa09fef6adf4cc38452528f32833f80828b009e9ea137c113f,119503
500658,PAVILLION BANK,TX,,3/31/2026,XBRL,2026-06-02T21:42:10.446614+00:00,/Users/adityarajiv/Documents/ffiec-cdr/ONLY_TEXAS_SINCE_2025/archive/call/3-31-2026/500658.xbrl,ec5dcc6cfa84165c2363468b98a3c674c8c879602aa44a05b4d8f0edbc757667,58457
501767,"FIRST NATIONAL BANK OF WINNSBORO, THE",TX,,3/31/2026,XBRL,2026-06-02T21:42:10.446614+00:00,/Users/adityarajiv/Documents/ffiec-cdr/ONLY_TEXAS_SINCE_2025/archive/call/3-31-2026/501767.xbrl,f00a02608b7c3dc33852c5054385e2cfa25396b8aa5eb19063589e8f3c4260cd,58473
514655,"TEXAS GULF BANK, NATIONAL ASSOCIATION",TX,,3/31/2026,XBRL,2026-06-02T21:42:10.446614+00:00,/Users/adityarajiv/Documents/ffiec-cdr/ONLY_TEXAS_SINCE_2025/archive/call/3-31-2026/514655.xbrl,5d7885f3ec45e3e3587a7c1441e89c5a7c5446eaa66608389d4b1cf46cfdec09,64353
518877,GREATER STATE BANK,TX,,3/31/2026,XBRL,2026-06-02T21:42:10.446614+00:00,/Users/adityarajiv/Documents/ffiec-cdr/ONLY_TEXAS_SINCE_2025/archive/call/3-31-2026/518877.xbrl,a7a73301238d9e6138d1cb981d750b71970f8c440b7a41cdb4d28c524c58d8db,58608
521158,"SOUTHTRUST BANK, N.A.",TX,,3/31/2026,XBRL,2026-06-02T21:42:10.446614+00:00,/Users/adityarajiv/Documents/ffiec-cdr/ONLY_TEXAS_SINCE_2025/archive/call/3-31-2026/521158.xbrl,96237ee239223c78581c956bae75784f0342edc7a8cd0d260f7a13ed2c2283d5,60356
522669,HOMEBANK TEXAS,TX,,3/31/2026,XBRL,2026-06-02T21:42:10.446614+00:00,/Users/adityarajiv/Documents/ffiec-cdr/ONLY_TEXAS_SINCE_2025/archive/call/3-31-2026/522669.xbrl,feb322dbb70655378b6aa8f54d3a64aabb15157b523bb26e48a3c25c419c8108,59708
522753,MCBANK,TX,,3/31/2026,XBRL,2026-06-02T21:42:10.446614+00:00,/Users/adityarajiv/Documents/ffiec-cdr/ONLY_TEXAS_SINCE_2025/archive/call/3-31-2026/522753.xbrl,c8dd94e0679126d7269f42a302a4b5168e3dbec37cc4713182c47234d8b69a1d,59526
523161,CITIZENS STATE BANK,TX,,3/31/2026,XBRL,2026-06-02T21:42:10.446614+00:00,/Users/adityarajiv/Documents/ffiec-cdr/ONLY_TEXAS_SINCE_2025/archive/call/3-31-2026/523161.xbrl,42e9840daa60313d7ad38e08a040b6a2b6b51d1d56fac6953d032a2a35a84ff7,58439
524766,FIRST STATE BANK,TX,,3/31/2026,XBRL,2026-06-02T21:42:10.446614+00:00,/Users/adityarajiv/Documents/ffiec-cdr/ONLY_TEXAS_SINCE_2025/archive/call/3-31-2026/524766.xbrl,833177b3b8f69b7d3f58be42c98566cbf2b107f9ad0a2a662deff9797d09d337,82127
5278251,CHARLES SCHWAB TRUST BANK,TX,,3/31/2026,XBRL,2026-06-02T21:42:10.446614+00:00,/Users/adityarajiv/Documents/ffiec-cdr/ONLY_TEXAS_SINCE_2025/archive/call/3-31-2026/5278251.xbrl,180af35e3a2b2d8e2557a090fde1557dfad906575438be66ad17d303c35eac00,160924
528960,TEXAS COMMUNITY BANK,TX,,3/31/2026,XBRL,2026-06-02T21:42:10.446614+00:00,/Users/adityarajiv/Documents/ffiec-cdr/ONLY_TEXAS_SINCE_2025/archive/call/3-31-2026/528960.xbrl,0e6c9bad70b7c08476246abd32d985e218763f8416b4f6be18bf95d272f095ea,131848
529958,"TIB, NATIONAL ASSOCIATION",TX,,3/31/2026,XBRL,2026-06-02T21:42:10.446614+00:00,/Users/adityarajiv/Documents/ffiec-cdr/ONLY_TEXAS_SINCE_2025/archive/call/3-31-2026/529958.xbrl,a52fb23952d9761da6e3937b15d325851afa70d44aa0edf7ed234f8f1e06dc9d,129855
53051,"BUCKHOLTS STATE BANK, THE",TX,,3/31/2026,XBRL,2026-06-02T21:42:10.446614+00:00,/Users/adityarajiv/Documents/ffiec-cdr/ONLY_TEXAS_SINCE_2025/archive/call/3-31-2026/53051.xbrl,a9435b8bc61e431b58af284cf9e1419970faf0be3d0c92254bf54bb543d234f4,57854
530851,PEOPLES STATE BANK OF HALLETTSVILLE,TX,,3/31/2026,XBRL,2026-06-02T21:42:10.446614+00:00,/Users/adityarajiv/Documents/ffiec-cdr/ONLY_TEXAS_SINCE_2025/archive/call/3-31-2026/530851.xbrl,80b4f356681adddb6039101b1a7a1f79ebbe518c19779d564f61ded731304d11,58849
536059,"GOLDEN BANK, NATIONAL ASSOCIATION",TX,,3/31/2026,XBRL,2026-06-02T21:42:10.446614+00:00,/Users/adityarajiv/Documents/ffiec-cdr/ONLY_TEXAS_SINCE_2025/archive/call/3-31-2026/536059.xbrl,38ca39c4e39032227c320dbbb627ffd60a6083e86361999f3a81755894cd1cc0,133159
537560,"EXTRACO BANKS, NATIONAL ASSOCIATION",TX,,3/31/2026,XBRL,2026-06-02T21:42:10.446614+00:00,/Users/adityarajiv/Documents/ffiec-cdr/ONLY_TEXAS_SINCE_2025/archive/call/3-31-2026/537560.xbrl,588036c77f6c4c12b5041da9e37809d55e25f80d80c77f886750f578c2630a60,138354
5382514,GULF CAPITAL BANK,TX,,3/31/2026,XBRL,2026-06-02T21:42:10.446614+00:00,/Users/adityarajiv/Documents/ffiec-cdr/ONLY_TEXAS_SINCE_2025/archive/call/3-31-2026/5382514.xbrl,53ceb57817b58e05c84ce1c461146e9c74109b42f3bbeb6605ca7487b151198c,60168
539872,"TRUSTTEXAS BANK, S.S.B.",TX,,3/31/2026,XBRL,2026-06-02T21:42:10.446614+00:00,/Users/adityarajiv/Documents/ffiec-cdr/ONLY_TEXAS_SINCE_2025/archive/call/3-31-2026/539872.xbrl,e1bda4a19e149a8ee905f3a0454670f82ccd064c83ad4f79418fe80e3489cc53,59604
548267,"WAGGONER NATIONAL BANK OF VERNON, THE",TX,,3/31/2026,XBRL,2026-06-02T21:42:10.446614+00:00,/Users/adityarajiv/Documents/ffiec-cdr/ONLY_TEXAS_SINCE_2025/archive/call/3-31-2026/548267.xbrl,5695dfe863d1cda75b37aaaf77623e9c359ee5c4ee344d36c5c6cb592d870389,58664
548351,"AUSTIN BANK, TEXAS NATIONAL ASSOCIATION",TX,,3/31/2026,XBRL,2026-06-02T21:42:10.446614+00:00,/Users/adityarajiv/Documents/ffiec-cdr/ONLY_TEXAS_SINCE_2025/archive/call/3-31-2026/548351.xbrl,64c68891e5b7db7d04ea5bb61518d79bb0ec20bba93bba972a29477865bae1f9,97927
549862,"COMMUNITY BANK & TRUST, WACO, TEXAS",TX,,3/31/2026,XBRL,2026-06-02T21:42:10.446614+00:00,/Users/adityarajiv/Documents/ffiec-cdr/ONLY_TEXAS_SINCE_2025/archive/call/3-31-2026/549862.xbrl,b438ad6e953a7382c22480b97e50ed57c2219f7dad448f8cec03e58c8012cd9f,125761
552161,CITIZENS NATIONAL BANK OF TEXAS,TX,,3/31/2026,XBRL,2026-06-02T21:42:10.446614+00:00,/Users/adityarajiv/Documents/ffiec-cdr/ONLY_TEXAS_SINCE_2025/archive/call/3-31-2026/552161.xbrl,c54fa034c8b09908ca27ee3f2d7fdb1a18d70ccc4cf2c87ca710faabc5d9d050,60467
552974,"SHELBY SAVINGS BANK, SSB",TX,,3/31/2026,XBRL,2026-06-02T21:42:10.446614+00:00,/Users/adityarajiv/Documents/ffiec-cdr/ONLY_TEXAS_SINCE_2025/archive/call/3-31-2026/552974.xbrl,1c455ef785efdc7caf0726b04ed491aab7b01390529f39fe71e5da8ebcaa0e77,120899
555256,FARMERS AND MERCHANTS BANK,TX,,3/31/2026,XBRL,2026-06-02T21:42:10.446614+00:00,/Users/adityarajiv/Documents/ffiec-cdr/ONLY_TEXAS_SINCE_2025/archive/call/3-31-2026/555256.xbrl,818a41f7a9d25c4506acd779801d4206882f4c95fdedd8935749889982341b1b,58569
556459,"KLEBERG BANK, N.A.",TX,,3/31/2026,XBRL,2026-06-02T21:42:10.446614+00:00,/Users/adityarajiv/Documents/ffiec-cdr/ONLY_TEXAS_SINCE_2025/archive/call/3-31-2026/556459.xbrl,c682d64b9f364cfe7275f3ef38fdd431e99d5043a4d8d19bcd473cdee4ec6dad,59907
560353,FIRST NATIONAL BANK OF LAKE JACKSON,TX,,3/31/2026,XBRL,2026-06-02T21:42:10.446614+00:00,/Users/adityarajiv/Documents/ffiec-cdr/ONLY_TEXAS_SINCE_2025/archive/call/3-31-2026/560353.xbrl,398ffa5dac092f6f96389c2703eabafd9498712da34ef1451678983bc7c399d3,58467
561864,SOUTHWEST BANK,TX,,3/31/2026,XBRL,2026-06-02T21:42:10.446614+00:00,/Users/adityarajiv/Documents/ffiec-cdr/ONLY_TEXAS_SINCE_2025/archive/call/3-31-2026/561864.xbrl,49daaf155a99ceacc328a4a143513b9dbf44235220f52ca585cc15eeebcec06c,58882
56351,"VERABANK, NATIONAL ASSOCIATION",TX,,3/31/2026,XBRL,2026-06-02T21:42:10.446614+00:00,/Users/adityarajiv/Documents/ffiec-cdr/ONLY_TEXAS_SINCE_2025/archive/call/3-31-2026/56351.xbrl,302287b1e78f960f2560a8e1557233c4776d2b67bd5d223c5ddbd48c938fc5aa,136598
564463,CROSSROADS BANK,TX,,3/31/2026,XBRL,2026-06-02T21:42:10.446614+00:00,/Users/adityarajiv/Documents/ffiec-cdr/ONLY_TEXAS_SINCE_2025/archive/call/3-31-2026/564463.xbrl,5ddf26588d9b7858618177dca6ac0117bf137083ad0b00239bf4e4d6ab030136,58883
564557,FALCON INTERNATIONAL BANK,TX,,3/31/2026,XBRL,2026-06-02T21:42:10.446614+00:00,/Users/adityarajiv/Documents/ffiec-cdr/ONLY_TEXAS_SINCE_2025/archive/call/3-31-2026/564557.xbrl,68dbaaa0ce0259faec041b0cd408710ed5fb00b5835e4c7375a95ed12311d580,152304
570558,ARROWHEAD BANK,TX,,3/31/2026,XBRL,2026-06-02T21:42:10.446614+00:00,/Users/adityarajiv/Documents/ffiec-cdr/ONLY_TEXAS_SINCE_2025/archive/call/3-31-2026/570558.xbrl,3134b774142fc40383dcec44b21fd74b422b7f940ae643a657f7fe63b79a56f9,58597
572655,COMMUNITY BANK,TX,,3/31/2026,XBRL,2026-06-02T21:42:10.446614+00:00,/Users/adityarajiv/Documents/ffiec-cdr/ONLY_TEXAS_SINCE_2025/archive/call/3-31-2026/572655.xbrl,8f74fe26ec0e4711a351fe863284f1abfaa51b333896085228ce073612152e15,80917
5728916,"AGILITY BANK, N.A.",TX,,3/31/2026,XBRL,2026-06-02T21:42:10.446614+00:00,/Users/adityarajiv/Documents/ffiec-cdr/ONLY_TEXAS_SINCE_2025/archive/call/3-31-2026/5728916.xbrl,98a2a4288732791adf43a55c925b2ca15ffd9a4158c8e0974ba0bd0d3adfe3fa,58566
575254,CITY BANK,TX,,3/31/2026,XBRL,2026-06-02T21:42:10.446614+00:00,/Users/adityarajiv/Documents/ffiec-cdr/ONLY_TEXAS_SINCE_2025/archive/call/3-31-2026/575254.xbrl,bae2d574ace1dad65d26fa544daf55b850550dad1706780475db0f9362ec7a35,138749
5760439,TEXAS TRADITIONS BANK,TX,,3/31/2026,XBRL,2026-06-02T21:42:10.446614+00:00,/Users/adityarajiv/Documents/ffiec-cdr/ONLY_TEXAS_SINCE_2025/archive/call/3-31-2026/5760439.xbrl,0c3cd7e98fb12bab5498c5ba51556ffe361fec6fdf7f9c932cdba24c607d12f7,59457
578255,FIRST UNITED BANK,TX,,3/31/2026,XBRL,2026-06-02T21:42:10.446614+00:00,/Users/adityarajiv/Documents/ffiec-cdr/ONLY_TEXAS_SINCE_2025/archive/call/3-31-2026/578255.xbrl,d7ee023484040efc2c111d0ac9ed26ec5bf1b0ddfa124f6d7d4bb5e9d7a0619d,61324
578862,FIRST STATE BANK OF SAN DIEGO,TX,,3/31/2026,XBRL,2026-06-02T21:42:10.446614+00:00,/Users/adityarajiv/Documents/ffiec-cdr/ONLY_TEXAS_SINCE_2025/archive/call/3-31-2026/578862.xbrl,65b632050f275fd5836bfd9c5d5ac9eb8ceb7ba33bfc2cdaf3b4b325212478f4,116280
579364,TEXAS CHAMPION BANK,TX,,3/31/2026,XBRL,2026-06-02T21:42:10.446614+00:00,/Users/adityarajiv/Documents/ffiec-cdr/ONLY_TEXAS_SINCE_2025/archive/call/3-31-2026/579364.xbrl,380634265e09c91c003bf250dc79ad387f0deac5e4b3cac5f610a87bd8bfd62b,58841
583268,SCHERTZ BANK & TRUST,TX,,3/31/2026,XBRL,2026-06-02T21:42:10.446614+00:00,/Users/adityarajiv/Documents/ffiec-cdr/ONLY_TEXAS_SINCE_2025/archive/call/3-31-2026/583268.xbrl,dd83e618156ba816be3ef8c498a47e91d0258bbcaa631a9240710e2dca09d34f,58917
583352,FIRST NATIONAL BANK OF HUNTSVILLE,TX,,3/31/2026,XBRL,2026-06-02T21:42:10.446614+00:00,/Users/adityarajiv/Documents/ffiec-cdr/ONLY_TEXAS_SINCE_2025/archive/call/3-31-2026/583352.xbrl,de488403d2e92958a9dbdd827944e544ec053139e33da7a158c9c1d56a4aa0f0,59120
583754,BANK OF HOUSTON,TX,,3/31/2026,XBRL,2026-06-02T21:42:10.446614+00:00,/Users/adityarajiv/Documents/ffiec-cdr/ONLY_TEXAS_SINCE_2025/archive/call/3-31-2026/583754.xbrl,d1fc0010c8365109a74097573933f7831d7aef7707b408158559d409d16d0f28,59214
586960,PEOPLES STATE BANK,TX,,3/31/2026,XBRL,2026-06-02T21:42:10.446614+00:00,/Users/adityarajiv/Documents/ffiec-cdr/ONLY_TEXAS_SINCE_2025/archive/call/3-31-2026/586960.xbrl,fa9737b87220dc4c0332fd4e2b176b858ad72cba586153a4c8583994c9dc0f51,58863
5879201,INTEGRITY BANK SSB,TX,,3/31/2026,XBRL,2026-06-02T21:42:10.446614+00:00,/Users/adityarajiv/Documents/ffiec-cdr/ONLY_TEXAS_SINCE_2025/archive/call/3-31-2026/5879201.xbrl,70d57e980ad642d150336db0ae7ea5b66a34188037bfba3f4f5ac7a8a557b5c7,59275
591366,"FIRST NATIONAL BANK OF SONORA, THE",TX,,3/31/2026,XBRL,2026-06-02T21:42:10.446614+00:00,/Users/adityarajiv/Documents/ffiec-cdr/ONLY_TEXAS_SINCE_2025/archive/call/3-31-2026/591366.xbrl,82167e9738560b3a8025fe8239a78eaa74f5e3ca6ab6372927aec89343487786,121601
59352,CITIZENS NATIONAL BANK,TX,,3/31/2026,XBRL,2026-06-02T21:42:10.446614+00:00,/Users/adityarajiv/Documents/ffiec-cdr/ONLY_TEXAS_SINCE_2025/archive/call/3-31-2026/59352.xbrl,99bfd3b8aa4eea1b930c12cf784ae68f989a43cbababb14589fbbc789e0abe60,58966
596062,"CITY NATIONAL BANK OF SULPHUR SPRINGS, THE",TX,,3/31/2026,XBRL,2026-06-02T21:42:10.446614+00:00,/Users/adityarajiv/Documents/ffiec-cdr/ONLY_TEXAS_SINCE_2025/archive/call/3-31-2026/596062.xbrl,504c49ccdfeeb26eff9257ed7af82d1117aeb46ed2fea3c1a4148a9689d80ff2,61108
596156,CAPITAL BANK,TX,,3/31/2026,XBRL,2026-06-02T21:42:10.446614+00:00,/Users/adityarajiv/Documents/ffiec-cdr/ONLY_TEXAS_SINCE_2025/archive/call/3-31-2026/596156.xbrl,da98858039b6bf62c8568efc8a1078a4de4f8a5fce540485dbf6fcfdb2325c6d,118906
599764,"AMERICAN NATIONAL BANK OF TEXAS, THE",TX,,3/31/2026,XBRL,2026-06-02T21:42:10.446614+00:00,/Users/adityarajiv/Documents/ffiec-cdr/ONLY_TEXAS_SINCE_2025/archive/call/3-31-2026/599764.xbrl,d38f383a7aaedc39ae1896ec30b16f5c86ece157577316baf92050668005fe00,139578
6009630,"FUNDBANK, NATIONAL ASSOCIATION",TX,,3/31/2026,XBRL,2026-06-02T21:42:10.446614+00:00,/Users/adityarajiv/Documents/ffiec-cdr/ONLY_TEXAS_SINCE_2025/archive/call/3-31-2026/6009630.xbrl,f1ced77ec1a3b329da90c19aabdd61b65daa36ee28b6df27e9ba4779ae120c71,55871
601658,ALLIANCE BANK CENTRAL TEXAS,TX,,3/31/2026,XBRL,2026-06-02T21:42:10.446614+00:00,/Users/adityarajiv/Documents/ffiec-cdr/ONLY_TEXAS_SINCE_2025/archive/call/3-31-2026/601658.xbrl,68bff0deccd4169f22a95b94960848f94a25b8153e0718cbd49a2561a588368a,60493
603755,FIRST STATE BANK,TX,,3/31/2026,XBRL,2026-06-02T21:42:10.446614+00:00,/Users/adityarajiv/Documents/ffiec-cdr/ONLY_TEXAS_SINCE_2025/archive/call/3-31-2026/603755.xbrl,b328c6c1891ea07ef1b5b10a08a8feb5f60e7aeb2931a094fa3e07485a4d23ff,57516
610164,HERRING BANK,TX,,3/31/2026,XBRL,2026-06-02T21:42:10.446614+00:00,/Users/adityarajiv/Documents/ffiec-cdr/ONLY_TEXAS_SINCE_2025/archive/call/3-31-2026/610164.xbrl,9f9f39911b0c1c74ae78063a9f2d7dc44d668d1a67ac4c4ba50e61749f9d3a1b,60395
613950,FIRST NATIONAL BANK TEXAS DBA FIRST CONVENIENCE BANK,TX,,3/31/2026,XBRL,2026-06-02T21:42:10.446614+00:00,/Users/adityarajiv/Documents/ffiec-cdr/ONLY_TEXAS_SINCE_2025/archive/call/3-31-2026/613950.xbrl,da590efa3e9cffb87103098894f69b6ee580f750c333ef4a4673ea53e9142701,60576
614368,FIRST NATIONAL BANK AND TRUST COMPANY OF WEATHERFORD DBA FIRST BANK TEXAS,TX,,3/31/2026,XBRL,2026-06-02T21:42:10.446614+00:00,/Users/adityarajiv/Documents/ffiec-cdr/ONLY_TEXAS_SINCE_2025/archive/call/3-31-2026/614368.xbrl,8dd7d05dd0f9fabd8d4d97068449850160023bd16a8d687b1df955a9dfaa3f17,59256
621357,STATE BANK OF DE KALB,TX,,3/31/2026,XBRL,2026-06-02T21:42:10.446614+00:00,/Users/adityarajiv/Documents/ffiec-cdr/ONLY_TEXAS_SINCE_2025/archive/call/3-31-2026/621357.xbrl,f2569bec431c9a4a30fc2fc2da540d0fb9c7b18114da9cd7500085bcda93a9e1,58896
623052,"LAMESA NATIONAL BANK, THE",TX,,3/31/2026,XBRL,2026-06-02T21:42:10.446614+00:00,/Users/adityarajiv/Documents/ffiec-cdr/ONLY_TEXAS_SINCE_2025/archive/call/3-31-2026/623052.xbrl,471a5050c2860357fdef68921604024cee1a0a7663983be96c2c178cea45e058,59240
623454,"BANK AND TRUST, SSB, THE",TX,,3/31/2026,XBRL,2026-06-02T21:42:10.446614+00:00,/Users/adityarajiv/Documents/ffiec-cdr/ONLY_TEXAS_SINCE_2025/archive/call/3-31-2026/623454.xbrl,13186a210a43a21543c9c15f0694de88c63d0a47e52d13105faddc68be8da436,59858
625065,CITIZENS STATE BANK,TX,,3/31/2026,XBRL,2026-06-02T21:42:10.446614+00:00,/Users/adityarajiv/Documents/ffiec-cdr/ONLY_TEXAS_SINCE_2025/archive/call/3-31-2026/625065.xbrl,838663cf2ad6733b474ac84c7c356edb4b13a7a05eddfff0bfa3e43632fc3269,59926
625159,COMMERCE BANK,TX,,3/31/2026,XBRL,2026-06-02T21:42:10.446614+00:00,/Users/adityarajiv/Documents/ffiec-cdr/ONLY_TEXAS_SINCE_2025/archive/call/3-31-2026/625159.xbrl,78b1213e88fd44780878751f6b81a80b4578fe0fc7af249894c198155bf227e3,127487
629353,FIRST LIBERTY BANK,TX,,3/31/2026,XBRL,2026-06-02T21:42:10.446614+00:00,/Users/adityarajiv/Documents/ffiec-cdr/ONLY_TEXAS_SINCE_2025/archive/call/3-31-2026/629353.xbrl,3013f9a7e6708d2ac5353c74b1d2c1518d54ad3ab6cf095dc15bec5b3f856cef,60132
630658,"FIRST NATIONAL BANK OF LIVINGSTON, THE",TX,,3/31/2026,XBRL,2026-06-02T21:42:10.446614+00:00,/Users/adityarajiv/Documents/ffiec-cdr/ONLY_TEXAS_SINCE_2025/archive/call/3-31-2026/630658.xbrl,1b53f0bd540d58e7b49310fd7a0fdf703710b26d970a1295696100201c6ea09b,59460
631150,FIRST-LOCKHART NATIONAL BANK,TX,,3/31/2026,XBRL,2026-06-02T21:42:10.446614+00:00,/Users/adityarajiv/Documents/ffiec-cdr/ONLY_TEXAS_SINCE_2025/archive/call/3-31-2026/631150.xbrl,91939329f8874e74a3f02379f64c966b97909af597a8c25ce0c543fd8388cf91,58822
637451,PLAINSCAPITAL BANK,TX,,3/31/2026,XBRL,2026-06-02T21:42:10.446614+00:00,/Users/adityarajiv/Documents/ffiec-cdr/ONLY_TEXAS_SINCE_2025/archive/call/3-31-2026/637451.xbrl,e280d28381d6928b088c608e4fffde1ae25f1a57a38b0b6d27d39d74af6cfde9,151456
638355,"BANK OF DESOTO, NATIONAL ASSOCIATION",TX,,3/31/2026,XBRL,2026-06-02T21:42:10.446614+00:00,/Users/adityarajiv/Documents/ffiec-cdr/ONLY_TEXAS_SINCE_2025/archive/call/3-31-2026/638355.xbrl,cb8e4da1fc6fec1f6534225d6d05db5bd2a459962d61f3f62044c93b262d37bb,57942
644963,"FIRST NATIONAL BANK OF QUITAQUE, THE",TX,,3/31/2026,XBRL,2026-06-02T21:42:10.446614+00:00,/Users/adityarajiv/Documents/ffiec-cdr/ONLY_TEXAS_SINCE_2025/archive/call/3-31-2026/644963.xbrl,8307736ce15990967b876176faf275f8cba8575edb784dd1ffea111dec5f5eef,58370
648550,FIRST NATIONAL BANK OF DUBLIN,TX,,3/31/2026,XBRL,2026-06-02T21:42:10.446614+00:00,/Users/adityarajiv/Documents/ffiec-cdr/ONLY_TEXAS_SINCE_2025/archive/call/3-31-2026/648550.xbrl,f2c2d442fc27bf181530a6e3beea471582062635424a83b80a4fc63df5340cfc,59351
651952,"FIRST NATIONAL BANK OF EAGLE LAKE, THE",TX,,3/31/2026,XBRL,2026-06-02T21:42:10.446614+00:00,/Users/adityarajiv/Documents/ffiec-cdr/ONLY_TEXAS_SINCE_2025/archive/call/3-31-2026/651952.xbrl,4189df82e00f4f9ef424d19df3358f170ef27a489d3a60f583cc89a38fc46b84,58563
652874,NEXBANK,TX,,3/31/2026,XBRL,2026-06-02T21:42:10.446614+00:00,/Users/adityarajiv/Documents/ffiec-cdr/ONLY_TEXAS_SINCE_2025/archive/call/3-31-2026/652874.xbrl,8cdd7f78fa60245795debeaf6d47ded094174075ebd33a1eb7d3ee4d986b4c13,144219
656658,TEXAS FINANCIAL BANK DBA THE EDEN STATE BANK,TX,,3/31/2026,XBRL,2026-06-02T21:42:10.446614+00:00,/Users/adityarajiv/Documents/ffiec-cdr/ONLY_TEXAS_SINCE_2025/archive/call/3-31-2026/656658.xbrl,1d8ea11c3d7fa5d819322585bae07e7aded524249de512c7e66d9530f961255c,58339
660066,PEOPLES STATE BANK,TX,,3/31/2026,XBRL,2026-06-02T21:42:10.446614+00:00,/Users/adityarajiv/Documents/ffiec-cdr/ONLY_TEXAS_SINCE_2025/archive/call/3-31-2026/660066.xbrl,8fbbb0efc3365fb8cdb56c95b31118044140e7a9fa046258cf1fecb4135dfaed,59223
660879,"ANGELINA SAVINGS BANK, SSB",TX,,3/31/2026,XBRL,2026-06-02T21:39:53.484250+00:00,/Users/adityarajiv/Documents/ffiec-cdr/ONLY_TEXAS_SINCE_2025/archive/call/3-31-2026/660879.xbrl,0c8773ba8eefae84c07c084d529feddeb083bd68bbf8880e8e853101fc535330,58354
664756,PROSPERITY BANK,TX,,3/31/2026,XBRL,2026-06-02T21:42:10.446614+00:00,/Users/adityarajiv/Documents/ffiec-cdr/ONLY_TEXAS_SINCE_2025/archive/call/3-31-2026/664756.xbrl,4f90ac7909b3b87838e26abb71db24244fc5fa90b00dfa5620614874e8c69e45,151350
665258,"FIRST NATIONAL BANK OF ELDORADO, THE",TX,,3/31/2026,XBRL,2026-06-02T21:42:10.446614+00:00,/Users/adityarajiv/Documents/ffiec-cdr/ONLY_TEXAS_SINCE_2025/archive/call/3-31-2026/665258.xbrl,3e5dc1e568c8164a27a071fec974d1837e9e49e1ff127ed7940fb893051de346,58469
665865,ROUND TOP STATE BANK,TX,,3/31/2026,XBRL,2026-06-02T21:42:10.446614+00:00,/Users/adityarajiv/Documents/ffiec-cdr/ONLY_TEXAS_SINCE_2025/archive/call/3-31-2026/665865.xbrl,46326dbf6ac5408638412127ec84c9e219eb047606e5647993d0fe2fe2282d72,59138
675079,"FAYETTE SAVINGS BANK, SSB",TX,,3/31/2026,XBRL,2026-06-02T21:42:10.446614+00:00,/Users/adityarajiv/Documents/ffiec-cdr/ONLY_TEXAS_SINCE_2025/archive/call/3-31-2026/675079.xbrl,8774797349cd63ed9ed5fb5731e1d19b210323a35584afca1d5315ae6f055b39,58670
678052,"BANK OF SAN JACINTO COUNTY, COLDSPRING, TEXAS, THE",TX,,3/31/2026,XBRL,2026-06-02T21:42:10.446614+00:00,/Users/adityarajiv/Documents/ffiec-cdr/ONLY_TEXAS_SINCE_2025/archive/call/3-31-2026/678052.xbrl,288e63ba4fd2d2d3c0e462a85e0c968dcb27d255debf5a6f9ae5df689199a0e7,57511
682563,FROST BANK,TX,,3/31/2026,XBRL,2026-06-02T21:42:10.446614+00:00,/Users/adityarajiv/Documents/ffiec-cdr/ONLY_TEXAS_SINCE_2025/archive/call/3-31-2026/682563.xbrl,0daf683a9ff868dd2c7997b895b077a32c03ecc16d0c386016cb7fef323f27c5,151501
697950,CITY NATIONAL BANK,TX,,3/31/2026,XBRL,2026-06-02T21:42:10.446614+00:00,/Users/adityarajiv/Documents/ffiec-cdr/ONLY_TEXAS_SINCE_2025/archive/call/3-31-2026/697950.xbrl,d1837a1976f5d38fb8b7bafba3a4f362f14a59cd7e3c3929da8eef0840768b8a,58617
700252,CITIZENS NATIONAL BANK,TX,,3/31/2026,XBRL,2026-06-02T21:42:10.446614+00:00,/Users/adityarajiv/Documents/ffiec-cdr/ONLY_TEXAS_SINCE_2025/archive/call/3-31-2026/700252.xbrl,b78a192dba257c9455e87a15a7266a57d80a8c48dd63074b4a490b93d4a8e36e,58246
701857,CROWELL STATE BANK,TX,,3/31/2026,XBRL,2026-06-02T21:42:10.446614+00:00,/Users/adityarajiv/Documents/ffiec-cdr/ONLY_TEXAS_SINCE_2025/archive/call/3-31-2026/701857.xbrl,c971d7ab9b052863a2ee488c41bef70cef4be61ccbad984fdaf65d7cb8062df5,58118
703552,"HORIZON BANK, SSB",TX,,3/31/2026,XBRL,2026-06-02T21:42:10.446614+00:00,/Users/adityarajiv/Documents/ffiec-cdr/ONLY_TEXAS_SINCE_2025/archive/call/3-31-2026/703552.xbrl,a171c6534954d71b37102a60e5a18fb24325a41af11d18c34a235570a28050aa,65448
714165,"CITY NATIONAL BANK OF SAN SABA, THE",TX,,3/31/2026,XBRL,2026-06-02T21:42:10.446614+00:00,/Users/adityarajiv/Documents/ffiec-cdr/ONLY_TEXAS_SINCE_2025/archive/call/3-31-2026/714165.xbrl,9105e943e0070f90af7b0f8a9d09c00573df08eaa595b73a0b383d338d3d4a38,56202
719964,FIRST STATE BANK,TX,,3/31/2026,XBRL,2026-06-02T21:42:10.446614+00:00,/Users/adityarajiv/Documents/ffiec-cdr/ONLY_TEXAS_SINCE_2025/archive/call/3-31-2026/719964.xbrl,128e8772e7d7a98fdc85d570d966b86caf7058800338d38dbeae415df94c3ce4,58516
726953,UNITED TEXAS BANK,TX,,3/31/2026,XBRL,2026-06-02T21:42:10.446614+00:00,/Users/adityarajiv/Documents/ffiec-cdr/ONLY_TEXAS_SINCE_2025/archive/call/3-31-2026/726953.xbrl,7042551d979156aef36adb4fcf3b44486e52a46da223511584b818e59f29c7b8,88587
729178,"CYPRESS BANK, SSB",TX,,3/31/2026,XBRL,2026-06-02T21:42:10.446614+00:00,/Users/adityarajiv/Documents/ffiec-cdr/ONLY_TEXAS_SINCE_2025/archive/call/3-31-2026/729178.xbrl,d53ba7d1a0b1ec6cedb2d7d87c9e1c37fe745aa2ea2989780d68d71350e112b0,59136
732954,CARMINE STATE BANK,TX,,3/31/2026,XBRL,2026-06-02T21:42:10.446614+00:00,/Users/adityarajiv/Documents/ffiec-cdr/ONLY_TEXAS_SINCE_2025/archive/call/3-31-2026/732954.xbrl,03d3e9c67c7a68940d48df9dd744e235e93b1406fc1ef64479ec931c6700b85f,57622
735067,"TEXAS REPUBLIC BANK, NATIONAL ASSOCIATION",TX,,3/31/2026,XBRL,2026-06-02T21:42:10.446614+00:00,/Users/adityarajiv/Documents/ffiec-cdr/ONLY_TEXAS_SINCE_2025/archive/call/3-31-2026/735067.xbrl,a665d0a6d45b9ddb1a9500ed32d3d351eef6849561559f01942df0a27c20a2a9,58909
738769,COMMUNITY NATIONAL BANK & TRUST OF TEXAS,TX,,3/31/2026,XBRL,2026-06-02T21:42:10.446614+00:00,/Users/adityarajiv/Documents/ffiec-cdr/ONLY_TEXAS_SINCE_2025/archive/call/3-31-2026/738769.xbrl,8a52c4b4de65f37c6569e4cd97272a984b9d1d45aedf1d09360290e1827a6962,60103
739355,TEXAS NATIONAL BANK OF JACKSONVILLE,TX,,3/31/2026,XBRL,2026-06-02T21:42:10.446614+00:00,/Users/adityarajiv/Documents/ffiec-cdr/ONLY_TEXAS_SINCE_2025/archive/call/3-31-2026/739355.xbrl,c63b6b0b9f0f0f5e4b14757c2811a3a03bff04ec2fcaa5391b735e2004084dfb,121550
741068,FIDELITY BANK OF TEXAS,TX,,3/31/2026,XBRL,2026-06-02T21:42:10.446614+00:00,/Users/adityarajiv/Documents/ffiec-cdr/ONLY_TEXAS_SINCE_2025/archive/call/3-31-2026/741068.xbrl,92a3a172be52ba999e6eb647dfb765356cae9c4dfffbf5ff12e32515bc96679a,57787
741152,JUNCTION NATIONAL BANK,TX,,3/31/2026,XBRL,2026-06-02T21:42:10.446614+00:00,/Users/adityarajiv/Documents/ffiec-cdr/ONLY_TEXAS_SINCE_2025/archive/call/3-31-2026/741152.xbrl,8a0f7828a5bf1873f7436f4c469e8f0e38c1a1a5c58d007cb77eddba9640f94e,58976
742056,CASTROVILLE STATE BANK,TX,,3/31/2026,XBRL,2026-06-02T21:42:10.446614+00:00,/Users/adityarajiv/Documents/ffiec-cdr/ONLY_TEXAS_SINCE_2025/archive/call/3-31-2026/742056.xbrl,25642dc95dfb9ca8e9ff4bd5f276a3889f3d548ee36c7148930f3f8a59122067,58119
744854,CITIZENS BANK,TX,,3/31/2026,XBRL,2026-06-02T21:42:10.446614+00:00,/Users/adityarajiv/Documents/ffiec-cdr/ONLY_TEXAS_SINCE_2025/archive/call/3-31-2026/744854.xbrl,6a60f10b6bd3249e0ef66489e79dea399d4517930653c450ea109870f761b2d2,59737
748357,GLOBAL ONE BANK,TX,,3/31/2026,XBRL,2026-06-02T21:42:10.446614+00:00,/Users/adityarajiv/Documents/ffiec-cdr/ONLY_TEXAS_SINCE_2025/archive/call/3-31-2026/748357.xbrl,dc0f11db675d3580bdf9d080409c8cf8ad5172e6270d4deee82a3b89a404ab79,58542
748964,TEXAS STATE BANK,TX,,3/31/2026,XBRL,2026-06-02T21:42:10.446614+00:00,/Users/adityarajiv/Documents/ffiec-cdr/ONLY_TEXAS_SINCE_2025/archive/call/3-31-2026/748964.xbrl,54bd1fa637b5bcdb41e795b4fbdf75439c53ca74d5685774a45b49fcfb230866,64039
753856,"DONLEY COUNTY STATE BANK, THE",TX,,3/31/2026,XBRL,2026-06-02T21:42:10.446614+00:00,/Users/adityarajiv/Documents/ffiec-cdr/ONLY_TEXAS_SINCE_2025/archive/call/3-31-2026/753856.xbrl,6359eb3b4b6c0dd445c58f2e20beafb655e7708befc9610e6e7ccf4632e50349,58857
761954,COLEMAN COUNTY STATE BANK,TX,,3/31/2026,XBRL,2026-06-02T21:42:10.446614+00:00,/Users/adityarajiv/Documents/ffiec-cdr/ONLY_TEXAS_SINCE_2025/archive/call/3-31-2026/761954.xbrl,e3f9eb7f2914de5c13894d49ef8c45b4d326fed1bcc06027ae68926318a1a283,59638
764067,"AMERICAN NATIONAL BANK OF MOUNT PLEASANT, THE",TX,,3/31/2026,XBRL,2026-06-02T21:42:10.446614+00:00,/Users/adityarajiv/Documents/ffiec-cdr/ONLY_TEXAS_SINCE_2025/archive/call/3-31-2026/764067.xbrl,c622105782cf0ccd2e9d428dac01c325ba44fa3eacee1424b1a9ec999dac47ce,57837
764151,LOVELADY STATE BANK,TX,,3/31/2026,XBRL,2026-06-02T21:42:10.446614+00:00,/Users/adityarajiv/Documents/ffiec-cdr/ONLY_TEXAS_SINCE_2025/archive/call/3-31-2026/764151.xbrl,e9163cca4c0e1c088ae8e3291429c835ada016d59525f8e2c4c1dc35236cf2ce,59009
765662,MUENSTER STATE BANK,TX,,3/31/2026,XBRL,2026-06-02T21:42:10.446614+00:00,/Users/adityarajiv/Documents/ffiec-cdr/ONLY_TEXAS_SINCE_2025/archive/call/3-31-2026/765662.xbrl,fa8adf4df588556972e88fea0fc8a3aa77e295b309812b2a17f25029fa88ee34,57812
766164,"TBK BANK, SSB",TX,,3/31/2026,XBRL,2026-06-02T21:42:10.446614+00:00,/Users/adityarajiv/Documents/ffiec-cdr/ONLY_TEXAS_SINCE_2025/archive/call/3-31-2026/766164.xbrl,aed1cb0d09608c400857a9c9a9c63ed95e0bec5a02fb0a0a5aa9f4e67cdb686d,133202
767152,"FIRST NATIONAL BANK IN COOPER, THE",TX,,3/31/2026,XBRL,2026-06-02T21:42:10.446614+00:00,/Users/adityarajiv/Documents/ffiec-cdr/ONLY_TEXAS_SINCE_2025/archive/call/3-31-2026/767152.xbrl,46acd4f4503885e467c7f9b0763e9b6630d87c936ed34f79947d836e05745204,57542
77253,TXN BANK,TX,,3/31/2026,XBRL,2026-06-02T21:42:10.446614+00:00,/Users/adityarajiv/Documents/ffiec-cdr/ONLY_TEXAS_SINCE_2025/archive/call/3-31-2026/77253.xbrl,0f604bce39097ed8177335bff0593fab4cd586c62590b29790a9a2248b9d21e8,59188
776369,FIRST STATE BANK OF ODEM,TX,,3/31/2026,XBRL,2026-06-02T21:42:10.446614+00:00,/Users/adityarajiv/Documents/ffiec-cdr/ONLY_TEXAS_SINCE_2025/archive/call/3-31-2026/776369.xbrl,37b8846bb2fb278c370942594f5f6f1248649096b0f411109eb3e7afb10329f8,57877
780263,OZONA BANK,TX,,3/31/2026,XBRL,2026-06-02T21:42:10.446614+00:00,/Users/adityarajiv/Documents/ffiec-cdr/ONLY_TEXAS_SINCE_2025/archive/call/3-31-2026/780263.xbrl,137c269f3be962cb205af6ba20055f5b4ace4cda68fdc12f7c1c54007c89b2c2,59596
78157,BANDERA BANK,TX,,3/31/2026,XBRL,2026-06-02T21:42:10.446614+00:00,/Users/adityarajiv/Documents/ffiec-cdr/ONLY_TEXAS_SINCE_2025/archive/call/3-31-2026/78157.xbrl,85b8776f92cabe72995af486551c716b2cb49b57a233cd3f888560720b1ad6b0,56959
791072,INTERSTATE BANK,TX,,3/31/2026,XBRL,2026-06-02T21:42:10.446614+00:00,/Users/adityarajiv/Documents/ffiec-cdr/ONLY_TEXAS_SINCE_2025/archive/call/3-31-2026/791072.xbrl,18aa8f98b197280b09f9520fa7c52ef732d1564e8d90dba47188cffd26e76442,58671
792659,NATIONAL BANK & TRUST,TX,,3/31/2026,XBRL,2026-06-02T21:42:10.446614+00:00,/Users/adityarajiv/Documents/ffiec-cdr/ONLY_TEXAS_SINCE_2025/archive/call/3-31-2026/792659.xbrl,80a3c1eb237a1dc8650cae36d28369d1fd027308dd3beb030c17f62f4b028bbd,58053
794149,COMMERCIAL NATIONAL BANK OF TEXARKANA,TX,,3/31/2026,XBRL,2026-06-02T21:42:10.446614+00:00,/Users/adityarajiv/Documents/ffiec-cdr/ONLY_TEXAS_SINCE_2025/archive/call/3-31-2026/794149.xbrl,fb6f6dc617aa3b9fdd84a9939c2487d80186e42df2cb5d32e662d38d228c3774,120223
796152,FIRST STATE BANK,TX,,3/31/2026,XBRL,2026-06-02T21:42:10.446614+00:00,/Users/adityarajiv/Documents/ffiec-cdr/ONLY_TEXAS_SINCE_2025/archive/call/3-31-2026/796152.xbrl,3208b5971615e3e9780a6b343c2f5d84aca07ea790ef95e2ef5145feac5eebcd,59549
799854,"CITY NATIONAL BANK OF COLORADO CITY, THE",TX,,3/31/2026,XBRL,2026-06-02T21:42:10.446614+00:00,/Users/adityarajiv/Documents/ffiec-cdr/ONLY_TEXAS_SINCE_2025/archive/call/3-31-2026/799854.xbrl,d59c3afa9387edfb4ce2d9c23433a5e10f5faacbc64eca96af69db8fd2bf8290,58099
801654,"FIRST STATE BANK, THE",TX,,3/31/2026,XBRL,2026-06-02T21:42:10.446614+00:00,/Users/adityarajiv/Documents/ffiec-cdr/ONLY_TEXAS_SINCE_2025/archive/call/3-31-2026/801654.xbrl,52720111683c09fd29a88c1f41886fcc56fac45e83b87cff4714b32d0bec959e,58569
803265,ROBERT LEE STATE BANK,TX,,3/31/2026,XBRL,2026-06-02T21:42:10.446614+00:00,/Users/adityarajiv/Documents/ffiec-cdr/ONLY_TEXAS_SINCE_2025/archive/call/3-31-2026/803265.xbrl,ed1cd9fd2d6628e4b180e1139e6f2ffcf5f69f46237bf29bd4007de9b36b80e6,58302
809650,"TEXANA BANK, NATIONAL ASSOCIATION",TX,,3/31/2026,XBRL,2026-06-02T21:42:10.446614+00:00,/Users/adityarajiv/Documents/ffiec-cdr/ONLY_TEXAS_SINCE_2025/archive/call/3-31-2026/809650.xbrl,514305f7200ec3be5ae4516832e6744f046506f4cc041e43845a445fefaed09b,122565
811457,"FIRST NATIONAL BANK OF LIPAN, THE",TX,,3/31/2026,XBRL,2026-06-02T21:42:10.446614+00:00,/Users/adityarajiv/Documents/ffiec-cdr/ONLY_TEXAS_SINCE_2025/archive/call/3-31-2026/811457.xbrl,1e0103024718aa76222ed31babcaa3423be04fc200a52267b63b85c380f5286a,114686
814458,CHARTER BANK,TX,,3/31/2026,XBRL,2026-06-02T21:42:10.446614+00:00,/Users/adityarajiv/Documents/ffiec-cdr/ONLY_TEXAS_SINCE_2025/archive/call/3-31-2026/814458.xbrl,28894427bad6541d62db06cc0e14c05467fd5657de66bcf14f9d06b8ac526670,59426
818652,STOCKMENS NATIONAL BANK IN COTULLA,TX,,3/31/2026,XBRL,2026-06-02T21:42:10.446614+00:00,/Users/adityarajiv/Documents/ffiec-cdr/ONLY_TEXAS_SINCE_2025/archive/call/3-31-2026/818652.xbrl,d62a27c680480908071d694fb4fa009e962c71e8294a6e1943eb39da8a5ae318,80671
819154,FIRST SECURITY STATE BANK,TX,,3/31/2026,XBRL,2026-06-02T21:42:10.446614+00:00,/Users/adityarajiv/Documents/ffiec-cdr/ONLY_TEXAS_SINCE_2025/archive/call/3-31-2026/819154.xbrl,59a740010dacbcc4a340e46907663f1c5893db63c368f3995b10fd0b7b8c4a64,58711
822556,TEXAS EXCHANGE BANK,TX,,3/31/2026,XBRL,2026-06-02T21:42:10.446614+00:00,/Users/adityarajiv/Documents/ffiec-cdr/ONLY_TEXAS_SINCE_2025/archive/call/3-31-2026/822556.xbrl,ef1f5d94bb449633734aac440a8d11611fff278ec719ec0b4a68e023a8e82c7c,131413
824653,TEXAS HERITAGE NATIONAL BANK,TX,,3/31/2026,XBRL,2026-06-02T21:42:10.446614+00:00,/Users/adityarajiv/Documents/ffiec-cdr/ONLY_TEXAS_SINCE_2025/archive/call/3-31-2026/824653.xbrl,e57e048df9bbe60bfed9b41be7d14de4002713603932904e1e13044b8638c54a,59966
830252,"LYTLE STATE BANK OF LYTLE, TEXAS, THE",TX,,3/31/2026,XBRL,2026-06-02T21:42:10.446614+00:00,/Users/adityarajiv/Documents/ffiec-cdr/ONLY_TEXAS_SINCE_2025/archive/call/3-31-2026/830252.xbrl,878bf28d271a0ad61dfdad50da2efbb3e74822463b426b7c38f81a92c4acc2b0,58581
839068,SECURITY STATE BANK,TX,,3/31/2026,XBRL,2026-06-02T21:42:10.446614+00:00,/Users/adityarajiv/Documents/ffiec-cdr/ONLY_TEXAS_SINCE_2025/archive/call/3-31-2026/839068.xbrl,8e8657035cc1febf95b9f9159093da1425e62c1357a85ec344d8775419a6ab7b,58606
839974,"GRAHAM SAVINGS AND LOAN, SSB",TX,,3/31/2026,XBRL,2026-06-02T21:42:10.446614+00:00,/Users/adityarajiv/Documents/ffiec-cdr/ONLY_TEXAS_SINCE_2025/archive/call/3-31-2026/839974.xbrl,3f2ce9368e1a2c42fdc65850deefd9a9fcce965764b1a8a216d1ac1454c3913d,58947
840363,FIRSTBANK SOUTHWEST,TX,,3/31/2026,XBRL,2026-06-02T21:42:10.446614+00:00,/Users/adityarajiv/Documents/ffiec-cdr/ONLY_TEXAS_SINCE_2025/archive/call/3-31-2026/840363.xbrl,f786e66c7ed46c2f6ed7ecd5a51498eb45a3d17ccddac332672b95d7e68857b7,60553
842460,LONE STAR NATIONAL BANK,TX,,3/31/2026,XBRL,2026-06-02T21:42:10.446614+00:00,/Users/adityarajiv/Documents/ffiec-cdr/ONLY_TEXAS_SINCE_2025/archive/call/3-31-2026/842460.xbrl,4d9ca86bb910d73c464f49fd335bbfeb21c510bb97789c8be4152e0024b1b6dc,132184
844567,POINTBANK,TX,,3/31/2026,XBRL,2026-06-02T21:42:10.446614+00:00,/Users/adityarajiv/Documents/ffiec-cdr/ONLY_TEXAS_SINCE_2025/archive/call/3-31-2026/844567.xbrl,b05e34e7e8c260e9802b0d162cafc49c67e512b5111380ec2fb97ba3eb6e067d,59837
8462,"PERRYTON NATIONAL BANK, THE",TX,,3/31/2026,XBRL,2026-06-02T21:42:10.446614+00:00,/Users/adityarajiv/Documents/ffiec-cdr/ONLY_TEXAS_SINCE_2025/archive/call/3-31-2026/8462.xbrl,f96bb995f471ba963dcce3440985c42bd40fdff8ae693c73274ecbfc68a49191,57219
849076,HENDERSON FEDERAL SAVINGS BANK,TX,,3/31/2026,XBRL,2026-06-02T21:42:10.446614+00:00,/Users/adityarajiv/Documents/ffiec-cdr/ONLY_TEXAS_SINCE_2025/archive/call/3-31-2026/849076.xbrl,9b23395902ffb8db7cfb31a6da6105ffe28070af718b37776dd7e8d7ee05ab31,57864
849357,"FIRST NATIONAL BANK OF HUGHES SPRINGS, THE",TX,,3/31/2026,XBRL,2026-06-02T21:42:10.446614+00:00,/Users/adityarajiv/Documents/ffiec-cdr/ONLY_TEXAS_SINCE_2025/archive/call/3-31-2026/849357.xbrl,483db2deb83e02f53e18445e6d8398ba9b197207c5d7e3afc1aa0abfafde3dfd,59472
851060,ATASCOSA BANK,TX,,3/31/2026,XBRL,2026-06-02T21:42:10.446614+00:00,/Users/adityarajiv/Documents/ffiec-cdr/ONLY_TEXAS_SINCE_2025/archive/call/3-31-2026/851060.xbrl,a7c17e34cff028d0c5262675f2f2acb94944f69a9af48c4807c5187aca1f1ac6,57468
853251,UNITY NATIONAL BANK OF HOUSTON,TX,,3/31/2026,XBRL,2026-06-02T21:42:10.446614+00:00,/Users/adityarajiv/Documents/ffiec-cdr/ONLY_TEXAS_SINCE_2025/archive/call/3-31-2026/853251.xbrl,4d540464ef8c35a4a9099ca4059171af49b2f6a15ebadd9f8520f56dccc27ffe,58855
855264,FIRST NATIONAL BANK IN PORT LAVACA,TX,,3/31/2026,XBRL,2026-06-02T21:42:10.446614+00:00,/Users/adityarajiv/Documents/ffiec-cdr/ONLY_TEXAS_SINCE_2025/archive/call/3-31-2026/855264.xbrl,c99e77e7f52cb81e8c7c06796cbfe58bb3baabc6067578b9f6c6aeed60a25a1e,58623
856869,POWELL STATE BANK,TX,,3/31/2026,XBRL,2026-06-02T21:42:10.446614+00:00,/Users/adityarajiv/Documents/ffiec-cdr/ONLY_TEXAS_SINCE_2025/archive/call/3-31-2026/856869.xbrl,4d230c9534cc8cc2f86ca578de5959ab54411a5af6dff0cef238c870fea2cc56,58314
859552,BANK OF THE WEST,TX,,3/31/2026,XBRL,2026-06-02T21:42:10.446614+00:00,/Users/adityarajiv/Documents/ffiec-cdr/ONLY_TEXAS_SINCE_2025/archive/call/3-31-2026/859552.xbrl,6710d209e4b88f67c016171ecfd1fc52eace45170b7b328eae0bbed2af47dbe8,122067
863362,BRAZOS NATIONAL BANK,TX,,3/31/2026,XBRL,2026-06-02T21:42:10.446614+00:00,/Users/adityarajiv/Documents/ffiec-cdr/ONLY_TEXAS_SINCE_2025/archive/call/3-31-2026/863362.xbrl,2c27b7459b1e0f87a0e869da5ec7e87808da872cbec59dcee62b6a3973159458,57866
867650,PINNACLE BANK,TX,,3/31/2026,XBRL,2026-06-02T21:42:10.446614+00:00,/Users/adityarajiv/Documents/ffiec-cdr/ONLY_TEXAS_SINCE_2025/archive/call/3-31-2026/867650.xbrl,b66f1559d8c7e451556a40f8e8e0c5fa22dbe0ff499dd7d54596b31dc080986f,131873
869663,CITIZENS 1ST BANK,TX,,3/31/2026,XBRL,2026-06-02T21:42:10.446614+00:00,/Users/adityarajiv/Documents/ffiec-cdr/ONLY_TEXAS_SINCE_2025/archive/call/3-31-2026/869663.xbrl,53e8874912120318f9e66a2ce08436d5343fdf3386e51502b7b5faaf32230b2a,59932
871956,"FIRST BANK OF CELESTE, THE",TX,,3/31/2026,XBRL,2026-06-02T21:42:10.446614+00:00,/Users/adityarajiv/Documents/ffiec-cdr/ONLY_TEXAS_SINCE_2025/archive/call/3-31-2026/871956.xbrl,c2b7716c9e26492e405075f9c992d1b52c9306a861991c24ce7fce7e24268b5f,59123
875057,FARMERS STATE BANK,TX,,3/31/2026,XBRL,2026-06-02T21:42:10.446614+00:00,/Users/adityarajiv/Documents/ffiec-cdr/ONLY_TEXAS_SINCE_2025/archive/call/3-31-2026/875057.xbrl,5e585faec0b745f4bd4d8da972ff61ae027fdb0fb2f94c4a5de914eaf291a45e,59564
875758,FIRST TEXAS BANK,TX,,3/31/2026,XBRL,2026-06-02T21:42:10.446614+00:00,/Users/adityarajiv/Documents/ffiec-cdr/ONLY_TEXAS_SINCE_2025/archive/call/3-31-2026/875758.xbrl,974d04c9de0fbd4a12fa10411df6b50cf3d1c61553a1d9093a626972fae49681,58560
88352,FIRST STATE BANK OF BEDIAS,TX,,3/31/2026,XBRL,2026-06-02T21:42:10.446614+00:00,/Users/adityarajiv/Documents/ffiec-cdr/ONLY_TEXAS_SINCE_2025/archive/call/3-31-2026/88352.xbrl,11ef9ffcb56d95eb58df780b8eb2988470bb86d9b1335f433dcf11fb649a6474,82124
884358,FIRST STATE BANK OF LIVINGSTON,TX,,3/31/2026,XBRL,2026-06-02T21:42:10.446614+00:00,/Users/adityarajiv/Documents/ffiec-cdr/ONLY_TEXAS_SINCE_2025/archive/call/3-31-2026/884358.xbrl,9ab4b3464ef5d4e6325183eabc7f0f68a4441e6af3b862a104592f6606f9c4ea,58703
885252,CITIZENS BANK,TX,,3/31/2026,XBRL,2026-06-02T21:42:10.446614+00:00,/Users/adityarajiv/Documents/ffiec-cdr/ONLY_TEXAS_SINCE_2025/archive/call/3-31-2026/885252.xbrl,89a4e4402bbd6660e6cf8732945280fec10f54743fbb964e427edabdf7f891a5,59228
885869,"COMMERCIAL BANK OF TEXAS, N.A.",TX,,3/31/2026,XBRL,2026-06-02T21:42:10.446614+00:00,/Users/adityarajiv/Documents/ffiec-cdr/ONLY_TEXAS_SINCE_2025/archive/call/3-31-2026/885869.xbrl,8e0db4904bf8aa562f5977bf4c530954fc9e9c8e8bcaffe9005d1837f79621cb,60368
888552,"FIRST STATE BANK, THE",TX,,3/31/2026,XBRL,2026-06-02T21:42:10.446614+00:00,/Users/adityarajiv/Documents/ffiec-cdr/ONLY_TEXAS_SINCE_2025/archive/call/3-31-2026/888552.xbrl,b7d74cf151464273e3331f3faba2b9b7cc188d70d473095859687d3b8e8e6597,58946
891253,COLUMBUS STATE BANK,TX,,3/31/2026,XBRL,2026-06-02T21:42:10.446614+00:00,/Users/adityarajiv/Documents/ffiec-cdr/ONLY_TEXAS_SINCE_2025/archive/call/3-31-2026/891253.xbrl,452ba2ce7c022ddb885c14020bf52f1b3ae638649a6ff5cb850c968722cd4d03,59357
895055,"FIRST NATIONAL BANK OF MCGREGOR, THE",TX,,3/31/2026,XBRL,2026-06-02T21:42:10.446614+00:00,/Users/adityarajiv/Documents/ffiec-cdr/ONLY_TEXAS_SINCE_2025/archive/call/3-31-2026/895055.xbrl,8b8f3bb50c7a6c6300e320c140e6b332b2534d62430552d90025b65a19daec23,60212
898579,"FIRST FEDERAL COMMUNITY BANK, SSB",TX,,3/31/2026,XBRL,2026-06-02T21:42:10.446614+00:00,/Users/adityarajiv/Documents/ffiec-cdr/ONLY_TEXAS_SINCE_2025/archive/call/3-31-2026/898579.xbrl,eae6f7d695c1374aeb7989d904f570442577cfdc9ba84322ee7c99ea966d5a59,59802
89957,"CENDERA BANK, N.A.",TX,,3/31/2026,XBRL,2026-06-02T21:42:10.446614+00:00,/Users/adityarajiv/Documents/ffiec-cdr/ONLY_TEXAS_SINCE_2025/archive/call/3-31-2026/89957.xbrl,ba65437537736379d47da18730a7647294e30fc45140a53fc657a8c30cfe1e6b,57442
899651,CITIZENS STATE BANK,TX,,3/31/2026,XBRL,2026-06-02T21:42:10.446614+00:00,/Users/adityarajiv/Documents/ffiec-cdr/ONLY_TEXAS_SINCE_2025/archive/call/3-31-2026/899651.xbrl,d0f4c19934bae0c326ade56f3f728863b9d498a93c838ec1dd66c595190d9da7,58522
901451,CITIZENS NATIONAL BANK OF CROSBYTON,TX,,3/31/2026,XBRL,2026-06-02T21:42:10.446614+00:00,/Users/adityarajiv/Documents/ffiec-cdr/ONLY_TEXAS_SINCE_2025/archive/call/3-31-2026/901451.xbrl,012db4ec07c74990ca2bc77acdefea3e4821932693e79394770291e371b8acf3,57972
908861,"TRANSPECOS BANKS, SSB",TX,,3/31/2026,XBRL,2026-06-02T21:42:10.446614+00:00,/Users/adityarajiv/Documents/ffiec-cdr/ONLY_TEXAS_SINCE_2025/archive/call/3-31-2026/908861.xbrl,aaf0ff78fc070fbebcfd1cc7b6d1c136459bab640bdb48cae64f6a4883b6deff,121783
911160,PILGRIM BANK,TX,,3/31/2026,XBRL,2026-06-02T21:42:10.446614+00:00,/Users/adityarajiv/Documents/ffiec-cdr/ONLY_TEXAS_SINCE_2025/archive/call/3-31-2026/911160.xbrl,dddf696a89caa75ac9ce9b615674559727e31e5d042b6c298a96efd3506b9b55,59969
913753,INWOOD NATIONAL BANK,TX,,3/31/2026,XBRL,2026-06-02T21:42:10.446614+00:00,/Users/adityarajiv/Documents/ffiec-cdr/ONLY_TEXAS_SINCE_2025/archive/call/3-31-2026/913753.xbrl,6c7a49e283cfa8efe44332c6d226f8cad4be07fac0bd2ff4d90f160856b70924,124742
917555,UBANK,TX,,3/31/2026,XBRL,2026-06-02T21:39:53.484250+00:00,/Users/adityarajiv/Documents/ffiec-cdr/ONLY_TEXAS_SINCE_2025/archive/call/3-31-2026/917555.xbrl,d00d2e66f2b9c84f2c43e09f7f29a6e636ec12f6b06b289f284921238b8e2a78,59126
919568,FIRST CAPITAL BANK,TX,,3/31/2026,XBRL,2026-06-02T21:42:10.446614+00:00,/Users/adityarajiv/Documents/ffiec-cdr/ONLY_TEXAS_SINCE_2025/archive/call/3-31-2026/919568.xbrl,f72aeb8ec16c5602e97ee0849dd848d48025e03cc23e56d86c3be858607db551,59777
924058,"JACKSBORO NATIONAL BANK, THE",TX,,3/31/2026,XBRL,2026-06-02T21:42:10.446614+00:00,/Users/adityarajiv/Documents/ffiec-cdr/ONLY_TEXAS_SINCE_2025/archive/call/3-31-2026/924058.xbrl,3183679d922ea12f638f00a915aa4a40ef89c56814e129b40b560f18c127189e,59794
925653,BANK OF TEXAS,TX,,3/31/2026,XBRL,2026-06-02T21:42:10.446614+00:00,/Users/adityarajiv/Documents/ffiec-cdr/ONLY_TEXAS_SINCE_2025/archive/call/3-31-2026/925653.xbrl,2ef2de98e6cccd43c66d481e8d5b69acb0a63ecfaa34cdc0332bfc0b3d40b10b,59382
938859,NEWFIRST NATIONAL BANK,TX,,3/31/2026,XBRL,2026-06-02T21:42:10.446614+00:00,/Users/adityarajiv/Documents/ffiec-cdr/ONLY_TEXAS_SINCE_2025/archive/call/3-31-2026/938859.xbrl,a6e8f28f0f775047791e6e3619f99f8fa1f13fda468e2dae0543ec5757ffb935,58997
946555,LLANO NATIONAL BANK,TX,,3/31/2026,XBRL,2026-06-02T21:42:10.446614+00:00,/Users/adityarajiv/Documents/ffiec-cdr/ONLY_TEXAS_SINCE_2025/archive/call/3-31-2026/946555.xbrl,e609f3c697776f808f6fb2f6f5e26d728610699dde665bf2ca879254339d1fa5,59085
949154,TEXAS BANK AND TRUST COMPANY,TX,,3/31/2026,XBRL,2026-06-02T21:42:10.446614+00:00,/Users/adityarajiv/Documents/ffiec-cdr/ONLY_TEXAS_SINCE_2025/archive/call/3-31-2026/949154.xbrl,05c305a550af0cf6e4f830c8cff0dfe35eec8f13d0f15c1ee82ff7efa39372d4,137439
954653,CITIZENS STATE BANK OF LULING,TX,,3/31/2026,XBRL,2026-06-02T21:42:10.446614+00:00,/Users/adityarajiv/Documents/ffiec-cdr/ONLY_TEXAS_SINCE_2025/archive/call/3-31-2026/954653.xbrl,a5a30dc9dc36c4fc8a1710763fe18f8b5c8f3153447c5f66e2defc648080cad1,57536
956750,RIO BANK,TX,,3/31/2026,XBRL,2026-06-02T21:42:10.446614+00:00,/Users/adityarajiv/Documents/ffiec-cdr/ONLY_TEXAS_SINCE_2025/archive/call/3-31-2026/956750.xbrl,400640ea0ad9eb7627babc3ac39f7967b779e1e89c9f876eda48d2d600d66aa1,59882
958763,NORMANGEE STATE BANK,TX,,3/31/2026,XBRL,2026-06-02T21:42:10.446614+00:00,/Users/adityarajiv/Documents/ffiec-cdr/ONLY_TEXAS_SINCE_2025/archive/call/3-31-2026/958763.xbrl,9a0bd8ee4fbb65ed807c84091d675c6261d55ff1f08e6e6e3685de729642fe29,58685
964157,VALUEBANK TEXAS,TX,,3/31/2026,XBRL,2026-06-02T21:42:10.446614+00:00,/Users/adityarajiv/Documents/ffiec-cdr/ONLY_TEXAS_SINCE_2025/archive/call/3-31-2026/964157.xbrl,fbf70a4e700c932573f7694c81ae0bd3060234fa6d9ad44610269894fcb9e54b,58747
965789,SUSSER BANK,TX,,3/31/2026,XBRL,2026-06-02T21:42:10.446614+00:00,/Users/adityarajiv/Documents/ffiec-cdr/ONLY_TEXAS_SINCE_2025/archive/call/3-31-2026/965789.xbrl,20ae9c6a632552c8cf13934185d77a8ca8130f421c3d3c11966f7423192c9874,133290
969956,ZAVALA COUNTY BANK,TX,,3/31/2026,XBRL,2026-06-02T21:42:10.446614+00:00,/Users/adityarajiv/Documents/ffiec-cdr/ONLY_TEXAS_SINCE_2025/archive/call/3-31-2026/969956.xbrl,fa51ba5b434938d4a3dd74d6cee3f0abd2568d3330b82e09974cc734c97da282,58557
971070,"DALHART FEDERAL SAVINGS & LOAN ASSOCIATION, SSB",TX,,3/31/2026,XBRL,2026-06-02T21:42:10.446614+00:00,/Users/adityarajiv/Documents/ffiec-cdr/ONLY_TEXAS_SINCE_2025/archive/call/3-31-2026/971070.xbrl,9541787003643fd4f5b8ff9b1c8b8ffe0ebb045cfc42b5207c03e0c3939ae3c1,58810
972862,PLAINS STATE BANK,TX,,3/31/2026,XBRL,2026-06-02T21:42:10.446614+00:00,/Users/adityarajiv/Documents/ffiec-cdr/ONLY_TEXAS_SINCE_2025/archive/call/3-31-2026/972862.xbrl,c384f617f37605c31595e77cc9c7ab7a8d332d5ba46b49e8849c07560bbb8806,59019
977652,JOHNSON CITY BANK,TX,,3/31/2026,XBRL,2026-06-02T21:42:10.446614+00:00,/Users/adityarajiv/Documents/ffiec-cdr/ONLY_TEXAS_SINCE_2025/archive/call/3-31-2026/977652.xbrl,a3e961fb87829d43737324769f8509d06acd59b7c839731c96f9be936ddd8c1b,57757
979759,"KARNES COUNTY NATIONAL BANK OF KARNES CITY, THE",TX,,3/31/2026,XBRL,2026-06-02T21:42:10.446614+00:00,/Users/adityarajiv/Documents/ffiec-cdr/ONLY_TEXAS_SINCE_2025/archive/call/3-31-2026/979759.xbrl,24e9aa1e4369dbd8fcc31de6ce23dd604481afdee2d1eb0d3af9947b7381bd73,59436
980960,BENCHMARK BANK,TX,,3/31/2026,XBRL,2026-06-02T21:42:10.446614+00:00,/Users/adityarajiv/Documents/ffiec-cdr/ONLY_TEXAS_SINCE_2025/archive/call/3-31-2026/980960.xbrl,2aeac1e0dc276715b6dac8e5c589f9bd95c378e1b88879d0358e5c84b874b987,59829
995955,KRESS NATIONAL BANK,TX,,3/31/2026,XBRL,2026-06-02T21:42:10.446614+00:00,/Users/adityarajiv/Documents/ffiec-cdr/ONLY_TEXAS_SINCE_2025/archive/call/3-31-2026/995955.xbrl,b193d91bf2a53f98dd42fe8ce846acfa5edd2c6ff1b9dcb1b617feeed8354157,59032
1001152,INTERNATIONAL BANK OF COMMERCE,TX,,6/30/2025,XBRL,2026-06-03T03:30:48.174808+00:00,/Users/adityarajiv/Documents/ffiec-cdr/ONLY_TEXAS_SINCE_2025/archive/call/6-30-2025/1001152.xbrl,c135fcdaa2dd68f01fad6111a531a6b39fc34bc652123fcccd1d7c9efe5573ab,136251
100357,"LEGEND BANK, N. A.",TX,,6/30/2025,XBRL,2026-06-03T03:30:48.174808+00:00,/Users/adityarajiv/Documents/ffiec-cdr/ONLY_TEXAS_SINCE_2025/archive/call/6-30-2025/100357.xbrl,d7081cb7beb935f44804e8cdd15c7414e47589ea36ee44ee04771f558ede04be,107625
1012251,FIRST STATE BANK AND TRUST COMPANY,TX,,6/30/2025,XBRL,2026-06-03T03:30:48.174808+00:00,/Users/adityarajiv/Documents/ffiec-cdr/ONLY_TEXAS_SINCE_2025/archive/call/6-30-2025/1012251.xbrl,63c8524983278efe2beb8b84d6902dae18b4dcb5f9f268fb25dc428be3ab1806,70159
1017564,COMMERCIAL STATE BANK,TX,,6/30/2025,XBRL,2026-06-03T03:30:48.174808+00:00,/Users/adityarajiv/Documents/ffiec-cdr/ONLY_TEXAS_SINCE_2025/archive/call/6-30-2025/1017564.xbrl,eb6a33db013ed24e7c2875ccdee87fb415feb6b77f50ad8b1164a655eed7ff3f,106126
101952,"BRADY NATIONAL BANK, THE",TX,,6/30/2025,XBRL,2026-06-03T03:30:48.174808+00:00,/Users/adityarajiv/Documents/ffiec-cdr/ONLY_TEXAS_SINCE_2025/archive/call/6-30-2025/101952.xbrl,25fd5e55dcbbea3d0cef642761d31ec6cca0316cd8599819e555c417439dd8e6,103604
108269,"FIRST NATIONAL BANK OF MOODY, THE",TX,,6/30/2025,XBRL,2026-06-03T03:30:48.174808+00:00,/Users/adityarajiv/Documents/ffiec-cdr/ONLY_TEXAS_SINCE_2025/archive/call/6-30-2025/108269.xbrl,cfb9725f6a8883ebe7069005fc2e19b96f9d603805cf6bc795d25b8b018d3b8f,69673
112163,"GUARANTY BANK & TRUST, N.A.",TX,,6/30/2025,XBRL,2026-06-03T03:30:48.174808+00:00,/Users/adityarajiv/Documents/ffiec-cdr/ONLY_TEXAS_SINCE_2025/archive/call/6-30-2025/112163.xbrl,3df63fda8464dc55a28573d56d4343a7a614f35a47fd4d114ebe750c03b6ba6f,140289
1157415,STATE BANK OF TEXAS,TX,,6/30/2025,XBRL,2026-06-03T03:30:48.174808+00:00,/Users/adityarajiv/Documents/ffiec-cdr/ONLY_TEXAS_SINCE_2025/archive/call/6-30-2025/1157415.xbrl,6d578b2883dbebb3ea042f412c50a69303f61e0a1dc9befd6f316fac92b6dc99,71810
1176881,XD BANK,TX,,6/30/2025,XBRL,2026-06-03T03:30:48.174808+00:00,/Users/adityarajiv/Documents/ffiec-cdr/ONLY_TEXAS_SINCE_2025/archive/call/6-30-2025/1176881.xbrl,372e04ec1b6e2d985acb9d6e8aeceefb6a62a853f92b4d3d2b402106b4507f94,125590
1293078,PEOPLES BANK,TX,,6/30/2025,XBRL,2026-06-03T03:30:48.174808+00:00,/Users/adityarajiv/Documents/ffiec-cdr/ONLY_TEXAS_SINCE_2025/archive/call/6-30-2025/1293078.xbrl,d09b203aca31ecd728924a12980f842f4ce1373d6d6336dea15a6ecf1f0cd17f,69753
138257,"FIRST NATIONAL BANK OF ASPERMONT, THE",TX,,6/30/2025,XBRL,2026-06-03T03:30:48.174808+00:00,/Users/adityarajiv/Documents/ffiec-cdr/ONLY_TEXAS_SINCE_2025/archive/call/6-30-2025/138257.xbrl,6c9643f779d2985547b9ef5d42c672cbaa6d7357b4b232d993e10710a067788e,70082
1429028,"KEYSTONE BANK, SSB",TX,,6/30/2025,XBRL,2026-06-03T03:30:48.174808+00:00,/Users/adityarajiv/Documents/ffiec-cdr/ONLY_TEXAS_SINCE_2025/archive/call/6-30-2025/1429028.xbrl,6c38b7995086013470fe3087bdbec371799e00d02452f6b60cf4bfd6f82c8e75,106309
1435092,TEXAS NATIONAL BANK,TX,,6/30/2025,XBRL,2026-06-03T03:30:48.174808+00:00,/Users/adityarajiv/Documents/ffiec-cdr/ONLY_TEXAS_SINCE_2025/archive/call/6-30-2025/1435092.xbrl,83313da17fbde801718070b64e89d4e0dfc61788e0596f9d3adf6369beaa75be,106039
1447639,WESTSTAR BANK,TX,,6/30/2025,XBRL,2026-06-03T03:30:48.174808+00:00,/Users/adityarajiv/Documents/ffiec-cdr/ONLY_TEXAS_SINCE_2025/archive/call/6-30-2025/1447639.xbrl,c9f4a955215528c9a1af2e7ef27e7efdc5bfef2e4b2be4b0eb14ec5d8a6742cf,114735
14977,"FIRST FEDERAL BANK LITTLEFIELD, TEXAS, SSB",TX,,6/30/2025,XBRL,2026-06-03T03:30:48.174808+00:00,/Users/adityarajiv/Documents/ffiec-cdr/ONLY_TEXAS_SINCE_2025/archive/call/6-30-2025/14977.xbrl,14b9f0ba6ca8be258656397317e18e06529e6b832c96f93e214f1da411f5a757,82842
160454,"FIRST NATIONAL BANK OF BALLINGER, THE",TX,,6/30/2025,XBRL,2026-06-03T03:30:48.174808+00:00,/Users/adityarajiv/Documents/ffiec-cdr/ONLY_TEXAS_SINCE_2025/archive/call/6-30-2025/160454.xbrl,a716b27ba3a7667aec118b1adc33cd025557d93443b6b346cd193f27ff7e41f1,104384
1669,"LIBERTY NATIONAL BANK IN PARIS, THE",TX,,6/30/2025,XBRL,2026-06-03T03:30:48.174808+00:00,/Users/adityarajiv/Documents/ffiec-cdr/ONLY_TEXAS_SINCE_2025/archive/call/6-30-2025/1669.xbrl,1b32e23dd5c17ffb64e70b96a58af51824733ae7fe727f112c2a80950ac321f0,68754
169354,"STATE NATIONAL BANK OF BIG SPRING, THE",TX,,6/30/2025,XBRL,2026-06-03T03:30:48.174808+00:00,/Users/adityarajiv/Documents/ffiec-cdr/ONLY_TEXAS_SINCE_2025/archive/call/6-30-2025/169354.xbrl,696ce52f2f33ee498e4dd9b727eb90c7545f05b3e24f498bff163d42f3aecbea,70115
170257,HASKELL NATIONAL BANK,TX,,6/30/2025,XBRL,2026-06-03T03:30:48.174808+00:00,/Users/adityarajiv/Documents/ffiec-cdr/ONLY_TEXAS_SINCE_2025/archive/call/6-30-2025/170257.xbrl,1aa17891a43d12e5e120289bf06fe5bad38ced42bbfa1f79f86326d9cda6677e,104670
171768,"SOUTHSTAR BANK, S.S.B.",TX,,6/30/2025,XBRL,2026-06-03T03:30:48.174808+00:00,/Users/adityarajiv/Documents/ffiec-cdr/ONLY_TEXAS_SINCE_2025/archive/call/6-30-2025/171768.xbrl,a77081dca04219e975b0dc0d43cd577fc223c73c1c99a113ccd2f16f8f198d9a,108306
173959,"FIRST NATIONAL BANK OF HEBBRONVILLE, THE",TX,,6/30/2025,XBRL,2026-06-03T03:30:48.174808+00:00,/Users/adityarajiv/Documents/ffiec-cdr/ONLY_TEXAS_SINCE_2025/archive/call/6-30-2025/173959.xbrl,5fc0113ceae2dc407142986b97a2f5d5678f12df89dfaf9a8c3ce6427a98f216,103661
174367,COMMERCE BANK TEXAS,TX,,6/30/2025,XBRL,2026-06-03T03:30:48.174808+00:00,/Users/adityarajiv/Documents/ffiec-cdr/ONLY_TEXAS_SINCE_2025/archive/call/6-30-2025/174367.xbrl,61337a9c91a79e100548d4552973fb6fd4c68d718da0054ada39d38d9d92d7ee,68804
176464,ALLIANCE BANK,TX,,6/30/2025,XBRL,2026-06-03T03:30:48.174808+00:00,/Users/adityarajiv/Documents/ffiec-cdr/ONLY_TEXAS_SINCE_2025/archive/call/6-30-2025/176464.xbrl,27577b01624ebf9307de152b10b502a3a0cf4511f141e47f0faeaec43c12ea7b,108224
18050,"FIRST NATIONAL BANK OF BASTROP, THE",TX,,6/30/2025,XBRL,2026-06-03T03:30:48.174808+00:00,/Users/adityarajiv/Documents/ffiec-cdr/ONLY_TEXAS_SINCE_2025/archive/call/6-30-2025/18050.xbrl,fcc828083e582877376c8c901bb9a3666d2638ca9de1b40eb37c722f6d755796,104471
181963,"CITY NATIONAL BANK OF TAYLOR, THE",TX,,6/30/2025,XBRL,2026-06-03T03:30:48.174808+00:00,/Users/adityarajiv/Documents/ffiec-cdr/ONLY_TEXAS_SINCE_2025/archive/call/6-30-2025/181963.xbrl,309b7973e448d5109cabf234570082fe0acae1c0399c62d3954c06cdae61d751,104287
182951,"CLASSIC BANK, NATIONAL ASSOCIATION",TX,,6/30/2025,XBRL,2026-06-03T03:30:48.174808+00:00,/Users/adityarajiv/Documents/ffiec-cdr/ONLY_TEXAS_SINCE_2025/archive/call/6-30-2025/182951.xbrl,316d24191bcad89c6bf35ca494fd0abe1f074cd680665502dd67ff4d1dcbeab3,105427
184656,"CITIZENS NATIONAL BANK OF HILLSBORO, THE",TX,,6/30/2025,XBRL,2026-06-03T03:30:48.174808+00:00,/Users/adityarajiv/Documents/ffiec-cdr/ONLY_TEXAS_SINCE_2025/archive/call/6-30-2025/184656.xbrl,503d7cda3d8cde66e759471bf2262b750b40df59c771c65c0279ca240c0a40a4,118167
1893049,"CHARLES SCHWAB PREMIER BANK, SSB",TX,,6/30/2025,XBRL,2026-06-03T03:30:48.174808+00:00,/Users/adityarajiv/Documents/ffiec-cdr/ONLY_TEXAS_SINCE_2025/archive/call/6-30-2025/1893049.xbrl,cc8df639444436b6fc284592f0a6718cda340a1b04119cd998d17493d21c1da0,166644
190563,FIRST STATE BANK OF TEXAS,TX,,6/30/2025,XBRL,2026-06-03T03:30:48.174808+00:00,/Users/adityarajiv/Documents/ffiec-cdr/ONLY_TEXAS_SINCE_2025/archive/call/6-30-2025/190563.xbrl,77896cc7bb9175cda0a1debb0bc0fa90cfdd42d11a4caa4db5e602882acb5529,69480
193162,"FIRST NATIONAL BANK OF TOM BEAN, THE",TX,,6/30/2025,XBRL,2026-06-03T03:30:48.174808+00:00,/Users/adityarajiv/Documents/ffiec-cdr/ONLY_TEXAS_SINCE_2025/archive/call/6-30-2025/193162.xbrl,eb117b835ffd1254bc46f0adcb65a708c23d42b856aae9a5b8638c12734bf5d4,104888
198961,FIRST NATIONAL BANK OF BOSQUE COUNTY,TX,,6/30/2025,XBRL,2026-06-03T03:30:48.174808+00:00,/Users/adityarajiv/Documents/ffiec-cdr/ONLY_TEXAS_SINCE_2025/archive/call/6-30-2025/198961.xbrl,f707a03cb99f2dd5917aa5c97dce742fef1d33b560034c47cebe066b0521c419,103777
199463,WESTERN BANK,TX,,6/30/2025,XBRL,2026-06-03T03:30:48.174808+00:00,/Users/adityarajiv/Documents/ffiec-cdr/ONLY_TEXAS_SINCE_2025/archive/call/6-30-2025/199463.xbrl,ab45478b9e95e2862c21de8032a170a397d8d34bf794b12dae5dd34cba57fab1,70218
215662,AMERICAN BANK OF COMMERCE,TX,,6/30/2025,XBRL,2026-06-03T03:30:48.174808+00:00,/Users/adityarajiv/Documents/ffiec-cdr/ONLY_TEXAS_SINCE_2025/archive/call/6-30-2025/215662.xbrl,5538de614adf34db9d1952c755681790cbc63987fa33f755e3462f360edf20f8,134252
2161,LAMAR NATIONAL BANK,TX,,6/30/2025,XBRL,2026-06-03T03:30:48.174808+00:00,/Users/adityarajiv/Documents/ffiec-cdr/ONLY_TEXAS_SINCE_2025/archive/call/6-30-2025/2161.xbrl,fc3fbdef9dec1f2cae84b595f9b1a0aaf365ee87be9d579ff428c70e5017c59b,69314
216164,FIRST STATE BANK,TX,,6/30/2025,XBRL,2026-06-03T03:30:48.174808+00:00,/Users/adityarajiv/Documents/ffiec-cdr/ONLY_TEXAS_SINCE_2025/archive/call/6-30-2025/216164.xbrl,59918412e9513cea01b42bd5ef85d28ea3ab61994d43085c0525a225a83721d3,105042
218261,ZAPATA NATIONAL BANK,TX,,6/30/2025,XBRL,2026-06-03T03:30:48.174808+00:00,/Users/adityarajiv/Documents/ffiec-cdr/ONLY_TEXAS_SINCE_2025/archive/call/6-30-2025/218261.xbrl,68d69b5be60c232ca1b8e67bff01ab4e113d7541c75e5b2094a3af36c83a4c5a,68734
227357,"BRENHAM NATIONAL BANK, THE",TX,,6/30/2025,XBRL,2026-06-03T03:30:48.174808+00:00,/Users/adityarajiv/Documents/ffiec-cdr/ONLY_TEXAS_SINCE_2025/archive/call/6-30-2025/227357.xbrl,5a2eba55ff45b89cdbec2ae405f10936fc79791705fc609c40eaeebae4d30787,105466
229454,FIRST STATE BANK OF BROWNSBORO,TX,,6/30/2025,XBRL,2026-06-03T03:30:48.174808+00:00,/Users/adityarajiv/Documents/ffiec-cdr/ONLY_TEXAS_SINCE_2025/archive/call/6-30-2025/229454.xbrl,c29a4c1450dc0cd31ae79892780c8db7bc97cd5e3d96e4658b5becece257ee63,68908
230759,INTERNATIONAL BANK OF COMMERCE,TX,,6/30/2025,XBRL,2026-06-03T03:30:48.174808+00:00,/Users/adityarajiv/Documents/ffiec-cdr/ONLY_TEXAS_SINCE_2025/archive/call/6-30-2025/230759.xbrl,3fb2f7a39f6c50203f8a5ca53a8d377d328450f23b45098289d9cd984c6986e6,133702
232856,TEXASBANK,TX,,6/30/2025,XBRL,2026-06-03T03:30:48.174808+00:00,/Users/adityarajiv/Documents/ffiec-cdr/ONLY_TEXAS_SINCE_2025/archive/call/6-30-2025/232856.xbrl,c048a8257ebde8a678a896a0cd37ba34b35b217f08459ef8d84922972c0439d1,108335
233358,CITIZENS NATIONAL BANK AT BROWNWOOD,TX,,6/30/2025,XBRL,2026-06-03T03:30:48.174808+00:00,/Users/adityarajiv/Documents/ffiec-cdr/ONLY_TEXAS_SINCE_2025/archive/call/6-30-2025/233358.xbrl,63ba21a8c7a4eb9ee5343e5ac23c676367636372851b7980cac1a437bb057437,70469
2362458,"WELLS FARGO BANK SOUTH CENTRAL, NATIONAL ASSOCIATION",TX,,6/30/2025,XBRL,2026-06-03T03:30:48.174808+00:00,/Users/adityarajiv/Documents/ffiec-cdr/ONLY_TEXAS_SINCE_2025/archive/call/6-30-2025/2362458.xbrl,7ac3ce02780be8da50fe52b336d1f444aba8d2781112bf6abe8c665ff0c2037a,152526
237066,WEST TEXAS NATIONAL BANK,TX,,6/30/2025,XBRL,2026-06-03T03:30:48.174808+00:00,/Users/adityarajiv/Documents/ffiec-cdr/ONLY_TEXAS_SINCE_2025/archive/call/6-30-2025/237066.xbrl,d1731002f8a5e303139a240cbb673f96c561aa80c0e877f7186a4b2c48cc2121,133686
239659,FIRST BANK,TX,,6/30/2025,XBRL,2026-06-03T03:30:48.174808+00:00,/Users/adityarajiv/Documents/ffiec-cdr/ONLY_TEXAS_SINCE_2025/archive/call/6-30-2025/239659.xbrl,6d0b1c5598d706f93ecd1d955da538fa0c6bfaf5560a47791de09f3955b1e22e,106554
240954,FIRST NATIONAL BANK OF BURLESON,TX,,6/30/2025,XBRL,2026-06-03T03:30:48.174808+00:00,/Users/adityarajiv/Documents/ffiec-cdr/ONLY_TEXAS_SINCE_2025/archive/call/6-30-2025/240954.xbrl,f90c2a285c283ed66dd8f90356237cc4e7329e1480d411044c827541394e7111,68854
247355,SECURITY STATE BANK & TRUST,TX,,6/30/2025,XBRL,2026-06-03T03:30:48.174808+00:00,/Users/adityarajiv/Documents/ffiec-cdr/ONLY_TEXAS_SINCE_2025/archive/call/6-30-2025/247355.xbrl,e33e1eea3acc9c397a4fe0c4f41d66fc952ab378fc55a7a6f2e2901cb037b62e,73597
2490285,FIRST NATIONAL BANK,TX,,6/30/2025,XBRL,2026-06-03T03:30:48.174808+00:00,/Users/adityarajiv/Documents/ffiec-cdr/ONLY_TEXAS_SINCE_2025/archive/call/6-30-2025/2490285.xbrl,488df4fce3b6e324c8615c45208c5f25a2cacd4b535f23cbb919f3973d83c7a4,105801
253356,MOODY NATIONAL BANK,TX,,6/30/2025,XBRL,2026-06-03T03:30:48.174808+00:00,/Users/adityarajiv/Documents/ffiec-cdr/ONLY_TEXAS_SINCE_2025/archive/call/6-30-2025/253356.xbrl,9d27ff4512c77570ddab3f30b03106febcfaaf6b16b1f990bfa51000667812a4,102871
2568063,FIRST COMMAND BANK,TX,,6/30/2025,XBRL,2026-06-03T03:30:48.174808+00:00,/Users/adityarajiv/Documents/ffiec-cdr/ONLY_TEXAS_SINCE_2025/archive/call/6-30-2025/2568063.xbrl,bcba84aad44ba3172aaed97ff89c4910a66604e1165dd93785b6079cf5477fd3,112949
2597223,"LEGACY TRUST COMPANY, NATIONAL ASSOCIATION",TX,,6/30/2025,XBRL,2026-06-03T03:30:48.174808+00:00,/Users/adityarajiv/Documents/ffiec-cdr/ONLY_TEXAS_SINCE_2025/archive/call/6-30-2025/2597223.xbrl,4682185d86b21e4ae2d9a21ca02d309a91df08e7b7a41d6a214be4174a77a313,104723
2597232,"HIGHTOWER TRUST COMPANY, NATIONAL ASSOCIATION, THE",TX,,6/30/2025,XBRL,2026-06-03T03:30:48.174808+00:00,/Users/adityarajiv/Documents/ffiec-cdr/ONLY_TEXAS_SINCE_2025/archive/call/6-30-2025/2597232.xbrl,7d59b3893a891f34232cbae585939d7b0d752eabb43462a9024ca9cc8c61e018,68987
261360,CITIZENS STATE BANK,TX,,6/30/2025,XBRL,2026-06-03T03:30:48.174808+00:00,/Users/adityarajiv/Documents/ffiec-cdr/ONLY_TEXAS_SINCE_2025/archive/call/6-30-2025/261360.xbrl,c9a76bbb28a09110d9097cd846794b48b070baee236374f711b69e96f3de89d6,72601
2618780,TEXAS CAPITAL BANK,TX,,6/30/2025,XBRL,2026-06-03T03:30:48.174808+00:00,/Users/adityarajiv/Documents/ffiec-cdr/ONLY_TEXAS_SINCE_2025/archive/call/6-30-2025/2618780.xbrl,3afb27aac17da04bc5c26f45c8e37ea1fb530b22723fa12c648bac689381a643,154437
262358,AMERICAN STATE BANK,TX,,6/30/2025,XBRL,2026-06-03T03:30:48.174808+00:00,/Users/adityarajiv/Documents/ffiec-cdr/ONLY_TEXAS_SINCE_2025/archive/call/6-30-2025/262358.xbrl,e116282c5e08a234586bcd178e23ec70cc1c74a8c01e08d40e86abc8a5e299ed,105565
2625724,SOUTHWESTERN NATIONAL BANK,TX,,6/30/2025,XBRL,2026-06-03T03:30:48.174808+00:00,/Users/adityarajiv/Documents/ffiec-cdr/ONLY_TEXAS_SINCE_2025/archive/call/6-30-2025/2625724.xbrl,5722fda8912e1b41a8dfb1287c1d80aaa57d2e9f409e4989a06f8ae0846c240f,108278
264455,FIRST STATE BANK,TX,,6/30/2025,XBRL,2026-06-03T03:30:48.174808+00:00,/Users/adityarajiv/Documents/ffiec-cdr/ONLY_TEXAS_SINCE_2025/archive/call/6-30-2025/264455.xbrl,e403efbd7457b1e23bcb302cf99509ae70a367e6131b5c6ce02539ed19ac21a3,70300
26765,VANTAGE BANK TEXAS,TX,,6/30/2025,XBRL,2026-06-03T03:30:48.174808+00:00,/Users/adityarajiv/Documents/ffiec-cdr/ONLY_TEXAS_SINCE_2025/archive/call/6-30-2025/26765.xbrl,49ce1ebbcf9f9d46fcc9930c4e659ca03ca3ec4a5ff59befa15c23e7680ca2cb,106978
2694681,AMERICAN FIRST NATIONAL BANK,TX,,6/30/2025,XBRL,2026-06-03T03:30:48.174808+00:00,/Users/adityarajiv/Documents/ffiec-cdr/ONLY_TEXAS_SINCE_2025/archive/call/6-30-2025/2694681.xbrl,5db2f2608eda24bb15cb333e2f58b33f4d42a49746336c2ac1c37d260fd06768,107475
272151,"GRANGER NATIONAL BANK, THE",TX,,6/30/2025,XBRL,2026-06-03T03:30:48.174808+00:00,/Users/adityarajiv/Documents/ffiec-cdr/ONLY_TEXAS_SINCE_2025/archive/call/6-30-2025/272151.xbrl,f4c96053b5ee1b8bf57915173ec9de5bfa30c90a186f7ac49cc3711a4e0600d2,69680
273662,FIRST STATE BANK OF UVALDE,TX,,6/30/2025,XBRL,2026-06-03T03:30:48.174808+00:00,/Users/adityarajiv/Documents/ffiec-cdr/ONLY_TEXAS_SINCE_2025/archive/call/6-30-2025/273662.xbrl,730f47b8c256998f4732affb51cef5e300c8eae99b691b014af28ebe9d092ab9,72624
2759629,"FIRST NATIONAL BANK OF HEREFORD, THE",TX,,6/30/2025,XBRL,2026-06-03T03:30:48.174808+00:00,/Users/adityarajiv/Documents/ffiec-cdr/ONLY_TEXAS_SINCE_2025/archive/call/6-30-2025/2759629.xbrl,629cf645275606d300e4ffcbf7b60a684485a18954c22241267d403685fc8e65,106032
279,"BROADSTREET BANK, SSB",TX,,6/30/2025,XBRL,2026-06-03T03:30:48.174808+00:00,/Users/adityarajiv/Documents/ffiec-cdr/ONLY_TEXAS_SINCE_2025/archive/call/6-30-2025/279.xbrl,5e06790c3e421fb008db07d20c7718f9ee006fcd65084a087304694f8484d93e,69121
283867,WALLIS BANK,TX,,6/30/2025,XBRL,2026-06-03T03:30:48.174808+00:00,/Users/adityarajiv/Documents/ffiec-cdr/ONLY_TEXAS_SINCE_2025/archive/call/6-30-2025/283867.xbrl,8e54cf51da355cffbd9f2d3daa387603118e158435909edaf149c7d04be0b582,107623
2891622,"CORNERSTONE CAPITAL BANK, SSB",TX,,6/30/2025,XBRL,2026-06-03T03:30:48.174808+00:00,/Users/adityarajiv/Documents/ffiec-cdr/ONLY_TEXAS_SINCE_2025/archive/call/6-30-2025/2891622.xbrl,428b5df404946b9b0d5abdf003c437774cd1d96a7071029815bc5a1ec2b79680,137523
292467,POINTWEST BANK,TX,,6/30/2025,XBRL,2026-06-03T03:30:48.174808+00:00,/Users/adityarajiv/Documents/ffiec-cdr/ONLY_TEXAS_SINCE_2025/archive/call/6-30-2025/292467.xbrl,42eb5b47387549137824482b8446963f8419076c4ce9c65183148f7583e96ea5,104568
293053,COMMUNITY NATIONAL BANK,TX,,6/30/2025,XBRL,2026-06-03T03:30:48.174808+00:00,/Users/adityarajiv/Documents/ffiec-cdr/ONLY_TEXAS_SINCE_2025/archive/call/6-30-2025/293053.xbrl,8f94c168734e64a7cd1e783050238b70d0baf7f457d94785e77c8fccf5ede47c,107706
296755,CITIZENS STATE BANK,TX,,6/30/2025,XBRL,2026-06-03T03:30:48.174808+00:00,/Users/adityarajiv/Documents/ffiec-cdr/ONLY_TEXAS_SINCE_2025/archive/call/6-30-2025/296755.xbrl,6d3b885087eaec95d63183301a5be583cd8ca89d98fd07e188656f92e13b1281,70083
30052,AMISTAD BANK,TX,,6/30/2025,XBRL,2026-06-03T03:30:48.174808+00:00,/Users/adityarajiv/Documents/ffiec-cdr/ONLY_TEXAS_SINCE_2025/archive/call/6-30-2025/30052.xbrl,87a816ee588eddeba59e06b1202bcf9c07fc66bcf00fe83b36dd6adfcd11e0a2,68135
303653,FIRST STATE BANK OF BURNET,TX,,6/30/2025,XBRL,2026-06-03T03:30:48.174808+00:00,/Users/adityarajiv/Documents/ffiec-cdr/ONLY_TEXAS_SINCE_2025/archive/call/6-30-2025/303653.xbrl,700788ac8f5671b40ce24ad230792ef8066be6e1d2faddb1bd0cd2f34a3e89ea,69142
3042234,"BANK OF BRENHAM, NATIONAL ASSOCIATION",TX,,6/30/2025,XBRL,2026-06-03T03:30:48.174808+00:00,/Users/adityarajiv/Documents/ffiec-cdr/ONLY_TEXAS_SINCE_2025/archive/call/6-30-2025/3042234.xbrl,829484563148b92fb091098165be827df560423b4a8fcd0276a6208afba25f77,90088
304762,VICTORY BANK,TX,,6/30/2025,XBRL,2026-06-03T03:30:48.174808+00:00,/Users/adityarajiv/Documents/ffiec-cdr/ONLY_TEXAS_SINCE_2025/archive/call/6-30-2025/304762.xbrl,ffe32e184bed18f165b22ae9017acb91ef738d3892a954a853d429ab9c3e1278,70166
305059,"FIRST STATE BANK, THE",TX,,6/30/2025,XBRL,2026-06-03T03:30:48.174808+00:00,/Users/adityarajiv/Documents/ffiec-cdr/ONLY_TEXAS_SINCE_2025/archive/call/6-30-2025/305059.xbrl,63ed7e104b33390d20bfe846fcb068b0336a7de4bad8985a1f97b9f95440d835,104738
307361,AMERICAN BANK NATIONAL ASSOCIATION,TX,,6/30/2025,XBRL,2026-06-03T03:30:48.174808+00:00,/Users/adityarajiv/Documents/ffiec-cdr/ONLY_TEXAS_SINCE_2025/archive/call/6-30-2025/307361.xbrl,2ee0ad90d9f46d983e638e5fbdbfc3960ac7c0cb253eddbec3db7eb8f53d2d6e,105249
311265,"YOAKUM NATIONAL BANK, THE",TX,,6/30/2025,XBRL,2026-06-03T03:30:48.174808+00:00,/Users/adityarajiv/Documents/ffiec-cdr/ONLY_TEXAS_SINCE_2025/archive/call/6-30-2025/311265.xbrl,379501f3ac52b4908a2d2117e57cd247ef66fe5f997ab5913d293f59a76d82d0,70512
31255,CENTRAL BANK,TX,,6/30/2025,XBRL,2026-06-03T03:30:48.174808+00:00,/Users/adityarajiv/Documents/ffiec-cdr/ONLY_TEXAS_SINCE_2025/archive/call/6-30-2025/31255.xbrl,bc74f0294aca8510e9e3fb2f12dbba9d095809c7b5c5708a8be023670a3ea8d8,132638
3134399,PRIMEBANK OF TEXAS,TX,,6/30/2025,XBRL,2026-06-03T03:30:48.174808+00:00,/Users/adityarajiv/Documents/ffiec-cdr/ONLY_TEXAS_SINCE_2025/archive/call/6-30-2025/3134399.xbrl,d290d033db2a5e650542915dabdc3c528b3b42e7842aa0f72d85801411945efb,69915
3150205,WORTHINGTON BANK,TX,,6/30/2025,XBRL,2026-06-03T03:30:48.174808+00:00,/Users/adityarajiv/Documents/ffiec-cdr/ONLY_TEXAS_SINCE_2025/archive/call/6-30-2025/3150205.xbrl,858fe25fa1511fd8d351f4030ca007e6a8636bf12685642bef91a8ee1e5aa28a,106029
3150447,"CHARLES SCHWAB BANK, SSB",TX,,6/30/2025,XBRL,2026-06-03T03:30:48.174808+00:00,/Users/adityarajiv/Documents/ffiec-cdr/ONLY_TEXAS_SINCE_2025/archive/call/6-30-2025/3150447.xbrl,228c595d19cc5f3fcada211ed3c84ac1020abebcc2f4c88f12729f716db069d4,170338
31657,"FIRST STATE BANK OF BEN WHEELER, TEXAS",TX,,6/30/2025,XBRL,2026-06-03T03:30:48.174808+00:00,/Users/adityarajiv/Documents/ffiec-cdr/ONLY_TEXAS_SINCE_2025/archive/call/6-30-2025/31657.xbrl,66b82c54763231ddf7d0f8a6b60331d0a7f820b8163f702058874a7db8cabe66,69408
3166699,TOLLESON PRIVATE BANK,TX,,6/30/2025,XBRL,2026-06-03T03:30:48.174808+00:00,/Users/adityarajiv/Documents/ffiec-cdr/ONLY_TEXAS_SINCE_2025/archive/call/6-30-2025/3166699.xbrl,ff608dd4f34e436e874525dd33f513fa862808ebfd4252f9edc701a499881386,111750
3185896,"TRINITY BANK, NATIONAL ASSOCIATION",TX,,6/30/2025,XBRL,2026-06-03T03:30:48.174808+00:00,/Users/adityarajiv/Documents/ffiec-cdr/ONLY_TEXAS_SINCE_2025/archive/call/6-30-2025/3185896.xbrl,a2f55774b2a5fee5e611320e7f7464669850564a4cf1b65a1c0c689451a7297b,105759
3221468,VERITEX COMMUNITY BANK,TX,,6/30/2025,XBRL,2026-06-03T03:30:48.174808+00:00,/Users/adityarajiv/Documents/ffiec-cdr/ONLY_TEXAS_SINCE_2025/archive/call/6-30-2025/3221468.xbrl,c134de387a33b62b877a887b1917cb6b79e515391dbfda5165db20a0396dd100,149505
323651,GILMER NATIONAL BANK,TX,,6/30/2025,XBRL,2026-06-03T03:30:48.174808+00:00,/Users/adityarajiv/Documents/ffiec-cdr/ONLY_TEXAS_SINCE_2025/archive/call/6-30-2025/323651.xbrl,44182b17a6877388a7f55f6e040f32f0dbc1084990320d0a9c484b6a52a8044f,105218
324153,FIRST NATIONAL BANK OF GIDDINGS,TX,,6/30/2025,XBRL,2026-06-03T03:30:48.174808+00:00,/Users/adityarajiv/Documents/ffiec-cdr/ONLY_TEXAS_SINCE_2025/archive/call/6-30-2025/324153.xbrl,73cf8e8cfc4df8517f81815c9677235d1071696b7781adc7d7ef65c8a47157af,70445
32766,LAKESIDE BANK,TX,,6/30/2025,XBRL,2026-06-03T03:30:48.174808+00:00,/Users/adityarajiv/Documents/ffiec-cdr/ONLY_TEXAS_SINCE_2025/archive/call/6-30-2025/32766.xbrl,8d717cb856fc1e826502757f2caa162feb562443bef2d25d5380f909fd6477ee,68038
327855,CIERA BANK,TX,,6/30/2025,XBRL,2026-06-03T03:30:48.174808+00:00,/Users/adityarajiv/Documents/ffiec-cdr/ONLY_TEXAS_SINCE_2025/archive/call/6-30-2025/327855.xbrl,925d39c681aa3506c97108bb150e33fd27e03a19f0fbc2dfd475e7fb67f03d2a,110900
328357,"TITAN BANK, N.A.",TX,,6/30/2025,XBRL,2026-06-03T03:30:48.174808+00:00,/Users/adityarajiv/Documents/ffiec-cdr/ONLY_TEXAS_SINCE_2025/archive/call/6-30-2025/328357.xbrl,95204c516d34c5992aa5ce2a8984c703440ed6d722e010e7551e81800bfd90b8,129989
3284445,"T BANK, NATIONAL ASSOCIATION",TX,,6/30/2025,XBRL,2026-06-03T03:30:48.174808+00:00,/Users/adityarajiv/Documents/ffiec-cdr/ONLY_TEXAS_SINCE_2025/archive/call/6-30-2025/3284445.xbrl,4146aaf83ad4679d0a3b98eb0130de9cf468d0b702f12f93a8d3e277377943a0,111874
3296859,ONE WORLD BANK,TX,,6/30/2025,XBRL,2026-06-03T03:30:48.174808+00:00,/Users/adityarajiv/Documents/ffiec-cdr/ONLY_TEXAS_SINCE_2025/archive/call/6-30-2025/3296859.xbrl,c8e3ecd48106e4a413c58275c99070df2566057abed91a2f444ddab53e802ad9,68640
3297490,HARMONY BANK,TX,,6/30/2025,XBRL,2026-06-03T03:30:48.174808+00:00,/Users/adityarajiv/Documents/ffiec-cdr/ONLY_TEXAS_SINCE_2025/archive/call/6-30-2025/3297490.xbrl,51074b6eebc6e52eb7b1564fa7e9c6a5d367345178147261deba54b7a872404c,106600
329952,"FIRST NATIONAL BANK OF GRANBURY, THE",TX,,6/30/2025,XBRL,2026-06-03T03:30:48.174808+00:00,/Users/adityarajiv/Documents/ffiec-cdr/ONLY_TEXAS_SINCE_2025/archive/call/6-30-2025/329952.xbrl,08c565d8e050c5436aa91b9c3a6445c116b80bad6d2340df4f67886d6435d7a7,88989
333856,GRANDVIEW BANK,TX,,6/30/2025,XBRL,2026-06-03T03:30:48.174808+00:00,/Users/adityarajiv/Documents/ffiec-cdr/ONLY_TEXAS_SINCE_2025/archive/call/6-30-2025/333856.xbrl,319cd5a32269fa1394d3bb905cb5a6d7c034cc824c87249afaf40e7dd9052f32,105218
334264,FIRST COMMUNITY BANK,TX,,6/30/2025,XBRL,2026-06-03T03:30:48.174808+00:00,/Users/adityarajiv/Documents/ffiec-cdr/ONLY_TEXAS_SINCE_2025/archive/call/6-30-2025/334264.xbrl,2bc94d3f8af572543c736cf13594674c0821a0cf76bbcbd2af711ae90f3194ab,70746
3347911,AUSTIN CAPITAL BANK SSB,TX,,6/30/2025,XBRL,2026-06-03T03:30:48.174808+00:00,/Users/adityarajiv/Documents/ffiec-cdr/ONLY_TEXAS_SINCE_2025/archive/call/6-30-2025/3347911.xbrl,e9c152f4d2f5abf482fe9293641f6096c48aa7891b81cd093cc3056af054c121,105023
336361,SANGER BANK,TX,,6/30/2025,XBRL,2026-06-03T03:30:48.174808+00:00,/Users/adityarajiv/Documents/ffiec-cdr/ONLY_TEXAS_SINCE_2025/archive/call/6-30-2025/336361.xbrl,fd88ffb312a0cb34f40db893d51a57fbbf72050584384e9c87071bc2ccb4caee,103863
339072,"COLONIAL SAVINGS, FA",TX,,6/30/2025,XBRL,2026-06-03T03:30:48.174808+00:00,/Users/adityarajiv/Documents/ffiec-cdr/ONLY_TEXAS_SINCE_2025/archive/call/6-30-2025/339072.xbrl,d82bf02a62841c0664f5959753362f4795499311e19eb53bddd9e12096e570a2,132062
339456,FIRST COMMUNITY BANK,TX,,6/30/2025,XBRL,2026-06-03T03:30:48.174808+00:00,/Users/adityarajiv/Documents/ffiec-cdr/ONLY_TEXAS_SINCE_2025/archive/call/6-30-2025/339456.xbrl,8eb36c65e6cc2b77a185f458db89881b80801c38d20a863b61a82a4a496f39bd,123434
340751,CLEAR FORK BANK NATIONAL ASSOCIATION,TX,,6/30/2025,XBRL,2026-06-03T03:30:48.174808+00:00,/Users/adityarajiv/Documents/ffiec-cdr/ONLY_TEXAS_SINCE_2025/archive/call/6-30-2025/340751.xbrl,803d586ce10d3db63c566a2fdcd33793a023c24b7bd3aef214ca8391ee129154,70653
342362,"FIRST NATIONAL BANK OF SHINER, THE",TX,,6/30/2025,XBRL,2026-06-03T03:30:48.174808+00:00,/Users/adityarajiv/Documents/ffiec-cdr/ONLY_TEXAS_SINCE_2025/archive/call/6-30-2025/342362.xbrl,3ddcc8c86ba7312b919f80980ffb8545880c9da74c64028f707b2f145cc7d08d,89089
3447576,AMERICAN MOMENTUM BANK,TX,,6/30/2025,XBRL,2026-06-03T03:30:48.174808+00:00,/Users/adityarajiv/Documents/ffiec-cdr/ONLY_TEXAS_SINCE_2025/archive/call/6-30-2025/3447576.xbrl,1ed8ce44bc98bd676ecfa1f13a9d1fe31ee4292d7682bc1846fa49b0f348131e,109437
3448162,LONE STAR BANK,TX,,6/30/2025,XBRL,2026-06-03T03:30:48.174808+00:00,/Users/adityarajiv/Documents/ffiec-cdr/ONLY_TEXAS_SINCE_2025/archive/call/6-30-2025/3448162.xbrl,43f53b8ddb8a381685fcf7361216d0252bd7c57b33eb3d39f4ef37b210075c6f,69785
3463875,AUSTIN COUNTY STATE BANK,TX,,6/30/2025,XBRL,2026-06-03T03:30:48.174808+00:00,/Users/adityarajiv/Documents/ffiec-cdr/ONLY_TEXAS_SINCE_2025/archive/call/6-30-2025/3463875.xbrl,670aca749502706270a556974fa867babd80f1074735eb85fd0101bc94b9520b,71400
3465392,PEGASUS BANK,TX,,6/30/2025,XBRL,2026-06-03T03:30:48.174808+00:00,/Users/adityarajiv/Documents/ffiec-cdr/ONLY_TEXAS_SINCE_2025/archive/call/6-30-2025/3465392.xbrl,82a6992215f9382be6da237f6a114758ff0ccda0c5f8141fde1da83dbb55730b,133882
346566,FIRST NATIONAL BANK OF SOUTH PADRE ISLAND,TX,,6/30/2025,XBRL,2026-06-03T03:30:48.174808+00:00,/Users/adityarajiv/Documents/ffiec-cdr/ONLY_TEXAS_SINCE_2025/archive/call/6-30-2025/346566.xbrl,23dcc30c94ab9dff7c6f3bb1d32908b4b4156fd222cdf3cfccc797ecf4522b70,68873
3472046,FRONTIER BANK OF TEXAS,TX,,6/30/2025,XBRL,2026-06-03T03:30:48.174808+00:00,/Users/adityarajiv/Documents/ffiec-cdr/ONLY_TEXAS_SINCE_2025/archive/call/6-30-2025/3472046.xbrl,38350d6afc36b75049925806df9dfde104a18ccc4f938a28a619f6dacdb3f9d8,71323
3479018,"COMMUNITY BANK, THE",TX,,6/30/2025,XBRL,2026-06-03T03:30:48.174808+00:00,/Users/adityarajiv/Documents/ffiec-cdr/ONLY_TEXAS_SINCE_2025/archive/call/6-30-2025/3479018.xbrl,202b368918b8a38a67c7a7b5408c7e10bdc5ea756e05b73b277238b091016082,105261
3485215,"TEXAS ADVANTAGE COMMUNITY BANK, NATIONAL ASSOCIATION",TX,,6/30/2025,XBRL,2026-06-03T03:30:48.174808+00:00,/Users/adityarajiv/Documents/ffiec-cdr/ONLY_TEXAS_SINCE_2025/archive/call/6-30-2025/3485215.xbrl,0eda78f017c15cffc07f4bcb6ea12ee83ed98747dad77dee680dcff3a3769b31,105030
352651,BOC BANK,TX,,6/30/2025,XBRL,2026-06-03T03:30:48.174808+00:00,/Users/adityarajiv/Documents/ffiec-cdr/ONLY_TEXAS_SINCE_2025/archive/call/6-30-2025/352651.xbrl,db30a4e152532228ede8fd58edcdcf8ead3dd8b16ef0aa8e03f377fdd99b02f0,104246
353555,AMARILLO NATIONAL BANK,TX,,6/30/2025,XBRL,2026-06-03T03:30:48.174808+00:00,/Users/adityarajiv/Documents/ffiec-cdr/ONLY_TEXAS_SINCE_2025/archive/call/6-30-2025/353555.xbrl,fa9ac333acd4c44207edadc712af17a6eda7c742b6005088065729b796a0e8b9,140337
3548567,TEXAS PARTNERS BANK,TX,,6/30/2025,XBRL,2026-06-03T03:30:48.174808+00:00,/Users/adityarajiv/Documents/ffiec-cdr/ONLY_TEXAS_SINCE_2025/archive/call/6-30-2025/3548567.xbrl,2158aab35dc8ed484b67227c2a590fd98e4a44b7052ffb9fcef271aba1e4caeb,109385
3579589,STELLAR BANK,TX,,6/30/2025,XBRL,2026-06-03T03:30:48.174808+00:00,/Users/adityarajiv/Documents/ffiec-cdr/ONLY_TEXAS_SINCE_2025/archive/call/6-30-2025/3579589.xbrl,52ebaa433f362666f5493daca68ed1b71e383d616c6221a44b1074028ceb53f0,148564
361167,SOUTHSIDE BANK,TX,,6/30/2025,XBRL,2026-06-03T03:30:48.174808+00:00,/Users/adityarajiv/Documents/ffiec-cdr/ONLY_TEXAS_SINCE_2025/archive/call/6-30-2025/361167.xbrl,1c319e8116f83a92bc6748c4e3af4fda514532afdc5b03e5eef764d9cc20b436,141564
3619216,TEXAS SECURITY BANK,TX,,6/30/2025,XBRL,2026-06-03T03:30:48.174808+00:00,/Users/adityarajiv/Documents/ffiec-cdr/ONLY_TEXAS_SINCE_2025/archive/call/6-30-2025/3619216.xbrl,3ef79a92faa4361efa003aa9b550ec438483888741e3fc9d7196337e97622bc5,108272
362155,"FIRST NATIONAL BANK OF ANDERSON, THE",TX,,6/30/2025,XBRL,2026-06-03T03:30:48.174808+00:00,/Users/adityarajiv/Documents/ffiec-cdr/ONLY_TEXAS_SINCE_2025/archive/call/6-30-2025/362155.xbrl,66654997776cc792f659575a2d7f5b72ff24ad0fb3bd15ece77e2d4e990c8ffe,69139
362856,"BIG BEND BANKS, N.A. DBA MARFA NATIONAL BANK, THE",TX,,6/30/2025,XBRL,2026-06-03T03:30:48.174808+00:00,/Users/adityarajiv/Documents/ffiec-cdr/ONLY_TEXAS_SINCE_2025/archive/call/6-30-2025/362856.xbrl,d8ce04edc84b424f1b74304d56ce361e1aea11e60ba6e10f9d2e60925d482270,103097
3630323,THIRD COAST BANK,TX,,6/30/2025,XBRL,2026-06-03T03:30:48.174808+00:00,/Users/adityarajiv/Documents/ffiec-cdr/ONLY_TEXAS_SINCE_2025/archive/call/6-30-2025/3630323.xbrl,57cf21f97fa2e3e312d8b263fe99fc4aabc7940467e8ca9113821c85680f16d3,110466
3635551,GUADALUPE BANK,TX,,6/30/2025,XBRL,2026-06-03T03:30:48.174808+00:00,/Users/adityarajiv/Documents/ffiec-cdr/ONLY_TEXAS_SINCE_2025/archive/call/6-30-2025/3635551.xbrl,57bed4911fbd67faff029fae8bc32280427497fe7edb4a78af1682f5100633ac,105166
366359,"FIRST NATIONAL BANK OF ANSON, THE",TX,,6/30/2025,XBRL,2026-06-03T03:30:48.174808+00:00,/Users/adityarajiv/Documents/ffiec-cdr/ONLY_TEXAS_SINCE_2025/archive/call/6-30-2025/366359.xbrl,dda59ebc9448add46901197b29f147e64c5d3d17e6d5fcc086a9303c7e4e5d55,104553
368054,MASON BANK,TX,,6/30/2025,XBRL,2026-06-03T03:30:48.174808+00:00,/Users/adityarajiv/Documents/ffiec-cdr/ONLY_TEXAS_SINCE_2025/archive/call/6-30-2025/368054.xbrl,86a6b80b640fde5e600939f12111207dd3237da210cf949d61762402397b560e,70173
3690121,LIBERTY CAPITAL BANK,TX,,6/30/2025,XBRL,2026-06-03T03:30:48.174808+00:00,/Users/adityarajiv/Documents/ffiec-cdr/ONLY_TEXAS_SINCE_2025/archive/call/6-30-2025/3690121.xbrl,9ea5c79c50bf46c954b0bec89649d1dc6881476e430ae41258cfdde7c2a809a3,105800
369659,FIRST NATIONAL BANK OF CENTRAL TEXAS,TX,,6/30/2025,XBRL,2026-06-03T03:30:48.174808+00:00,/Users/adityarajiv/Documents/ffiec-cdr/ONLY_TEXAS_SINCE_2025/archive/call/6-30-2025/369659.xbrl,3c9a96a10635bbf4adc57a7d1c0639a65f292c8c119c3c0597e968a0852dd4d8,107605
370954,"COWBOY BANK OF TEXAS, THE",TX,,6/30/2025,XBRL,2026-06-03T03:30:48.174808+00:00,/Users/adityarajiv/Documents/ffiec-cdr/ONLY_TEXAS_SINCE_2025/archive/call/6-30-2025/370954.xbrl,5c8e5958a5e89332d84c504122a53946fb192d43ebbcb18ea72a23a8734d255d,69578
371362,WELLINGTON STATE BANK,TX,,6/30/2025,XBRL,2026-06-03T03:30:48.174808+00:00,/Users/adityarajiv/Documents/ffiec-cdr/ONLY_TEXAS_SINCE_2025/archive/call/6-30-2025/371362.xbrl,115468c9192965db4f365a4682437631ea3cfe3a1f27bb6e5d9f00c280eecdb6,105156
373553,FIRST BANK AND TRUST OF MEMPHIS,TX,,6/30/2025,XBRL,2026-06-03T03:30:48.174808+00:00,/Users/adityarajiv/Documents/ffiec-cdr/ONLY_TEXAS_SINCE_2025/archive/call/6-30-2025/373553.xbrl,ab4694f7c776802e8ce84b11f73eb6feb4b1eef2b357a21dcc0a9d870fd07628,104519
375566,FIRST NATIONAL BANK,TX,,6/30/2025,XBRL,2026-06-03T03:30:48.174808+00:00,/Users/adityarajiv/Documents/ffiec-cdr/ONLY_TEXAS_SINCE_2025/archive/call/6-30-2025/375566.xbrl,dcc1373fc4cda7d197e717cd4cb703191b737e791c3168d56f040a072be9e4e1,108599
375650,MENARD BANK,TX,,6/30/2025,XBRL,2026-06-03T03:30:48.174808+00:00,/Users/adityarajiv/Documents/ffiec-cdr/ONLY_TEXAS_SINCE_2025/archive/call/6-30-2025/375650.xbrl,62768b3c5900f3436d8211da95c4d5ede0b6c9b377315dd51ba6fb0f6c630bff,69995
377663,FANNIN BANK,TX,,6/30/2025,XBRL,2026-06-03T03:30:48.174808+00:00,/Users/adityarajiv/Documents/ffiec-cdr/ONLY_TEXAS_SINCE_2025/archive/call/6-30-2025/377663.xbrl,f05bcf0b0bb3182446b286a7598b5269e1bb2ffc823232fbc4c422aaf6816813,116564
379153,"FIRST NATIONAL BANK OF EVANT, THE",TX,,6/30/2025,XBRL,2026-06-03T03:30:48.174808+00:00,/Users/adityarajiv/Documents/ffiec-cdr/ONLY_TEXAS_SINCE_2025/archive/call/6-30-2025/379153.xbrl,23b6641766c6c2e84e29edb394d8d87466c7d8461addbaf5c53c7eee3d9f98a1,69459
380458,TEXAS REGIONAL BANK,TX,,6/30/2025,XBRL,2026-06-03T03:30:48.174808+00:00,/Users/adityarajiv/Documents/ffiec-cdr/ONLY_TEXAS_SINCE_2025/archive/call/6-30-2025/380458.xbrl,f89f0f0102758cfe5ba029a65b2d28dcb5ab91ac3a3c4351cd8667a54295462d,108757
382069,INTERNATIONAL BANK OF COMMERCE,TX,,6/30/2025,XBRL,2026-06-03T03:30:48.174808+00:00,/Users/adityarajiv/Documents/ffiec-cdr/ONLY_TEXAS_SINCE_2025/archive/call/6-30-2025/382069.xbrl,e528c186189a279caf0b9e3e1e18658198861b285ee40c0b6029444f2fbd68cf,129075
3821037,R BANK,TX,,6/30/2025,XBRL,2026-06-03T03:30:48.174808+00:00,/Users/adityarajiv/Documents/ffiec-cdr/ONLY_TEXAS_SINCE_2025/archive/call/6-30-2025/3821037.xbrl,831b927d6a9533f1619efacc78fdd3116e1819d31d28e0ecc2c643884941957a,127987
3821626,"MINT NATIONAL BANK, THE",TX,,6/30/2025,XBRL,2026-06-03T03:30:48.174808+00:00,/Users/adityarajiv/Documents/ffiec-cdr/ONLY_TEXAS_SINCE_2025/archive/call/6-30-2025/3821626.xbrl,d09f8eeca2ff3a4eff5945a11d58d74c6b97b355ec2e8814b627315af51e42b9,69961
384652,"DALLAS CAPITAL BANK, NATIONAL ASSOCIATION",TX,,6/30/2025,XBRL,2026-06-03T03:30:48.174808+00:00,/Users/adityarajiv/Documents/ffiec-cdr/ONLY_TEXAS_SINCE_2025/archive/call/6-30-2025/384652.xbrl,b4ea2f4444c61ab6e85141bd71b3a9ce157fb86de50daac2e5716bb0d6a7139b,71736
389358,SECURITY STATE BANK,TX,,6/30/2025,XBRL,2026-06-03T03:30:48.174808+00:00,/Users/adityarajiv/Documents/ffiec-cdr/ONLY_TEXAS_SINCE_2025/archive/call/6-30-2025/389358.xbrl,693813fa81a314f93a0aac07c58c5eee622aac73b0c398debc28b16e060576cb,75518
393252,FIRST TEXAS NATIONAL BANK,TX,,6/30/2025,XBRL,2026-06-03T03:30:48.174808+00:00,/Users/adityarajiv/Documents/ffiec-cdr/ONLY_TEXAS_SINCE_2025/archive/call/6-30-2025/393252.xbrl,03123801e3f029bfbdd845d17026325e8fd1730cc58473cb34966920f8a55d16,70263
393953,"HOMETOWN BANK, NATIONAL ASSOCIATION",TX,,6/30/2025,XBRL,2026-06-03T03:30:48.174808+00:00,/Users/adityarajiv/Documents/ffiec-cdr/ONLY_TEXAS_SINCE_2025/archive/call/6-30-2025/393953.xbrl,baf839036932a49e5b4559e3e500bd48fc6a75f5ad5c8f81f31d32dcd1da8e83,105358
396954,"PECOS COUNTY STATE BANK, THE",TX,,6/30/2025,XBRL,2026-06-03T03:30:48.174808+00:00,/Users/adityarajiv/Documents/ffiec-cdr/ONLY_TEXAS_SINCE_2025/archive/call/6-30-2025/396954.xbrl,cf45668a932c34dbf9e0c54be85ec8a246e6056fcc0efbc00242a145cca48a7f,70528
397456,FIRST NATIONAL BANK OF FORT STOCKTON,TX,,6/30/2025,XBRL,2026-06-03T03:30:48.174808+00:00,/Users/adityarajiv/Documents/ffiec-cdr/ONLY_TEXAS_SINCE_2025/archive/call/6-30-2025/397456.xbrl,f2c010f71bd805ccff8ef2038e0dbedf8f402f210b956c88a02d6816ea39964b,84615
400365,"FIRST COMMERCIAL BANK, NATIONAL ASSOCIATION",TX,,6/30/2025,XBRL,2026-06-03T03:30:48.174808+00:00,/Users/adityarajiv/Documents/ffiec-cdr/ONLY_TEXAS_SINCE_2025/archive/call/6-30-2025/400365.xbrl,301c7091c7b9e488bdcf19e5f71d18235ef4c4efa0e6c858e350ddc0540096b9,105306
404653,DOMINION BANK,TX,,6/30/2025,XBRL,2026-06-03T03:30:48.174808+00:00,/Users/adityarajiv/Documents/ffiec-cdr/ONLY_TEXAS_SINCE_2025/archive/call/6-30-2025/404653.xbrl,5ff84a9027bca35d81daa247bae95fde2b6352c70cbc6fe74118571e749d8e05,104737
406059,NBT FINANCIAL BANK,TX,,6/30/2025,XBRL,2026-06-03T03:30:48.174808+00:00,/Users/adityarajiv/Documents/ffiec-cdr/ONLY_TEXAS_SINCE_2025/archive/call/6-30-2025/406059.xbrl,a3420a362e2fed8e814fb89edd38fe3c303bd7c85e2ead11d88ce156c3245db9,105290
406666,WEST TEXAS STATE BANK,TX,,6/30/2025,XBRL,2026-06-03T03:30:48.174808+00:00,/Users/adityarajiv/Documents/ffiec-cdr/ONLY_TEXAS_SINCE_2025/archive/call/6-30-2025/406666.xbrl,cf689669c0ddfec3006fb13add453eb6c241b359fd719fc2a7c25127da85739f,69248
407168,FIRST STATE BANK,TX,,6/30/2025,XBRL,2026-06-03T03:30:48.174808+00:00,/Users/adityarajiv/Documents/ffiec-cdr/ONLY_TEXAS_SINCE_2025/archive/call/6-30-2025/407168.xbrl,37a5619dd99f4b87dc5665ad85aeb8a47d5be9c3d88968b1891a9f84be9e6d7e,70541
409265,SPUR SECURITY BANK,TX,,6/30/2025,XBRL,2026-06-03T03:30:48.174808+00:00,/Users/adityarajiv/Documents/ffiec-cdr/ONLY_TEXAS_SINCE_2025/archive/call/6-30-2025/409265.xbrl,10f480b5a325306dc4187b47f456224916f14bfaadfeafeee50371abf9db4b31,103577
410560,FIRST STATE BANK,TX,,6/30/2025,XBRL,2026-06-03T03:30:48.174808+00:00,/Users/adityarajiv/Documents/ffiec-cdr/ONLY_TEXAS_SINCE_2025/archive/call/6-30-2025/410560.xbrl,9928e9de651ae118a919fdd19c289243803a7245670ea4d64f0e13dc5edf2019,70671
411062,"FIRST NATIONAL BANK OF STERLING CITY, THE",TX,,6/30/2025,XBRL,2026-06-03T03:30:48.174808+00:00,/Users/adityarajiv/Documents/ffiec-cdr/ONLY_TEXAS_SINCE_2025/archive/call/6-30-2025/411062.xbrl,cc9032b46fdd8f25403df746c481d87b21ff6b86df8482a37d6a7c2590d31cb7,104584
412667,SUNDOWN STATE BANK,TX,,6/30/2025,XBRL,2026-06-03T03:30:48.174808+00:00,/Users/adityarajiv/Documents/ffiec-cdr/ONLY_TEXAS_SINCE_2025/archive/call/6-30-2025/412667.xbrl,7dd1f18bd39b395e1c70a6d3f087d812ae8dda8fbf45f4906c083239e250e368,104585
412751,WOODFOREST NATIONAL BANK,TX,,6/30/2025,XBRL,2026-06-03T03:30:48.174808+00:00,/Users/adityarajiv/Documents/ffiec-cdr/ONLY_TEXAS_SINCE_2025/archive/call/6-30-2025/412751.xbrl,7f002e171d9ca1bfb1934c30ed4fd96841910adce71032cac77defaf4708e703,134608
414764,TEXAS BANK,TX,,6/30/2025,XBRL,2026-06-03T03:30:48.174808+00:00,/Users/adityarajiv/Documents/ffiec-cdr/ONLY_TEXAS_SINCE_2025/archive/call/6-30-2025/414764.xbrl,4d70047d27a274cb59d1e9fec7a6062c36b107a31447ee2550fb5765fc1ffb95,70750
414858,"INCOMMONS BANK, NATIONAL ASSOCIATION",TX,,6/30/2025,XBRL,2026-06-03T03:30:48.174808+00:00,/Users/adityarajiv/Documents/ffiec-cdr/ONLY_TEXAS_SINCE_2025/archive/call/6-30-2025/414858.xbrl,4cf3798817eb10e62da7b36e8aa6e4f8242863b799e9983dea180e951a3e2dc1,105047
42354,"COMMERCIAL NATIONAL BANK OF BRADY, THE",TX,,6/30/2025,XBRL,2026-06-03T03:30:48.174808+00:00,/Users/adityarajiv/Documents/ffiec-cdr/ONLY_TEXAS_SINCE_2025/archive/call/6-30-2025/42354.xbrl,fe3ecaf27d015fde22d7ec7979e3f4b029a3b04ac548825bd9183c9eec3b55ed,104018
424352,ANAHUAC NATIONAL BANK,TX,,6/30/2025,XBRL,2026-06-03T03:30:48.174808+00:00,/Users/adityarajiv/Documents/ffiec-cdr/ONLY_TEXAS_SINCE_2025/archive/call/6-30-2025/424352.xbrl,3881c0e4da1ffcfa52f851d30e5142134a81a01903b72e1903feb487b37aa624,104471
426057,SPECTRA BANK,TX,,6/30/2025,XBRL,2026-06-03T03:30:48.174808+00:00,/Users/adityarajiv/Documents/ffiec-cdr/ONLY_TEXAS_SINCE_2025/archive/call/6-30-2025/426057.xbrl,58243f545c8dd4d2df91f53d669515710039aaccb7f23ab6e96943f5488841b0,67831
428060,CENTRAL NATIONAL BANK,TX,,6/30/2025,XBRL,2026-06-03T03:30:48.174808+00:00,/Users/adityarajiv/Documents/ffiec-cdr/ONLY_TEXAS_SINCE_2025/archive/call/6-30-2025/428060.xbrl,060b5d9693a73499e4c8141fcdef46278febe0df56ab6dae7e3f9b809dcb327d,107872
432058,FREEDOM BANK,TX,,6/30/2025,XBRL,2026-06-03T03:30:48.174808+00:00,/Users/adityarajiv/Documents/ffiec-cdr/ONLY_TEXAS_SINCE_2025/archive/call/6-30-2025/432058.xbrl,40cd8c29673f9c560ac822d07f3d8af9571771d13f50a987f9c397da7a9311aa,69063
435059,ENNIS STATE BANK,TX,,6/30/2025,XBRL,2026-06-03T03:30:48.174808+00:00,/Users/adityarajiv/Documents/ffiec-cdr/ONLY_TEXAS_SINCE_2025/archive/call/6-30-2025/435059.xbrl,40c6ad704547c2ea12526b034638905640542e897a056b099cb030fdb66f9312,70902
435666,SECURITY BANK OF TEXAS,TX,,6/30/2025,XBRL,2026-06-03T03:30:48.174808+00:00,/Users/adityarajiv/Documents/ffiec-cdr/ONLY_TEXAS_SINCE_2025/archive/call/6-30-2025/435666.xbrl,495f29d73b9149c5516dea7b4c82106c8363868b72af1c8af897c6551bf2c153,69196
435750,FIRST STATE BANK,TX,,6/30/2025,XBRL,2026-06-03T03:30:48.174808+00:00,/Users/adityarajiv/Documents/ffiec-cdr/ONLY_TEXAS_SINCE_2025/archive/call/6-30-2025/435750.xbrl,0bfad4c427a4671ecd6f8f3c7d3105247aae0056e03f1d8467c47168559c8cfe,134172
43959,BRIDGE CITY STATE BANK,TX,,6/30/2025,XBRL,2026-06-03T03:30:48.174808+00:00,/Users/adityarajiv/Documents/ffiec-cdr/ONLY_TEXAS_SINCE_2025/archive/call/6-30-2025/43959.xbrl,8c850f7f6ce12058c5937b7c2f1f9974b1d9f8e3d2e7233dfde54baa9f584ae7,103055
441050,"FALLS CITY NATIONAL BANK, THE",TX,,6/30/2025,XBRL,2026-06-03T03:30:48.174808+00:00,/Users/adityarajiv/Documents/ffiec-cdr/ONLY_TEXAS_SINCE_2025/archive/call/6-30-2025/441050.xbrl,70fec8116224351bb360a59bd4d43f1ddf326318a682253bfbba31456dbe7582,70211
442655,"FIRST NATIONAL BANK IN FALFURRIAS, THE",TX,,6/30/2025,XBRL,2026-06-03T03:30:48.174808+00:00,/Users/adityarajiv/Documents/ffiec-cdr/ONLY_TEXAS_SINCE_2025/archive/call/6-30-2025/442655.xbrl,6c177dd7ea11c22aa544e225f8ca4f0970bd774ea584e60908d87b35ad8192cb,69044
444350,FIRST TEXAS BANK,TX,,6/30/2025,XBRL,2026-06-03T03:30:48.174808+00:00,/Users/adityarajiv/Documents/ffiec-cdr/ONLY_TEXAS_SINCE_2025/archive/call/6-30-2025/444350.xbrl,16172d8ea301ae0f2edd2193f8ff44eb577224d8f6418a527cfb1b84b4aff067,105041
445955,"FIRST NATIONAL BANK OF EAST TEXAS, THE",TX,,6/30/2025,XBRL,2026-06-03T03:30:48.174808+00:00,/Users/adityarajiv/Documents/ffiec-cdr/ONLY_TEXAS_SINCE_2025/archive/call/6-30-2025/445955.xbrl,41a66adf96cf9ec0fcc17a5d0874b9f299ff481e6638944488379f680ff2514b,70698
448554,SAGE CAPITAL BANK,TX,,6/30/2025,XBRL,2026-06-03T03:30:48.174808+00:00,/Users/adityarajiv/Documents/ffiec-cdr/ONLY_TEXAS_SINCE_2025/archive/call/6-30-2025/448554.xbrl,fc1e88ae02d76e363b1dc6d476433e52d2627411a892799f85454a9895acc869,105417
450753,FAYETTEVILLE BANK,TX,,6/30/2025,XBRL,2026-06-03T03:30:48.174808+00:00,/Users/adityarajiv/Documents/ffiec-cdr/ONLY_TEXAS_SINCE_2025/archive/call/6-30-2025/450753.xbrl,f54d67b36edb477699e797cc0e45bf91bb578ab0f16ce1b7232c421a24a7e186,89534
455459,MAVERICK BANK,TX,,6/30/2025,XBRL,2026-06-03T03:30:48.174808+00:00,/Users/adityarajiv/Documents/ffiec-cdr/ONLY_TEXAS_SINCE_2025/archive/call/6-30-2025/455459.xbrl,3b3803e249931dca997d1244cb5fd88158587e5bca578048407b7c1434cabc8e,70246
45560,JEFFERSON BANK,TX,,6/30/2025,XBRL,2026-06-03T03:30:48.174808+00:00,/Users/adityarajiv/Documents/ffiec-cdr/ONLY_TEXAS_SINCE_2025/archive/call/6-30-2025/45560.xbrl,91c1beb9f94c71d5b1d95f68a9ba9d5f82df5e8587bd2090e99e1b5d60656444,138253
457060,SPRING HILL STATE BANK,TX,,6/30/2025,XBRL,2026-06-03T03:30:48.174808+00:00,/Users/adityarajiv/Documents/ffiec-cdr/ONLY_TEXAS_SINCE_2025/archive/call/6-30-2025/457060.xbrl,7f5dd2e898fa30bd7dbdd77bd6bac698d091c3b2ec033f2a4f1486734ffafd65,104145
458665,"FIRST NATIONAL BANK OF STANTON, THE",TX,,6/30/2025,XBRL,2026-06-03T03:30:48.174808+00:00,/Users/adityarajiv/Documents/ffiec-cdr/ONLY_TEXAS_SINCE_2025/archive/call/6-30-2025/458665.xbrl,b45c9aca3b14f12e6ff508e0a94b658fcb97a6a7aed098fa0727ad11e3b2593d,104904
460556,"STATE NATIONAL BANK OF GROOM, THE",TX,,6/30/2025,XBRL,2026-06-03T03:30:48.174808+00:00,/Users/adityarajiv/Documents/ffiec-cdr/ONLY_TEXAS_SINCE_2025/archive/call/6-30-2025/460556.xbrl,70b9b25f6b72659118a930619d85dca0f009458011885cef583bbc664215825c,104862
461058,FARMERS STATE BANK,TX,,6/30/2025,XBRL,2026-06-03T03:30:48.174808+00:00,/Users/adityarajiv/Documents/ffiec-cdr/ONLY_TEXAS_SINCE_2025/archive/call/6-30-2025/461058.xbrl,d62001ed2cfc954f87e704b50e4977efc56ac10ef1490ce1246b728bc9d96cd0,70414
470050,FIRST FINANCIAL BANK,TX,,6/30/2025,XBRL,2026-06-03T03:30:48.174808+00:00,/Users/adityarajiv/Documents/ffiec-cdr/ONLY_TEXAS_SINCE_2025/archive/call/6-30-2025/470050.xbrl,20197ac13371f7bb1e54285f51d1bb0e15e6e85599d0b2d19f74a701c55acf70,146960
473266,TEXAS FIRST BANK,TX,,6/30/2025,XBRL,2026-06-03T03:30:48.174808+00:00,/Users/adityarajiv/Documents/ffiec-cdr/ONLY_TEXAS_SINCE_2025/archive/call/6-30-2025/473266.xbrl,b9de33d0887f8c3becd497a9c57776139611e601cb064965de5bda3de7623852,107680
474254,BROADWAY NATIONAL BANK,TX,,6/30/2025,XBRL,2026-06-03T03:30:48.174808+00:00,/Users/adityarajiv/Documents/ffiec-cdr/ONLY_TEXAS_SINCE_2025/archive/call/6-30-2025/474254.xbrl,c58b1bfed863967c50da69409535d82c95422f8889f19e4cd711aaf1dcc81bd5,140466
474759,"SUNFLOWER BANK, NATIONAL ASSOCIATION",TX,,6/30/2025,XBRL,2026-06-03T03:30:48.174808+00:00,/Users/adityarajiv/Documents/ffiec-cdr/ONLY_TEXAS_SINCE_2025/archive/call/6-30-2025/474759.xbrl,61e12e56ffc9ca09bbfe3d5897c1cef7f0a81c05117858a9903f3ce8335dc927,142423
479567,"FIRST NATIONAL BANK OF TRINITY, THE",TX,,6/30/2025,XBRL,2026-06-03T03:30:48.174808+00:00,/Users/adityarajiv/Documents/ffiec-cdr/ONLY_TEXAS_SINCE_2025/archive/call/6-30-2025/479567.xbrl,5c5ee49706db8d40a5eb9c58b5bb428c14220639f5ae066054440dcdda75e033,67767
484057,MARION STATE BANK,TX,,6/30/2025,XBRL,2026-06-03T03:30:48.174808+00:00,/Users/adityarajiv/Documents/ffiec-cdr/ONLY_TEXAS_SINCE_2025/archive/call/6-30-2025/484057.xbrl,d90c605c7a9f16a3a11b2f6fb8c158d6648b1857346fdf35a73b21510b6afde6,69979
488653,"NATIONAL BANK OF ANDREWS, THE",TX,,6/30/2025,XBRL,2026-06-03T03:30:48.174808+00:00,/Users/adityarajiv/Documents/ffiec-cdr/ONLY_TEXAS_SINCE_2025/archive/call/6-30-2025/488653.xbrl,a7e5a29ad299ada95bd70686544110a3fd9e1ea5dc183c6718b895b5e29f379e,104092
489155,CITIZENS STATE BANK,TX,,6/30/2025,XBRL,2026-06-03T03:30:48.174808+00:00,/Users/adityarajiv/Documents/ffiec-cdr/ONLY_TEXAS_SINCE_2025/archive/call/6-30-2025/489155.xbrl,c600b9c9c441f533a76650c9e575da3e3a619029d8549878d4234b59cbb7a0a2,68898
490450,NORTH DALLAS BANK & TRUST CO.,TX,,6/30/2025,XBRL,2026-06-03T03:30:48.174808+00:00,/Users/adityarajiv/Documents/ffiec-cdr/ONLY_TEXAS_SINCE_2025/archive/call/6-30-2025/490450.xbrl,3293181eea287b1eef002af69653aa490405363558988f573f03bc51a02fac86,78731
491653,"COMMERCIAL BANK, THE",TX,,6/30/2025,XBRL,2026-06-03T03:30:48.174808+00:00,/Users/adityarajiv/Documents/ffiec-cdr/ONLY_TEXAS_SINCE_2025/archive/call/6-30-2025/491653.xbrl,235345e36c5751970e1dccf884bd444b4635e4874d26216d45dcbff0a230cb4b,67951
494654,"AMERICAN BANK, NATIONAL ASSOCIATION",TX,,6/30/2025,XBRL,2026-06-03T03:30:48.174808+00:00,/Users/adityarajiv/Documents/ffiec-cdr/ONLY_TEXAS_SINCE_2025/archive/call/6-30-2025/494654.xbrl,4faa1a20023d00de7f165d331dbbfd2da7c076c14c3f80497f07ba3a8ab2bdcd,70173
497954,TEXAS NATIONAL BANK,TX,,6/30/2025,XBRL,2026-06-03T03:30:48.174808+00:00,/Users/adityarajiv/Documents/ffiec-cdr/ONLY_TEXAS_SINCE_2025/archive/call/6-30-2025/497954.xbrl,87cb05509c6036280d425e61beb80ebf82fab41976f4e18e3795f172219aa55b,105489
498362,AMERICAN NATIONAL BANK & TRUST,TX,,6/30/2025,XBRL,2026-06-03T03:30:48.174808+00:00,/Users/adityarajiv/Documents/ffiec-cdr/ONLY_TEXAS_SINCE_2025/archive/call/6-30-2025/498362.xbrl,1c3bab0893b15ddfcbfa408172393743f81ad4c35528b0988412cd1b1673c375,141521
498456,AVANA BANK,TX,,6/30/2025,XBRL,2026-06-03T03:30:48.174808+00:00,/Users/adityarajiv/Documents/ffiec-cdr/ONLY_TEXAS_SINCE_2025/archive/call/6-30-2025/498456.xbrl,f5b52be281c43d8655857ea0033b18cbaffbfa05ef4a37f029ed0d302f4c7473,68693
49858,BANK OF SOUTH TEXAS,TX,,6/30/2025,XBRL,2026-06-03T03:30:48.174808+00:00,/Users/adityarajiv/Documents/ffiec-cdr/ONLY_TEXAS_SINCE_2025/archive/call/6-30-2025/49858.xbrl,7a0c0bcdd7b033ef14d4add1adfc487404e76a8dd992c7aba5926daf77206a5e,68692
500256,"FIRST NATIONAL BANK OF MERTZON, THE",TX,,6/30/2025,XBRL,2026-06-03T03:30:48.174808+00:00,/Users/adityarajiv/Documents/ffiec-cdr/ONLY_TEXAS_SINCE_2025/archive/call/6-30-2025/500256.xbrl,81acab7d1945718336678c80d6df21dd3c922b5322b669a8f99748c2e1f9d719,121214
500658,PAVILLION BANK,TX,,6/30/2025,XBRL,2026-06-03T03:30:48.174808+00:00,/Users/adityarajiv/Documents/ffiec-cdr/ONLY_TEXAS_SINCE_2025/archive/call/6-30-2025/500658.xbrl,00a784934c91d433932447d342ee245624c8031ee2ba6970430b0f2e459e2f6d,103475
501767,"FIRST NATIONAL BANK OF WINNSBORO, THE",TX,,6/30/2025,XBRL,2026-06-03T03:30:48.174808+00:00,/Users/adityarajiv/Documents/ffiec-cdr/ONLY_TEXAS_SINCE_2025/archive/call/6-30-2025/501767.xbrl,c8ff7819d229d9302a0ac9bcbf0cf721ba56322426e67e3b26c301da92b54ca5,69353
514655,"TEXAS GULF BANK, NATIONAL ASSOCIATION",TX,,6/30/2025,XBRL,2026-06-03T03:30:48.174808+00:00,/Users/adityarajiv/Documents/ffiec-cdr/ONLY_TEXAS_SINCE_2025/archive/call/6-30-2025/514655.xbrl,c5688bdfe323f1ed514b16b226e55232943fc833680fe5423bef59236597e0ac,75958
518877,GREATER STATE BANK,TX,,6/30/2025,XBRL,2026-06-03T03:30:48.174808+00:00,/Users/adityarajiv/Documents/ffiec-cdr/ONLY_TEXAS_SINCE_2025/archive/call/6-30-2025/518877.xbrl,c3c292226bf9be139b25f7f60a0c41d077fbd18cb09f9f4610b5144b87537bdb,103631
521158,"SOUTHTRUST BANK, N.A.",TX,,6/30/2025,XBRL,2026-06-03T03:30:48.174808+00:00,/Users/adityarajiv/Documents/ffiec-cdr/ONLY_TEXAS_SINCE_2025/archive/call/6-30-2025/521158.xbrl,a398e5258e35b7873231d3b084eb7f8ffc054e1b296bb4c344e2e5043cb34107,105884
522669,HOMEBANK TEXAS,TX,,6/30/2025,XBRL,2026-06-03T03:30:48.174808+00:00,/Users/adityarajiv/Documents/ffiec-cdr/ONLY_TEXAS_SINCE_2025/archive/call/6-30-2025/522669.xbrl,b533af2d156f5f49e604ee4facc6035e6141b29a1a227c1809febafa77ed122e,105215
522753,MCBANK,TX,,6/30/2025,XBRL,2026-06-03T03:30:48.174808+00:00,/Users/adityarajiv/Documents/ffiec-cdr/ONLY_TEXAS_SINCE_2025/archive/call/6-30-2025/522753.xbrl,32f0d748be0dfba63fa18caebc0f96aa743bfe2aeaeb38794fe4cfd17aefbe92,105195
523161,CITIZENS STATE BANK,TX,,6/30/2025,XBRL,2026-06-03T03:30:48.174808+00:00,/Users/adityarajiv/Documents/ffiec-cdr/ONLY_TEXAS_SINCE_2025/archive/call/6-30-2025/523161.xbrl,1fa633b8ce8424d283bd3732d1dd4be5f0b756c6c7ed5a851161f49deb3471b7,69947
524766,FIRST STATE BANK,TX,,6/30/2025,XBRL,2026-06-03T03:30:48.174808+00:00,/Users/adityarajiv/Documents/ffiec-cdr/ONLY_TEXAS_SINCE_2025/archive/call/6-30-2025/524766.xbrl,46293b6e6ed1d101a52720fbe11b630d891bf7db2d453f88edb9a9d6f4ce09e7,83650
5278251,CHARLES SCHWAB TRUST BANK,TX,,6/30/2025,XBRL,2026-06-03T03:30:48.174808+00:00,/Users/adityarajiv/Documents/ffiec-cdr/ONLY_TEXAS_SINCE_2025/archive/call/6-30-2025/5278251.xbrl,2aaf3816e5d95c0e62d60e06d5b93e051d1076859c27ffd34c6eaac0e9dcfb6c,162491
528960,TEXAS COMMUNITY BANK,TX,,6/30/2025,XBRL,2026-06-03T03:30:48.174808+00:00,/Users/adityarajiv/Documents/ffiec-cdr/ONLY_TEXAS_SINCE_2025/archive/call/6-30-2025/528960.xbrl,bbb8cb114637079851a069e65b9956e91ed2321d020d97e5ad8037235a5e317e,133566
529958,"TIB, NATIONAL ASSOCIATION",TX,,6/30/2025,XBRL,2026-06-03T03:30:48.174808+00:00,/Users/adityarajiv/Documents/ffiec-cdr/ONLY_TEXAS_SINCE_2025/archive/call/6-30-2025/529958.xbrl,b0b72534db9b3b38c50e665ad5046dff0df39672d967626786071e9914ffac7b,132833
53051,"BUCKHOLTS STATE BANK, THE",TX,,6/30/2025,XBRL,2026-06-03T03:30:48.174808+00:00,/Users/adityarajiv/Documents/ffiec-cdr/ONLY_TEXAS_SINCE_2025/archive/call/6-30-2025/53051.xbrl,38ea1b72f90deef62140e3cc2e3b925acf93b7b3f3077b3b7bfacf278134f860,102419
530851,PEOPLES STATE BANK OF HALLETTSVILLE,TX,,6/30/2025,XBRL,2026-06-03T03:30:48.174808+00:00,/Users/adityarajiv/Documents/ffiec-cdr/ONLY_TEXAS_SINCE_2025/archive/call/6-30-2025/530851.xbrl,401311a4903b1d9a78dce322642ba1a5b28f51cc955dc982b0e13001d2546131,70357
536059,"GOLDEN BANK, NATIONAL ASSOCIATION",TX,,6/30/2025,XBRL,2026-06-03T03:30:48.174808+00:00,/Users/adityarajiv/Documents/ffiec-cdr/ONLY_TEXAS_SINCE_2025/archive/call/6-30-2025/536059.xbrl,be6fa5e8c70534b87f6984cf2d63bd7aab738194176efb28472a89dbecc78100,134298
537560,"EXTRACO BANKS, NATIONAL ASSOCIATION",TX,,6/30/2025,XBRL,2026-06-03T03:30:48.174808+00:00,/Users/adityarajiv/Documents/ffiec-cdr/ONLY_TEXAS_SINCE_2025/archive/call/6-30-2025/537560.xbrl,2771282aecb40b4555c65436b3ddc466d525a8c0aa92e2083ca4883b818bc1f1,139721
5382514,GULF CAPITAL BANK,TX,,6/30/2025,XBRL,2026-06-03T03:30:48.174808+00:00,/Users/adityarajiv/Documents/ffiec-cdr/ONLY_TEXAS_SINCE_2025/archive/call/6-30-2025/5382514.xbrl,47fdcb83e4d31a8933647346a1bfaccff9b955c03a1bced8a35ff19f76065199,106052
539872,"TRUSTTEXAS BANK, S.S.B.",TX,,6/30/2025,XBRL,2026-06-03T03:30:48.174808+00:00,/Users/adityarajiv/Documents/ffiec-cdr/ONLY_TEXAS_SINCE_2025/archive/call/6-30-2025/539872.xbrl,5fa888d46a8eec9d70c26b59a11e8a47a68da425aec82b28e855e622fb35cd61,105130
54656,CITIZENS STATE BANK,TX,,6/30/2025,XBRL,2026-06-03T03:30:48.174808+00:00,/Users/adityarajiv/Documents/ffiec-cdr/ONLY_TEXAS_SINCE_2025/archive/call/6-30-2025/54656.xbrl,52af70bcb8f74ff7acfd23508eca4b768c15e03dbee5e1530bf9b09fa3014b5d,91646
548267,"WAGGONER NATIONAL BANK OF VERNON, THE",TX,,6/30/2025,XBRL,2026-06-03T03:30:48.174808+00:00,/Users/adityarajiv/Documents/ffiec-cdr/ONLY_TEXAS_SINCE_2025/archive/call/6-30-2025/548267.xbrl,d87ea3d1d3b1bc667cb172c23e2aea7eecb709031a1bf04a3691344989a592f2,70382
548351,"AUSTIN BANK, TEXAS NATIONAL ASSOCIATION",TX,,6/30/2025,XBRL,2026-06-03T03:30:48.174808+00:00,/Users/adityarajiv/Documents/ffiec-cdr/ONLY_TEXAS_SINCE_2025/archive/call/6-30-2025/548351.xbrl,073c1fdf63cc1ae0bc2ec87e3d8a87ddb16e4a422038deba6de91fb226095d6f,99592
549862,"COMMUNITY BANK & TRUST, WACO, TEXAS",TX,,6/30/2025,XBRL,2026-06-03T03:30:48.174808+00:00,/Users/adityarajiv/Documents/ffiec-cdr/ONLY_TEXAS_SINCE_2025/archive/call/6-30-2025/549862.xbrl,ee7dece7a9b0853fae3a20d8f168f13858fcdc0953fb4d05695ac5399207dcd5,127379
552161,CITIZENS NATIONAL BANK OF TEXAS,TX,,6/30/2025,XBRL,2026-06-03T03:30:48.174808+00:00,/Users/adityarajiv/Documents/ffiec-cdr/ONLY_TEXAS_SINCE_2025/archive/call/6-30-2025/552161.xbrl,a2daeea064bb7148c87dc8b490634dae037ae325376dcb3798b053e295617ed0,107895
552974,"SHELBY SAVINGS BANK, SSB",TX,,6/30/2025,XBRL,2026-06-03T03:30:48.174808+00:00,/Users/adityarajiv/Documents/ffiec-cdr/ONLY_TEXAS_SINCE_2025/archive/call/6-30-2025/552974.xbrl,d0a77578b8f25dbd46dbfdf0a178f30c190c64551615fdda7d81d702fa83dd03,122486
555256,FARMERS AND MERCHANTS BANK,TX,,6/30/2025,XBRL,2026-06-03T03:30:48.174808+00:00,/Users/adityarajiv/Documents/ffiec-cdr/ONLY_TEXAS_SINCE_2025/archive/call/6-30-2025/555256.xbrl,45173ec8a7b827cf2c4679be7084142bba37d430928851efb5e7c01128513149,70219
556459,"KLEBERG BANK, N.A.",TX,,6/30/2025,XBRL,2026-06-03T03:30:48.174808+00:00,/Users/adityarajiv/Documents/ffiec-cdr/ONLY_TEXAS_SINCE_2025/archive/call/6-30-2025/556459.xbrl,661173f1a4e9ccaf5fa601b7804fb896be482c847e0be649646ccde486e86b5e,105305
560353,FIRST NATIONAL BANK OF LAKE JACKSON,TX,,6/30/2025,XBRL,2026-06-03T03:30:48.174808+00:00,/Users/adityarajiv/Documents/ffiec-cdr/ONLY_TEXAS_SINCE_2025/archive/call/6-30-2025/560353.xbrl,e6501d7bd97a57d3dd09e66bd34be59bf39897e52624bff187d7cd00d55b4323,103490
561864,SOUTHWEST BANK,TX,,6/30/2025,XBRL,2026-06-03T03:30:48.174808+00:00,/Users/adityarajiv/Documents/ffiec-cdr/ONLY_TEXAS_SINCE_2025/archive/call/6-30-2025/561864.xbrl,2bc841cc0fd9c78073b2b9a665dd53ce061d99b1b9b4ca264142afbfb10981da,75764
56351,"VERABANK, NATIONAL ASSOCIATION",TX,,6/30/2025,XBRL,2026-06-03T03:30:48.174808+00:00,/Users/adityarajiv/Documents/ffiec-cdr/ONLY_TEXAS_SINCE_2025/archive/call/6-30-2025/56351.xbrl,4aa8d18aa8a48e7075b3c7ac5f37500d5eae8a07b696db364a0d48eba27d40d1,138365
564463,CROSSROADS BANK,TX,,6/30/2025,XBRL,2026-06-03T03:30:48.174808+00:00,/Users/adityarajiv/Documents/ffiec-cdr/ONLY_TEXAS_SINCE_2025/archive/call/6-30-2025/564463.xbrl,6eface11e6ce4d4396b43f5a332dc2e5e65f2058c4f9472b2c03e6daeb9211db,70710
564557,FALCON INTERNATIONAL BANK,TX,,6/30/2025,XBRL,2026-06-03T03:30:48.174808+00:00,/Users/adityarajiv/Documents/ffiec-cdr/ONLY_TEXAS_SINCE_2025/archive/call/6-30-2025/564557.xbrl,e140a064c0c061c41f5bdfdfd939e8e61131a4986e17f2c62ae81bd2799334cc,148151
570558,ARROWHEAD BANK,TX,,6/30/2025,XBRL,2026-06-03T03:30:48.174808+00:00,/Users/adityarajiv/Documents/ffiec-cdr/ONLY_TEXAS_SINCE_2025/archive/call/6-30-2025/570558.xbrl,6851e7f51e48f6b7cb1a814bbf985025e3b35b19b032adc6bc37349b99211aab,104958
572655,COMMUNITY BANK,TX,,6/30/2025,XBRL,2026-06-03T03:30:48.174808+00:00,/Users/adityarajiv/Documents/ffiec-cdr/ONLY_TEXAS_SINCE_2025/archive/call/6-30-2025/572655.xbrl,4964afab4467e45a640bc6e3bb3af70948e6db00b6c155e5b51a297758b3c539,82377
5728916,"AGILITY BANK, N.A.",TX,,6/30/2025,XBRL,2026-06-03T03:30:48.174808+00:00,/Users/adityarajiv/Documents/ffiec-cdr/ONLY_TEXAS_SINCE_2025/archive/call/6-30-2025/5728916.xbrl,ac0dace430ecad0a9364d1cac6425d85b8700cde6d573c05d78b5b3f6d684c88,68561
575254,CITY BANK,TX,,6/30/2025,XBRL,2026-06-03T03:30:48.174808+00:00,/Users/adityarajiv/Documents/ffiec-cdr/ONLY_TEXAS_SINCE_2025/archive/call/6-30-2025/575254.xbrl,10cd297ca54657fe7855e1186a2558d0096465ca9483d6added5cedede433179,140732
5760439,TEXAS TRADITIONS BANK,TX,,6/30/2025,XBRL,2026-06-03T03:30:48.174808+00:00,/Users/adityarajiv/Documents/ffiec-cdr/ONLY_TEXAS_SINCE_2025/archive/call/6-30-2025/5760439.xbrl,f481a764f558ed0ef0fa96555342bc7ddcc1d3ad6e855bb28da77831a643442e,69891
578255,FIRST UNITED BANK,TX,,6/30/2025,XBRL,2026-06-03T03:30:48.174808+00:00,/Users/adityarajiv/Documents/ffiec-cdr/ONLY_TEXAS_SINCE_2025/archive/call/6-30-2025/578255.xbrl,971fa2fdd35f5b92af0a25986cb6f06024b2a35c03c1255dd663255f1a2f98e8,109017
578862,FIRST STATE BANK OF SAN DIEGO,TX,,6/30/2025,XBRL,2026-06-03T03:30:48.174808+00:00,/Users/adityarajiv/Documents/ffiec-cdr/ONLY_TEXAS_SINCE_2025/archive/call/6-30-2025/578862.xbrl,77cf0164557dc1ee6aa174bf50a243f93f4a40c9bec55de5f37291f211122a9f,117840
579364,TEXAS CHAMPION BANK,TX,,6/30/2025,XBRL,2026-06-03T03:30:48.174808+00:00,/Users/adityarajiv/Documents/ffiec-cdr/ONLY_TEXAS_SINCE_2025/archive/call/6-30-2025/579364.xbrl,47e23367c4535d944fe8b31c8e95fc14b8139e66c5d9d11a2eb0351abba5d81f,70602
583268,SCHERTZ BANK & TRUST,TX,,6/30/2025,XBRL,2026-06-03T03:30:48.174808+00:00,/Users/adityarajiv/Documents/ffiec-cdr/ONLY_TEXAS_SINCE_2025/archive/call/6-30-2025/583268.xbrl,c7385dad7e2e3dfdf2e09da9c223037e9d42b0879cb66fe32c667a408e736ef5,70431
583352,FIRST NATIONAL BANK OF HUNTSVILLE,TX,,6/30/2025,XBRL,2026-06-03T03:30:48.174808+00:00,/Users/adityarajiv/Documents/ffiec-cdr/ONLY_TEXAS_SINCE_2025/archive/call/6-30-2025/583352.xbrl,9022ca89538efb780311baba519952b95983c8c062ac50c0345d1da19a03c40c,75982
583754,BANK OF HOUSTON,TX,,6/30/2025,XBRL,2026-06-03T03:30:48.174808+00:00,/Users/adityarajiv/Documents/ffiec-cdr/ONLY_TEXAS_SINCE_2025/archive/call/6-30-2025/583754.xbrl,89eff9b4113dcae51f9208796cf07d40d6f46e2cdde03c13ca7086f32f732dbb,70324
586960,PEOPLES STATE BANK,TX,,6/30/2025,XBRL,2026-06-03T03:30:48.174808+00:00,/Users/adityarajiv/Documents/ffiec-cdr/ONLY_TEXAS_SINCE_2025/archive/call/6-30-2025/586960.xbrl,e2f973372848be3e98c1daed0193d57d3678c17c9bf4287569356256afe098d4,103870
5879201,INTEGRITY BANK SSB,TX,,6/30/2025,XBRL,2026-06-03T03:30:48.174808+00:00,/Users/adityarajiv/Documents/ffiec-cdr/ONLY_TEXAS_SINCE_2025/archive/call/6-30-2025/5879201.xbrl,1dfdc909f2c9f60d8cdad22ab123f1ab954a216ec74a9e67e54eebf8bc726807,103336
591366,"FIRST NATIONAL BANK OF SONORA, THE",TX,,6/30/2025,XBRL,2026-06-03T03:30:48.174808+00:00,/Users/adityarajiv/Documents/ffiec-cdr/ONLY_TEXAS_SINCE_2025/archive/call/6-30-2025/591366.xbrl,0142631d55bfa7429358c63afeb9878f0f00b56f33b85d6855d35c61f29e0e0c,123666
59352,CITIZENS NATIONAL BANK,TX,,6/30/2025,XBRL,2026-06-03T03:30:48.174808+00:00,/Users/adityarajiv/Documents/ffiec-cdr/ONLY_TEXAS_SINCE_2025/archive/call/6-30-2025/59352.xbrl,501b9f32ad331ef496243a9ee3c8ea898a6c24c5cf0c42df0dd156cafbcb7c9c,103806
594451,MAPLEMARK BANK,TX,,6/30/2025,XBRL,2026-06-03T03:30:48.174808+00:00,/Users/adityarajiv/Documents/ffiec-cdr/ONLY_TEXAS_SINCE_2025/archive/call/6-30-2025/594451.xbrl,85e183276d368b094939cf3d1d49e20494c2c5ac3f9826915342b05749f82991,108131
596062,"CITY NATIONAL BANK OF SULPHUR SPRINGS, THE",TX,,6/30/2025,XBRL,2026-06-03T03:30:48.174808+00:00,/Users/adityarajiv/Documents/ffiec-cdr/ONLY_TEXAS_SINCE_2025/archive/call/6-30-2025/596062.xbrl,83b4240af4536b7ea56cc6a2bdf262501e596665a79ef9e969acc88052433e6f,108609
596156,CAPITAL BANK,TX,,6/30/2025,XBRL,2026-06-03T03:30:48.174808+00:00,/Users/adityarajiv/Documents/ffiec-cdr/ONLY_TEXAS_SINCE_2025/archive/call/6-30-2025/596156.xbrl,fbd44195ab71d10d45432c877d868f021c63aa3bbecc77399fd14e7c9a4366f1,120811
599764,"AMERICAN NATIONAL BANK OF TEXAS, THE",TX,,6/30/2025,XBRL,2026-06-03T03:30:48.174808+00:00,/Users/adityarajiv/Documents/ffiec-cdr/ONLY_TEXAS_SINCE_2025/archive/call/6-30-2025/599764.xbrl,7f5f2d65ce8f400147e513218af4c05d439521b91d0425617482595f36b5285f,141826
6009630,"FUNDBANK, NATIONAL ASSOCIATION",TX,,6/30/2025,XBRL,2026-06-03T03:30:48.174808+00:00,/Users/adityarajiv/Documents/ffiec-cdr/ONLY_TEXAS_SINCE_2025/archive/call/6-30-2025/6009630.xbrl,19aef77d9850933b4d600cfb49c1b13066e7bf5ad1508ce0072619a36c07604d,98823
60143,COMERICA BANK,TX,,6/30/2025,XBRL,2026-06-03T03:30:48.174808+00:00,/Users/adityarajiv/Documents/ffiec-cdr/ONLY_TEXAS_SINCE_2025/archive/call/6-30-2025/60143.xbrl,0fa297694777020c80515e9b6502e9cc3def2f9a07cc38f739c7b0b87fee6263,176366
601658,ALLIANCE BANK CENTRAL TEXAS,TX,,6/30/2025,XBRL,2026-06-03T03:30:48.174808+00:00,/Users/adityarajiv/Documents/ffiec-cdr/ONLY_TEXAS_SINCE_2025/archive/call/6-30-2025/601658.xbrl,62024abffb83480d0d9fddaed40e6c5af0436e1b959dbd75866cb474ac85615b,105405
603755,FIRST STATE BANK,TX,,6/30/2025,XBRL,2026-06-03T03:30:48.174808+00:00,/Users/adityarajiv/Documents/ffiec-cdr/ONLY_TEXAS_SINCE_2025/archive/call/6-30-2025/603755.xbrl,5d71fddb3ef65c8dcba3b645fd6b0d58c7846a88df333274e3bff1b2a8effa3b,68631
610164,HERRING BANK,TX,,6/30/2025,XBRL,2026-06-03T03:30:48.174808+00:00,/Users/adityarajiv/Documents/ffiec-cdr/ONLY_TEXAS_SINCE_2025/archive/call/6-30-2025/610164.xbrl,00dff9f292b086370d963040390ca1e4ed995d09c95917d6bf4b362c6d94cf52,106208
613950,FIRST NATIONAL BANK TEXAS DBA FIRST CONVENIENCE BANK,TX,,6/30/2025,XBRL,2026-06-03T03:30:48.174808+00:00,/Users/adityarajiv/Documents/ffiec-cdr/ONLY_TEXAS_SINCE_2025/archive/call/6-30-2025/613950.xbrl,916060accaee677644ccc97a878649a7bedacffdd4e055006c6d698838b662ad,108229
614368,FIRST NATIONAL BANK AND TRUST COMPANY OF WEATHERFORD DBA FIRST BANK TEXAS,TX,,6/30/2025,XBRL,2026-06-03T03:30:48.174808+00:00,/Users/adityarajiv/Documents/ffiec-cdr/ONLY_TEXAS_SINCE_2025/archive/call/6-30-2025/614368.xbrl,3e4f26268f90541023fd6d253f9f451ea82188d79495dd1b54896fa72aa7ac79,72880
617051,"CITIZENS BANK, NATIONAL ASSOCIATION",TX,,6/30/2025,XBRL,2026-06-03T03:30:48.174808+00:00,/Users/adityarajiv/Documents/ffiec-cdr/ONLY_TEXAS_SINCE_2025/archive/call/6-30-2025/617051.xbrl,22d2e2f446a6e02b4c15bf8a153e590ee505458de57e8be0ef78a6e6b651b865,103652
621357,STATE BANK OF DE KALB,TX,,6/30/2025,XBRL,2026-06-03T03:30:48.174808+00:00,/Users/adityarajiv/Documents/ffiec-cdr/ONLY_TEXAS_SINCE_2025/archive/call/6-30-2025/621357.xbrl,b550b40f4a8e5cdaccb8a3469dd7b0fb2353575f0d95dd7b7e1645cf38b3eb1d,70652
623052,"LAMESA NATIONAL BANK, THE",TX,,6/30/2025,XBRL,2026-06-03T03:30:48.174808+00:00,/Users/adityarajiv/Documents/ffiec-cdr/ONLY_TEXAS_SINCE_2025/archive/call/6-30-2025/623052.xbrl,8903f113d344cfc0bef6351b111ff9a6393473bd66423bd04a8202a182de6668,104664
623454,"BANK AND TRUST, SSB, THE",TX,,6/30/2025,XBRL,2026-06-03T03:30:48.174808+00:00,/Users/adityarajiv/Documents/ffiec-cdr/ONLY_TEXAS_SINCE_2025/archive/call/6-30-2025/623454.xbrl,e2e7788e47dbbf1ff2fa1829c1a5ad3c587c19baa8ef54999ac2e52f67cc16db,105516
625065,CITIZENS STATE BANK,TX,,6/30/2025,XBRL,2026-06-03T03:30:48.174808+00:00,/Users/adityarajiv/Documents/ffiec-cdr/ONLY_TEXAS_SINCE_2025/archive/call/6-30-2025/625065.xbrl,4ebd44f79b435dd55684bc451ad662352c6c310e8484c96cebb3481b09568357,105537
625159,COMMERCE BANK,TX,,6/30/2025,XBRL,2026-06-03T03:30:48.174808+00:00,/Users/adityarajiv/Documents/ffiec-cdr/ONLY_TEXAS_SINCE_2025/archive/call/6-30-2025/625159.xbrl,31341d9ee39f1cd7e971c350e16d66dc62972e9cb8495ea50f4c5c60f9e4b789,129198
629353,FIRST LIBERTY BANK,TX,,6/30/2025,XBRL,2026-06-03T03:30:48.174808+00:00,/Users/adityarajiv/Documents/ffiec-cdr/ONLY_TEXAS_SINCE_2025/archive/call/6-30-2025/629353.xbrl,7280d3bdde4848a1944c9da42ad2d95f8cecc96e29fb1ea05a205c97c5a82e81,105688
630658,"FIRST NATIONAL BANK OF LIVINGSTON, THE",TX,,6/30/2025,XBRL,2026-06-03T03:30:48.174808+00:00,/Users/adityarajiv/Documents/ffiec-cdr/ONLY_TEXAS_SINCE_2025/archive/call/6-30-2025/630658.xbrl,848d9b826ae3ef8b1f3f7dad2a52a77f7e2f61864da0d452eda72ea9ceae66b1,105179
631150,FIRST-LOCKHART NATIONAL BANK,TX,,6/30/2025,XBRL,2026-06-03T03:30:48.174808+00:00,/Users/adityarajiv/Documents/ffiec-cdr/ONLY_TEXAS_SINCE_2025/archive/call/6-30-2025/631150.xbrl,3b4c4f92547f43a5fb5d29238db079a693402dbbd5009df282ca2953a996ab43,105050
637451,PLAINSCAPITAL BANK,TX,,6/30/2025,XBRL,2026-06-03T03:30:48.174808+00:00,/Users/adityarajiv/Documents/ffiec-cdr/ONLY_TEXAS_SINCE_2025/archive/call/6-30-2025/637451.xbrl,15bb2d60b6b97c4f6ee8b9ebcc7122f028f0eeeda817fab787bc3e4adef48505,152896
638355,"BANK OF DESOTO, NATIONAL ASSOCIATION",TX,,6/30/2025,XBRL,2026-06-03T03:30:48.174808+00:00,/Users/adityarajiv/Documents/ffiec-cdr/ONLY_TEXAS_SINCE_2025/archive/call/6-30-2025/638355.xbrl,20f7bd0cb8f4e662825c39477a85f4f7b2b0435184e623dce11a00239f92320a,69057
644963,"FIRST NATIONAL BANK OF QUITAQUE, THE",TX,,6/30/2025,XBRL,2026-06-03T03:30:48.174808+00:00,/Users/adityarajiv/Documents/ffiec-cdr/ONLY_TEXAS_SINCE_2025/archive/call/6-30-2025/644963.xbrl,23ea728e99df9ab36f4a89ad6261ea8c590f99f14e6caf5fecc29ff9ad474e05,69989
645465,VISTA BANK,TX,,6/30/2025,XBRL,2026-06-03T03:30:48.174808+00:00,/Users/adityarajiv/Documents/ffiec-cdr/ONLY_TEXAS_SINCE_2025/archive/call/6-30-2025/645465.xbrl,3a4643cef92c30ac8b2f8cae5dc3674585f306dccc05d4fa1a5a4b50b8a27fae,134639
648550,FIRST NATIONAL BANK OF DUBLIN,TX,,6/30/2025,XBRL,2026-06-03T03:30:48.174808+00:00,/Users/adityarajiv/Documents/ffiec-cdr/ONLY_TEXAS_SINCE_2025/archive/call/6-30-2025/648550.xbrl,3c6648b446079ca4e6f37bb808e0cd99fcf7080a0a74c745890286a45ed9d3f0,104513
651952,"FIRST NATIONAL BANK OF EAGLE LAKE, THE",TX,,6/30/2025,XBRL,2026-06-03T03:30:48.174808+00:00,/Users/adityarajiv/Documents/ffiec-cdr/ONLY_TEXAS_SINCE_2025/archive/call/6-30-2025/651952.xbrl,bb9bf064f384985d4d14b7dcdc930d50413f42745a243a8bfbc69c5bb38a35b4,70100
652874,NEXBANK,TX,,6/30/2025,XBRL,2026-06-03T03:30:48.174808+00:00,/Users/adityarajiv/Documents/ffiec-cdr/ONLY_TEXAS_SINCE_2025/archive/call/6-30-2025/652874.xbrl,aaf720b9d8f2612e73ab9dd64f6abead842a967ec28d0967f820ff7ba47ded34,145440
656658,TEXAS FINANCIAL BANK DBA THE EDEN STATE BANK,TX,,6/30/2025,XBRL,2026-06-03T03:30:48.174808+00:00,/Users/adityarajiv/Documents/ffiec-cdr/ONLY_TEXAS_SINCE_2025/archive/call/6-30-2025/656658.xbrl,57666a2644feb21407603d32fff709fb5c40be6e64e82c2251bc63378337d41c,70134
660066,PEOPLES STATE BANK,TX,,6/30/2025,XBRL,2026-06-03T03:30:48.174808+00:00,/Users/adityarajiv/Documents/ffiec-cdr/ONLY_TEXAS_SINCE_2025/archive/call/6-30-2025/660066.xbrl,6c17c242930079e396021bdae055d5d1e07796c5051706b42e5064c36e4ea37b,104612
660879,"ANGELINA SAVINGS BANK, SSB",TX,,6/30/2025,XBRL,2026-06-03T03:30:48.174808+00:00,/Users/adityarajiv/Documents/ffiec-cdr/ONLY_TEXAS_SINCE_2025/archive/call/6-30-2025/660879.xbrl,c92db317b9234cc26d968e80ada3f16af482252cd921e324cf56b581f34bf9f3,103383
664756,PROSPERITY BANK,TX,,6/30/2025,XBRL,2026-06-03T03:30:48.174808+00:00,/Users/adityarajiv/Documents/ffiec-cdr/ONLY_TEXAS_SINCE_2025/archive/call/6-30-2025/664756.xbrl,ccd9dea3e3b505460db71f5754ccccc4de2a3d9197f51e06a82be4492a3114c7,151963
665258,"FIRST NATIONAL BANK OF ELDORADO, THE",TX,,6/30/2025,XBRL,2026-06-03T03:30:48.174808+00:00,/Users/adityarajiv/Documents/ffiec-cdr/ONLY_TEXAS_SINCE_2025/archive/call/6-30-2025/665258.xbrl,f0c772a6e4cc0a6a98a8225ebae46e4a9d5d2346e3b9866eb261cae4bc4aa62e,70125
665865,ROUND TOP STATE BANK,TX,,6/30/2025,XBRL,2026-06-03T03:30:48.174808+00:00,/Users/adityarajiv/Documents/ffiec-cdr/ONLY_TEXAS_SINCE_2025/archive/call/6-30-2025/665865.xbrl,362bd16b46fd1cd01452d22911d7a7df89d5a8b281eed8a573fdff8df652b235,70941
675079,"FAYETTE SAVINGS BANK, SSB",TX,,6/30/2025,XBRL,2026-06-03T03:30:48.174808+00:00,/Users/adityarajiv/Documents/ffiec-cdr/ONLY_TEXAS_SINCE_2025/archive/call/6-30-2025/675079.xbrl,ed4f65927e2929f55e78342bee8bdec803db6322100d74f4decbad172443982c,104896
678052,"BANK OF SAN JACINTO COUNTY, COLDSPRING, TEXAS, THE",TX,,6/30/2025,XBRL,2026-06-03T03:30:48.174808+00:00,/Users/adityarajiv/Documents/ffiec-cdr/ONLY_TEXAS_SINCE_2025/archive/call/6-30-2025/678052.xbrl,24a006eed774d81e049d4a43042c0e9432134557b1f27867ae2aae8480456b20,66419
682563,FROST BANK,TX,,6/30/2025,XBRL,2026-06-03T03:30:48.174808+00:00,/Users/adityarajiv/Documents/ffiec-cdr/ONLY_TEXAS_SINCE_2025/archive/call/6-30-2025/682563.xbrl,458c643fb0c7055e2899ca38b85b3c84dc356379841f2a0d1dbf067b9e4ad520,152726
697950,CITY NATIONAL BANK,TX,,6/30/2025,XBRL,2026-06-03T03:30:48.174808+00:00,/Users/adityarajiv/Documents/ffiec-cdr/ONLY_TEXAS_SINCE_2025/archive/call/6-30-2025/697950.xbrl,ef5bac125a88fc864b4c110180a20b7ae75714e71d920dd956bdb8236fa9dec4,103615
700252,CITIZENS NATIONAL BANK,TX,,6/30/2025,XBRL,2026-06-03T03:30:48.174808+00:00,/Users/adityarajiv/Documents/ffiec-cdr/ONLY_TEXAS_SINCE_2025/archive/call/6-30-2025/700252.xbrl,ed45702ecd1d71941a146aabca210c1cd7c9beffe493f5318fbfd1fd53d5738d,69754
701857,CROWELL STATE BANK,TX,,6/30/2025,XBRL,2026-06-03T03:30:48.174808+00:00,/Users/adityarajiv/Documents/ffiec-cdr/ONLY_TEXAS_SINCE_2025/archive/call/6-30-2025/701857.xbrl,9fc1ffa6dc1e5d40645805fb45e513ae479e6b0ab5102a4715ca2c81a1236e14,69667
702359,TEXAS HERITAGE BANK,TX,,6/30/2025,XBRL,2026-06-03T03:30:48.174808+00:00,/Users/adityarajiv/Documents/ffiec-cdr/ONLY_TEXAS_SINCE_2025/archive/call/6-30-2025/702359.xbrl,680bf83c550fbb7d9c5e47a57f6a0facfd5bbb68a0d53693a93f2520440f1bef,104128
703552,"HORIZON BANK, SSB",TX,,6/30/2025,XBRL,2026-06-03T03:30:48.174808+00:00,/Users/adityarajiv/Documents/ffiec-cdr/ONLY_TEXAS_SINCE_2025/archive/call/6-30-2025/703552.xbrl,0a10c8e673a23decf44c1bad42c5566ac7d2860c4611cef8daf34fe403aae636,112812
714165,"CITY NATIONAL BANK OF SAN SABA, THE",TX,,6/30/2025,XBRL,2026-06-03T03:30:48.174808+00:00,/Users/adityarajiv/Documents/ffiec-cdr/ONLY_TEXAS_SINCE_2025/archive/call/6-30-2025/714165.xbrl,baf600b1560937788b02312f1f6ad6f984aa7c50280d17681e6f8d6cff90371b,67634
719964,FIRST STATE BANK,TX,,6/30/2025,XBRL,2026-06-03T03:30:48.174808+00:00,/Users/adityarajiv/Documents/ffiec-cdr/ONLY_TEXAS_SINCE_2025/archive/call/6-30-2025/719964.xbrl,ef5aa884f9ffe796147387adb7141482ce53ee9fd905d5a784032436551b08c3,70023
726953,UNITED TEXAS BANK,TX,,6/30/2025,XBRL,2026-06-03T03:30:48.174808+00:00,/Users/adityarajiv/Documents/ffiec-cdr/ONLY_TEXAS_SINCE_2025/archive/call/6-30-2025/726953.xbrl,e3315441089d6bc495d371c4c36b0b478c0d5fc48ad166113a595080d77ab159,90172
729178,"CYPRESS BANK, SSB",TX,,6/30/2025,XBRL,2026-06-03T03:30:48.174808+00:00,/Users/adityarajiv/Documents/ffiec-cdr/ONLY_TEXAS_SINCE_2025/archive/call/6-30-2025/729178.xbrl,081fc62796bf83900f47c1f036478c65c4e5257a612063c1d2b8d860a22b4d19,103385
732954,CARMINE STATE BANK,TX,,6/30/2025,XBRL,2026-06-03T03:30:48.174808+00:00,/Users/adityarajiv/Documents/ffiec-cdr/ONLY_TEXAS_SINCE_2025/archive/call/6-30-2025/732954.xbrl,a21265a104c8ebaa2400f98fb735205ab81ed70311fee3322f4e122fcdcc77ce,68721
733054,INDUSTRY STATE BANK,TX,,6/30/2025,XBRL,2026-06-03T03:30:48.174808+00:00,/Users/adityarajiv/Documents/ffiec-cdr/ONLY_TEXAS_SINCE_2025/archive/call/6-30-2025/733054.xbrl,185835f6e228e8ea9a8661186962fde31f5d174cd7ddcf8953ccc778932d830c,89236
735067,"TEXAS REPUBLIC BANK, NATIONAL ASSOCIATION",TX,,6/30/2025,XBRL,2026-06-03T03:30:48.174808+00:00,/Users/adityarajiv/Documents/ffiec-cdr/ONLY_TEXAS_SINCE_2025/archive/call/6-30-2025/735067.xbrl,a82a8f9d8f156898ca2b45331533fad6eb76562549a994e55c9c52e56715e001,70450
738769,COMMUNITY NATIONAL BANK & TRUST OF TEXAS,TX,,6/30/2025,XBRL,2026-06-03T03:30:48.174808+00:00,/Users/adityarajiv/Documents/ffiec-cdr/ONLY_TEXAS_SINCE_2025/archive/call/6-30-2025/738769.xbrl,16d83144ed303d1a93aa76740d32cedb744a4aeb0dffd892936ef6d0b835f8a6,113121
739355,TEXAS NATIONAL BANK OF JACKSONVILLE,TX,,6/30/2025,XBRL,2026-06-03T03:30:48.174808+00:00,/Users/adityarajiv/Documents/ffiec-cdr/ONLY_TEXAS_SINCE_2025/archive/call/6-30-2025/739355.xbrl,c59b5e776aefe8e63f81dcb21069b351187391c8d400e76400646cda0f4df332,123356
741068,FIDELITY BANK OF TEXAS,TX,,6/30/2025,XBRL,2026-06-03T03:30:48.174808+00:00,/Users/adityarajiv/Documents/ffiec-cdr/ONLY_TEXAS_SINCE_2025/archive/call/6-30-2025/741068.xbrl,d4b87a4c4237d4912fd74fb36781ef773bbffcd306b20007f129476c27aebb01,68910
741152,JUNCTION NATIONAL BANK,TX,,6/30/2025,XBRL,2026-06-03T03:30:48.174808+00:00,/Users/adityarajiv/Documents/ffiec-cdr/ONLY_TEXAS_SINCE_2025/archive/call/6-30-2025/741152.xbrl,e886eea634bf0065e2024161ab348b6f5eb45e65a3570c316262f1ca607316d8,104375
742056,CASTROVILLE STATE BANK,TX,,6/30/2025,XBRL,2026-06-03T03:30:48.174808+00:00,/Users/adityarajiv/Documents/ffiec-cdr/ONLY_TEXAS_SINCE_2025/archive/call/6-30-2025/742056.xbrl,a48d9c20d591ab4d4a1741b52971eeae971a94f8d6b5ae0c801da8f36e9de7d1,69297
744854,CITIZENS BANK,TX,,6/30/2025,XBRL,2026-06-03T03:30:48.174808+00:00,/Users/adityarajiv/Documents/ffiec-cdr/ONLY_TEXAS_SINCE_2025/archive/call/6-30-2025/744854.xbrl,2ba5e228e14dbf22361ce50282669300e382f84c42433239ca9e58cb8c2880d2,105507
748357,GLOBAL ONE BANK,TX,,6/30/2025,XBRL,2026-06-03T03:30:48.174808+00:00,/Users/adityarajiv/Documents/ffiec-cdr/ONLY_TEXAS_SINCE_2025/archive/call/6-30-2025/748357.xbrl,65cc043f9e16c7be926fa2fe8c6addf4ec71319795088e0c7b626b3383c42d4c,103845
748964,TEXAS STATE BANK,TX,,6/30/2025,XBRL,2026-06-03T03:30:48.174808+00:00,/Users/adityarajiv/Documents/ffiec-cdr/ONLY_TEXAS_SINCE_2025/archive/call/6-30-2025/748964.xbrl,feeac5e8b357176984ddca0a7490b99e224a3afd6556cc7abd2b42416e85d7f2,110257
753856,"DONLEY COUNTY STATE BANK, THE",TX,,6/30/2025,XBRL,2026-06-03T03:30:48.174808+00:00,/Users/adityarajiv/Documents/ffiec-cdr/ONLY_TEXAS_SINCE_2025/archive/call/6-30-2025/753856.xbrl,a8b80943f1e87ebbb133b397c8d5423ec1912f851eb5a15dd78e3e02149f9614,104276
761954,COLEMAN COUNTY STATE BANK,TX,,6/30/2025,XBRL,2026-06-03T03:30:48.174808+00:00,/Users/adityarajiv/Documents/ffiec-cdr/ONLY_TEXAS_SINCE_2025/archive/call/6-30-2025/761954.xbrl,07b6a354dd1e61a0060b0ef5673ccf966247510c0a5c80d4272fdf94b907c041,105544
764067,"AMERICAN NATIONAL BANK OF MOUNT PLEASANT, THE",TX,,6/30/2025,XBRL,2026-06-03T03:30:48.174808+00:00,/Users/adityarajiv/Documents/ffiec-cdr/ONLY_TEXAS_SINCE_2025/archive/call/6-30-2025/764067.xbrl,e2ef32bf84fe6cbb54145f696600c7ecb54de1080e169474967f0fd6bf506df8,70054
764151,LOVELADY STATE BANK,TX,,6/30/2025,XBRL,2026-06-03T03:30:48.174808+00:00,/Users/adityarajiv/Documents/ffiec-cdr/ONLY_TEXAS_SINCE_2025/archive/call/6-30-2025/764151.xbrl,202c75142d8404c2b9d21509700e232ffa97a3269b5d6286aa1e10709807d5f6,104407
765662,MUENSTER STATE BANK,TX,,6/30/2025,XBRL,2026-06-03T03:30:48.174808+00:00,/Users/adityarajiv/Documents/ffiec-cdr/ONLY_TEXAS_SINCE_2025/archive/call/6-30-2025/765662.xbrl,026ae626a4c58bf4e86afa50565f3e3c87591f7469443839dc106d227156b76c,69083
766164,"TBK BANK, SSB",TX,,6/30/2025,XBRL,2026-06-03T03:30:48.174808+00:00,/Users/adityarajiv/Documents/ffiec-cdr/ONLY_TEXAS_SINCE_2025/archive/call/6-30-2025/766164.xbrl,0abb5ccced96cae7b837496c7e1cf5e6f6eea1e46a57fbc61cdda4cdd8f82a10,135139
767152,"FIRST NATIONAL BANK IN COOPER, THE",TX,,6/30/2025,XBRL,2026-06-03T03:30:48.174808+00:00,/Users/adityarajiv/Documents/ffiec-cdr/ONLY_TEXAS_SINCE_2025/archive/call/6-30-2025/767152.xbrl,22313b3cfcebb22eba26e08a7d1b8dc791f081b45f375982825c4da208736956,68652
77253,TXN BANK,TX,,6/30/2025,XBRL,2026-06-03T03:30:48.174808+00:00,/Users/adityarajiv/Documents/ffiec-cdr/ONLY_TEXAS_SINCE_2025/archive/call/6-30-2025/77253.xbrl,7f5fd27d456a0bc76eb3d8b1340378f8d4691773afee468ef05d206314396a6a,104366
776369,FIRST STATE BANK OF ODEM,TX,,6/30/2025,XBRL,2026-06-03T03:30:48.174808+00:00,/Users/adityarajiv/Documents/ffiec-cdr/ONLY_TEXAS_SINCE_2025/archive/call/6-30-2025/776369.xbrl,b7ede67d8418e4fa0d05835ebb39ca9ae8a30b87b7fc9d18958ae2c7bff6490c,69050
780263,OZONA BANK,TX,,6/30/2025,XBRL,2026-06-03T03:30:48.174808+00:00,/Users/adityarajiv/Documents/ffiec-cdr/ONLY_TEXAS_SINCE_2025/archive/call/6-30-2025/780263.xbrl,b433ea725031ef421ecb38b0971b8bfeb1051faebffbb404e4a2f434ebcada4c,105342
78157,BANDERA BANK,TX,,6/30/2025,XBRL,2026-06-03T03:30:48.174808+00:00,/Users/adityarajiv/Documents/ffiec-cdr/ONLY_TEXAS_SINCE_2025/archive/call/6-30-2025/78157.xbrl,3591457c9cf4d30a22341244c220b664a95a37c63ddc1ad1156188df44a1be63,66859
791072,INTERSTATE BANK,TX,,6/30/2025,XBRL,2026-06-03T03:30:48.174808+00:00,/Users/adityarajiv/Documents/ffiec-cdr/ONLY_TEXAS_SINCE_2025/archive/call/6-30-2025/791072.xbrl,e25e8c3b7c792adf4e3e325c14cf39d3cd0140254960c59eeadb157578aac394,70097
792659,NATIONAL BANK & TRUST,TX,,6/30/2025,XBRL,2026-06-03T03:30:48.174808+00:00,/Users/adityarajiv/Documents/ffiec-cdr/ONLY_TEXAS_SINCE_2025/archive/call/6-30-2025/792659.xbrl,6b991612a5e22c5fd6be3a14b3afefd0eb0ef864f7108d6a7420feaaa630a2c8,69158
794149,COMMERCIAL NATIONAL BANK OF TEXARKANA,TX,,6/30/2025,XBRL,2026-06-03T03:30:48.174808+00:00,/Users/adityarajiv/Documents/ffiec-cdr/ONLY_TEXAS_SINCE_2025/archive/call/6-30-2025/794149.xbrl,dc4ebb2ab92b1ed01acdb416128a4b823a379d452c9c2f7a5ffc8cb755c998d9,122122
796152,FIRST STATE BANK,TX,,6/30/2025,XBRL,2026-06-03T03:30:48.174808+00:00,/Users/adityarajiv/Documents/ffiec-cdr/ONLY_TEXAS_SINCE_2025/archive/call/6-30-2025/796152.xbrl,c54955ddfa6a1751303c0955a59f2c689b1ba76274800229e86df6b33d9f336b,104071
799854,"CITY NATIONAL BANK OF COLORADO CITY, THE",TX,,6/30/2025,XBRL,2026-06-03T03:30:48.174808+00:00,/Users/adityarajiv/Documents/ffiec-cdr/ONLY_TEXAS_SINCE_2025/archive/call/6-30-2025/799854.xbrl,1530b06b1b11b9c3584df38ea1ebc3387d84a9ab2e1a6f7c43ca2df46abf7d19,69105
801654,"FIRST STATE BANK, THE",TX,,6/30/2025,XBRL,2026-06-03T03:30:48.174808+00:00,/Users/adityarajiv/Documents/ffiec-cdr/ONLY_TEXAS_SINCE_2025/archive/call/6-30-2025/801654.xbrl,6691e6eb184d86ca4930d1c8787d875e639bbe17a69e7ea54c81bfcaa26a5be7,70067
803265,ROBERT LEE STATE BANK,TX,,6/30/2025,XBRL,2026-06-03T03:30:48.174808+00:00,/Users/adityarajiv/Documents/ffiec-cdr/ONLY_TEXAS_SINCE_2025/archive/call/6-30-2025/803265.xbrl,3d38dab55d96f26b1dbd094c6f2f30c11b0e3a255d8cce43db4978c306169ed0,69877
804860,CITIZENS STATE BANK,TX,,6/30/2025,XBRL,2026-06-03T03:30:48.174808+00:00,/Users/adityarajiv/Documents/ffiec-cdr/ONLY_TEXAS_SINCE_2025/archive/call/6-30-2025/804860.xbrl,737b95605edd22de35bf6200094988fc032285f3693de46ea69bd20468b84693,116893
807955,"AMERICAN BANK, NATIONAL ASSOCIATION",TX,,6/30/2025,XBRL,2026-06-03T03:30:48.174808+00:00,/Users/adityarajiv/Documents/ffiec-cdr/ONLY_TEXAS_SINCE_2025/archive/call/6-30-2025/807955.xbrl,e390e28df1d3d5a77735e6a7d41810420dd6f423589d252de02b1897e3248611,113324
809650,"TEXANA BANK, NATIONAL ASSOCIATION",TX,,6/30/2025,XBRL,2026-06-03T03:30:48.174808+00:00,/Users/adityarajiv/Documents/ffiec-cdr/ONLY_TEXAS_SINCE_2025/archive/call/6-30-2025/809650.xbrl,5efd97f329082d7cfd81d14223f3f212c66c494f1ffbeef21288834bd4993eb8,124574
811457,"FIRST NATIONAL BANK OF LIPAN, THE",TX,,6/30/2025,XBRL,2026-06-03T03:30:48.174808+00:00,/Users/adityarajiv/Documents/ffiec-cdr/ONLY_TEXAS_SINCE_2025/archive/call/6-30-2025/811457.xbrl,c547369cb90bb22ce499317ebe0d28ba085f79dd76e4956ba93a4bc8dfee8d9d,116194
814458,CHARTER BANK,TX,,6/30/2025,XBRL,2026-06-03T03:30:48.174808+00:00,/Users/adityarajiv/Documents/ffiec-cdr/ONLY_TEXAS_SINCE_2025/archive/call/6-30-2025/814458.xbrl,d6353155d831e9437aca175b5c9b8dceb508bb6524d04f4218aabe8670e09aa6,105077
818652,STOCKMENS NATIONAL BANK IN COTULLA,TX,,6/30/2025,XBRL,2026-06-03T03:30:48.174808+00:00,/Users/adityarajiv/Documents/ffiec-cdr/ONLY_TEXAS_SINCE_2025/archive/call/6-30-2025/818652.xbrl,43e2e59b2a1129aee6e98843b7fda9bda2b4fb34f3181a37557a4faf8b5fa2ae,82010
819154,FIRST SECURITY STATE BANK,TX,,6/30/2025,XBRL,2026-06-03T03:30:48.174808+00:00,/Users/adityarajiv/Documents/ffiec-cdr/ONLY_TEXAS_SINCE_2025/archive/call/6-30-2025/819154.xbrl,419ba80d3339116269c322d3c3cc99d66b706a510df74f30f5c91a2145f79787,103853
819855,PEOPLES BANK,TX,,6/30/2025,XBRL,2026-06-03T03:30:48.174808+00:00,/Users/adityarajiv/Documents/ffiec-cdr/ONLY_TEXAS_SINCE_2025/archive/call/6-30-2025/819855.xbrl,8dc48a4e2fecfaa915fe146599db43c7c037738ed4fe8876a5eb757a8e556d63,107671
822556,TEXAS EXCHANGE BANK,TX,,6/30/2025,XBRL,2026-06-03T03:30:48.174808+00:00,/Users/adityarajiv/Documents/ffiec-cdr/ONLY_TEXAS_SINCE_2025/archive/call/6-30-2025/822556.xbrl,36eda8c3e5d205d897fbec750c519b24590f6edec60102d5ddd7f575e967335d,132564
824653,TEXAS HERITAGE NATIONAL BANK,TX,,6/30/2025,XBRL,2026-06-03T03:30:48.174808+00:00,/Users/adityarajiv/Documents/ffiec-cdr/ONLY_TEXAS_SINCE_2025/archive/call/6-30-2025/824653.xbrl,0110f7cacafdd1ca6197469200819958578975b8cd66f6f6cd81e28be03baaa2,105498
830252,"LYTLE STATE BANK OF LYTLE, TEXAS, THE",TX,,6/30/2025,XBRL,2026-06-03T03:30:48.174808+00:00,/Users/adityarajiv/Documents/ffiec-cdr/ONLY_TEXAS_SINCE_2025/archive/call/6-30-2025/830252.xbrl,15052531f17a8274899233dd575f7acb03b58751387b5901b6474eea59a5e01a,69116
839068,SECURITY STATE BANK,TX,,6/30/2025,XBRL,2026-06-03T03:30:48.174808+00:00,/Users/adityarajiv/Documents/ffiec-cdr/ONLY_TEXAS_SINCE_2025/archive/call/6-30-2025/839068.xbrl,064d37d2c78eec00211b7dc8888aaf7366b492ff1d42faca71a94d65509fe133,70137
839974,"GRAHAM SAVINGS AND LOAN, SSB",TX,,6/30/2025,XBRL,2026-06-03T03:30:48.174808+00:00,/Users/adityarajiv/Documents/ffiec-cdr/ONLY_TEXAS_SINCE_2025/archive/call/6-30-2025/839974.xbrl,dd83ff73cd019793fade87f1acd0b249ea98a6e37ba5451a6c6879348e1b3d13,104153
840363,FIRSTBANK SOUTHWEST,TX,,6/30/2025,XBRL,2026-06-03T03:30:48.174808+00:00,/Users/adityarajiv/Documents/ffiec-cdr/ONLY_TEXAS_SINCE_2025/archive/call/6-30-2025/840363.xbrl,d780b4e4315bdbf787497da97781133850c61b62c6de11d5d6cda6d0fc5b089b,113557
842460,LONE STAR NATIONAL BANK,TX,,6/30/2025,XBRL,2026-06-03T03:30:48.174808+00:00,/Users/adityarajiv/Documents/ffiec-cdr/ONLY_TEXAS_SINCE_2025/archive/call/6-30-2025/842460.xbrl,01e0dc8e4330875575cfef0f5106011dcd7594b21677a57b755e6dfd5fc4952f,133665
844567,POINTBANK,TX,,6/30/2025,XBRL,2026-06-03T03:30:48.174808+00:00,/Users/adityarajiv/Documents/ffiec-cdr/ONLY_TEXAS_SINCE_2025/archive/call/6-30-2025/844567.xbrl,d4fb003dfd88bb8d05edac3e644f302d65101916cdd687c0eedf76ab57b9d40f,107649
8462,"PERRYTON NATIONAL BANK, THE",TX,,6/30/2025,XBRL,2026-06-03T03:30:48.174808+00:00,/Users/adityarajiv/Documents/ffiec-cdr/ONLY_TEXAS_SINCE_2025/archive/call/6-30-2025/8462.xbrl,880cf0c79393c61093fc46c06606cf502618943e85919db8971f2826f1f2eb79,68483
849076,HENDERSON FEDERAL SAVINGS BANK,TX,,6/30/2025,XBRL,2026-06-03T03:30:48.174808+00:00,/Users/adityarajiv/Documents/ffiec-cdr/ONLY_TEXAS_SINCE_2025/archive/call/6-30-2025/849076.xbrl,c7c771496199748fdb5283abe6a5c4c8eea550b7fdf9e0b1e696e449994f76cc,68092
849357,"FIRST NATIONAL BANK OF HUGHES SPRINGS, THE",TX,,6/30/2025,XBRL,2026-06-03T03:30:48.174808+00:00,/Users/adityarajiv/Documents/ffiec-cdr/ONLY_TEXAS_SINCE_2025/archive/call/6-30-2025/849357.xbrl,30938f427cc1bf75a9bf0531a6ddaf15e31bbe2cd892fd14e88b2f8ef98e9e9c,105013
851060,ATASCOSA BANK,TX,,6/30/2025,XBRL,2026-06-03T03:30:48.174808+00:00,/Users/adityarajiv/Documents/ffiec-cdr/ONLY_TEXAS_SINCE_2025/archive/call/6-30-2025/851060.xbrl,bac38c3f53897edcff3aa1999255e5a1350f45a934e4b5343e0772da36cab005,68565
853251,UNITY NATIONAL BANK OF HOUSTON,TX,,6/30/2025,XBRL,2026-06-03T03:30:48.174808+00:00,/Users/adityarajiv/Documents/ffiec-cdr/ONLY_TEXAS_SINCE_2025/archive/call/6-30-2025/853251.xbrl,46c3d074a905cb586185ac288c297ef7e8441dbad25a78de45c20438e58b3842,102819
855264,FIRST NATIONAL BANK IN PORT LAVACA,TX,,6/30/2025,XBRL,2026-06-03T03:30:48.174808+00:00,/Users/adityarajiv/Documents/ffiec-cdr/ONLY_TEXAS_SINCE_2025/archive/call/6-30-2025/855264.xbrl,d7a0f1541aaee369b5747051ad392e2831c723e7367587e68f479752cf0fbc0f,70158
856869,POWELL STATE BANK,TX,,6/30/2025,XBRL,2026-06-03T03:30:48.174808+00:00,/Users/adityarajiv/Documents/ffiec-cdr/ONLY_TEXAS_SINCE_2025/archive/call/6-30-2025/856869.xbrl,0384599ea2db0437901eb383267878ac99b5478603b86d76968bcdf520549505,69996
857455,TEJAS BANK,TX,,6/30/2025,XBRL,2026-06-03T03:30:48.174808+00:00,/Users/adityarajiv/Documents/ffiec-cdr/ONLY_TEXAS_SINCE_2025/archive/call/6-30-2025/857455.xbrl,bfec41cf318a1d6553c2e3c4915c5c152c42bec70e52b001358cd3ff6e20f596,103960
859552,BANK OF THE WEST,TX,,6/30/2025,XBRL,2026-06-03T03:30:48.174808+00:00,/Users/adityarajiv/Documents/ffiec-cdr/ONLY_TEXAS_SINCE_2025/archive/call/6-30-2025/859552.xbrl,e65a63107c407310000e2aeb3fe55fffe3158864b34e17009b898cb7a81e171f,123522
863362,BRAZOS NATIONAL BANK,TX,,6/30/2025,XBRL,2026-06-03T03:30:48.174808+00:00,/Users/adityarajiv/Documents/ffiec-cdr/ONLY_TEXAS_SINCE_2025/archive/call/6-30-2025/863362.xbrl,083b3d648685402c57613f0dea4ef4f1b7b9257c4e64decd7fb3293f0731d2b0,102408
867650,PINNACLE BANK,TX,,6/30/2025,XBRL,2026-06-03T03:30:48.174808+00:00,/Users/adityarajiv/Documents/ffiec-cdr/ONLY_TEXAS_SINCE_2025/archive/call/6-30-2025/867650.xbrl,a787d917a115ced657e34cfe1495eb239e4df82625f969a603ae4eb4dd4a17a7,133720
869663,CITIZENS 1ST BANK,TX,,6/30/2025,XBRL,2026-06-03T03:30:48.174808+00:00,/Users/adityarajiv/Documents/ffiec-cdr/ONLY_TEXAS_SINCE_2025/archive/call/6-30-2025/869663.xbrl,0a51915c87729d7488b2e3d359730bfdd40981e6c55a1dced4916e0cfe7f24bf,105414
871956,"FIRST BANK OF CELESTE, THE",TX,,6/30/2025,XBRL,2026-06-03T03:30:48.174808+00:00,/Users/adityarajiv/Documents/ffiec-cdr/ONLY_TEXAS_SINCE_2025/archive/call/6-30-2025/871956.xbrl,b149600a7a2fcc7adcf1802324a56a08cf1d2c58f56cfec569b46db7a24eb7fe,104539
875057,FARMERS STATE BANK,TX,,6/30/2025,XBRL,2026-06-03T03:30:48.174808+00:00,/Users/adityarajiv/Documents/ffiec-cdr/ONLY_TEXAS_SINCE_2025/archive/call/6-30-2025/875057.xbrl,9d0fc3dfdb1d01ac446e10eae0e5db6163363b9ac1957cf99cc0b0b5957a4df3,105066
875758,FIRST TEXAS BANK,TX,,6/30/2025,XBRL,2026-06-03T03:30:48.174808+00:00,/Users/adityarajiv/Documents/ffiec-cdr/ONLY_TEXAS_SINCE_2025/archive/call/6-30-2025/875758.xbrl,840fa5c490cefb5a854ade0931882efddc609ffdd090a47b6e7d4caaf1559897,103580
88352,FIRST STATE BANK OF BEDIAS,TX,,6/30/2025,XBRL,2026-06-03T03:30:48.174808+00:00,/Users/adityarajiv/Documents/ffiec-cdr/ONLY_TEXAS_SINCE_2025/archive/call/6-30-2025/88352.xbrl,688b24fcb92c980413796fa5f745ce8e693a1e5510994c509bdd06269e99d85f,83633
884358,FIRST STATE BANK OF LIVINGSTON,TX,,6/30/2025,XBRL,2026-06-03T03:30:48.174808+00:00,/Users/adityarajiv/Documents/ffiec-cdr/ONLY_TEXAS_SINCE_2025/archive/call/6-30-2025/884358.xbrl,6d806ae1414a8714aafce30a41f8493ac6bf02844896c178f261706e386cf803,70409
885252,CITIZENS BANK,TX,,6/30/2025,XBRL,2026-06-03T03:30:48.174808+00:00,/Users/adityarajiv/Documents/ffiec-cdr/ONLY_TEXAS_SINCE_2025/archive/call/6-30-2025/885252.xbrl,ccf7dcb9eef0ff00b74853381c7b36c7fc9baf65c41b232d467f1d59b844eba2,104670
885869,"COMMERCIAL BANK OF TEXAS, N.A.",TX,,6/30/2025,XBRL,2026-06-03T03:30:48.174808+00:00,/Users/adityarajiv/Documents/ffiec-cdr/ONLY_TEXAS_SINCE_2025/archive/call/6-30-2025/885869.xbrl,682072839a0311f79232e0902884381af55476fb3139e6e35f5b63cc129bb5dd,113429
888552,"FIRST STATE BANK, THE",TX,,6/30/2025,XBRL,2026-06-03T03:30:48.174808+00:00,/Users/adityarajiv/Documents/ffiec-cdr/ONLY_TEXAS_SINCE_2025/archive/call/6-30-2025/888552.xbrl,bfc972500544e456b554bbd7407c4d0bc64847550d9a0d93bf1265222ffc2ad5,70831
891253,COLUMBUS STATE BANK,TX,,6/30/2025,XBRL,2026-06-03T03:30:48.174808+00:00,/Users/adityarajiv/Documents/ffiec-cdr/ONLY_TEXAS_SINCE_2025/archive/call/6-30-2025/891253.xbrl,de18a0dbbc195ee8e8d2cee0be757b22567a973b9fa0a62640b22177ffe28405,105017
895055,"FIRST NATIONAL BANK OF MCGREGOR, THE",TX,,6/30/2025,XBRL,2026-06-03T03:30:48.174808+00:00,/Users/adityarajiv/Documents/ffiec-cdr/ONLY_TEXAS_SINCE_2025/archive/call/6-30-2025/895055.xbrl,0ea30180bb76a8cba75e0a9cdc50a8da0ec90dc94a29845a5599a76a096c6db2,105826
898579,"FIRST FEDERAL COMMUNITY BANK, SSB",TX,,6/30/2025,XBRL,2026-06-03T03:30:48.174808+00:00,/Users/adityarajiv/Documents/ffiec-cdr/ONLY_TEXAS_SINCE_2025/archive/call/6-30-2025/898579.xbrl,81bdd22e9fa40c724906268199a5de09b4175cd3626dd97823246e8a361bb7da,105258
89957,"CENDERA BANK, N.A.",TX,,6/30/2025,XBRL,2026-06-03T03:30:48.174808+00:00,/Users/adityarajiv/Documents/ffiec-cdr/ONLY_TEXAS_SINCE_2025/archive/call/6-30-2025/89957.xbrl,e9c6dae3310cf103e686c3713fda368d922d5b8586338b8d72bca12a81e1b386,68516
899651,CITIZENS STATE BANK,TX,,6/30/2025,XBRL,2026-06-03T03:30:48.174808+00:00,/Users/adityarajiv/Documents/ffiec-cdr/ONLY_TEXAS_SINCE_2025/archive/call/6-30-2025/899651.xbrl,586f8e8a0b8c33d10a43077a03eb75a9a2629d7b0095a8ac426122dd37a57b0a,70037
901451,CITIZENS NATIONAL BANK OF CROSBYTON,TX,,6/30/2025,XBRL,2026-06-03T03:30:48.174808+00:00,/Users/adityarajiv/Documents/ffiec-cdr/ONLY_TEXAS_SINCE_2025/archive/call/6-30-2025/901451.xbrl,8c0965d7f56914715026607fbff08c0f0d3b844f54ae95042d9657926edee4c9,69485
908861,"TRANSPECOS BANKS, SSB",TX,,6/30/2025,XBRL,2026-06-03T03:30:48.174808+00:00,/Users/adityarajiv/Documents/ffiec-cdr/ONLY_TEXAS_SINCE_2025/archive/call/6-30-2025/908861.xbrl,1ad7b7be0a9a4020f92ef901cb852063036eaf1bb56cc04e81ee8918bfe6ab75,88825
911160,PILGRIM BANK,TX,,6/30/2025,XBRL,2026-06-03T03:30:48.174808+00:00,/Users/adityarajiv/Documents/ffiec-cdr/ONLY_TEXAS_SINCE_2025/archive/call/6-30-2025/911160.xbrl,607686a1bd6dbbd4cda1675dbbe4ab576f1d6c3ed4273e1e99e4fbcb4c6a477e,105615
913753,INWOOD NATIONAL BANK,TX,,6/30/2025,XBRL,2026-06-03T03:30:48.174808+00:00,/Users/adityarajiv/Documents/ffiec-cdr/ONLY_TEXAS_SINCE_2025/archive/call/6-30-2025/913753.xbrl,2a5708486b9eb383f4728d0d2b7103cd83064406be828f9f197f199a60c4f28f,126612
91754,"FIRST NATIONAL BANK OF BELLVILLE, THE",TX,,6/30/2025,XBRL,2026-06-03T03:30:48.174808+00:00,/Users/adityarajiv/Documents/ffiec-cdr/ONLY_TEXAS_SINCE_2025/archive/call/6-30-2025/91754.xbrl,91ab90a576ef388a74296ce7a29e007909a1c4d9ebf604db53c57f3747b71f79,88256
917555,UBANK,TX,,6/30/2025,XBRL,2026-06-03T03:30:48.174808+00:00,/Users/adityarajiv/Documents/ffiec-cdr/ONLY_TEXAS_SINCE_2025/archive/call/6-30-2025/917555.xbrl,ad210c95e69ea63817e25c927e4b6f1464b22925c5518ddaa9fe2c713f7a469a,70745
919568,FIRST CAPITAL BANK,TX,,6/30/2025,XBRL,2026-06-03T03:30:48.174808+00:00,/Users/adityarajiv/Documents/ffiec-cdr/ONLY_TEXAS_SINCE_2025/archive/call/6-30-2025/919568.xbrl,5108a99c7b49e1f08bb1e2f40db28e554252b7ca3ea3f6eec5e4678d7c0cc869,105040
924058,"JACKSBORO NATIONAL BANK, THE",TX,,6/30/2025,XBRL,2026-06-03T03:30:48.174808+00:00,/Users/adityarajiv/Documents/ffiec-cdr/ONLY_TEXAS_SINCE_2025/archive/call/6-30-2025/924058.xbrl,47f6add193c43d008cfbc69288623960d21abf7ccc8c40d58824b685ffa8054d,105543
925653,BANK OF TEXAS,TX,,6/30/2025,XBRL,2026-06-03T03:30:48.174808+00:00,/Users/adityarajiv/Documents/ffiec-cdr/ONLY_TEXAS_SINCE_2025/archive/call/6-30-2025/925653.xbrl,0bc7aecd2765533018868593bbc4c95df1d12ec5849673159203d8e477e88682,105008
938859,NEWFIRST NATIONAL BANK,TX,,6/30/2025,XBRL,2026-06-03T03:30:48.174808+00:00,/Users/adityarajiv/Documents/ffiec-cdr/ONLY_TEXAS_SINCE_2025/archive/call/6-30-2025/938859.xbrl,7d00c76134a6305423b60722a252ed6de095706f6f1ee4587a55b86ba9cd3e8c,70581
946555,LLANO NATIONAL BANK,TX,,6/30/2025,XBRL,2026-06-03T03:30:48.174808+00:00,/Users/adityarajiv/Documents/ffiec-cdr/ONLY_TEXAS_SINCE_2025/archive/call/6-30-2025/946555.xbrl,6a1dac5db8c01419486d7e3f3aa0aecca11442f67defce0e04283a9588076d15,69564
949154,TEXAS BANK AND TRUST COMPANY,TX,,6/30/2025,XBRL,2026-06-03T03:30:48.174808+00:00,/Users/adityarajiv/Documents/ffiec-cdr/ONLY_TEXAS_SINCE_2025/archive/call/6-30-2025/949154.xbrl,5c863849fa19827c73c83e28a7da6c3826b2c3cdeba0fb70f5d1c8aaf98a9e08,139230
954653,CITIZENS STATE BANK OF LULING,TX,,6/30/2025,XBRL,2026-06-03T03:30:48.174808+00:00,/Users/adityarajiv/Documents/ffiec-cdr/ONLY_TEXAS_SINCE_2025/archive/call/6-30-2025/954653.xbrl,fd38a9ee223591e3ee7440dc4d511ae97ac80015bbe5857eeaffe66242aed875,68669
956750,RIO BANK,TX,,6/30/2025,XBRL,2026-06-03T03:30:48.174808+00:00,/Users/adityarajiv/Documents/ffiec-cdr/ONLY_TEXAS_SINCE_2025/archive/call/6-30-2025/956750.xbrl,058d17527a8f4caa8020d4a78a87428d9a456f1751926345c3b2083d2ee528aa,107695
958763,NORMANGEE STATE BANK,TX,,6/30/2025,XBRL,2026-06-03T03:30:48.174808+00:00,/Users/adityarajiv/Documents/ffiec-cdr/ONLY_TEXAS_SINCE_2025/archive/call/6-30-2025/958763.xbrl,e04da7aa8fa000f9c25afb3278578a3441767927038c0306afcef5e5bf0b7767,103718
964157,VALUEBANK TEXAS,TX,,6/30/2025,XBRL,2026-06-03T03:30:48.174808+00:00,/Users/adityarajiv/Documents/ffiec-cdr/ONLY_TEXAS_SINCE_2025/archive/call/6-30-2025/964157.xbrl,177f907b4fec996e0d849c54e7e8ba0e18d1ab58126922afce2fac67c1ce4a0f,70436
965789,SUSSER BANK,TX,,6/30/2025,XBRL,2026-06-03T03:30:48.174808+00:00,/Users/adityarajiv/Documents/ffiec-cdr/ONLY_TEXAS_SINCE_2025/archive/call/6-30-2025/965789.xbrl,8634339e36886c38cb2694c08d655cd8262b1b1435511c6b674d46f5247dd5ff,134989
969956,ZAVALA COUNTY BANK,TX,,6/30/2025,XBRL,2026-06-03T03:30:48.174808+00:00,/Users/adityarajiv/Documents/ffiec-cdr/ONLY_TEXAS_SINCE_2025/archive/call/6-30-2025/969956.xbrl,66834de75460be3ff91f69058ce273b3f6ff4a8baaa8e61ca964856f252837c6,101725
971070,"DALHART FEDERAL SAVINGS & LOAN ASSOCIATION, SSB",TX,,6/30/2025,XBRL,2026-06-03T03:30:48.174808+00:00,/Users/adityarajiv/Documents/ffiec-cdr/ONLY_TEXAS_SINCE_2025/archive/call/6-30-2025/971070.xbrl,5e4dc46ab897f6a100561dbde19081a270b5e1758b34293c128bef9161d6d42b,103854
972862,PLAINS STATE BANK,TX,,6/30/2025,XBRL,2026-06-03T03:30:48.174808+00:00,/Users/adityarajiv/Documents/ffiec-cdr/ONLY_TEXAS_SINCE_2025/archive/call/6-30-2025/972862.xbrl,0418c7607f9a279247887d998de6bf34c006e85ce8eede7a6bd76b1183e02811,70637
977652,JOHNSON CITY BANK,TX,,6/30/2025,XBRL,2026-06-03T03:30:48.174808+00:00,/Users/adityarajiv/Documents/ffiec-cdr/ONLY_TEXAS_SINCE_2025/archive/call/6-30-2025/977652.xbrl,9c48925ee1fb9f3b3db3cba838b60d6d1a3adb19b94cd7246ed193446ae5adf4,68894
979759,"KARNES COUNTY NATIONAL BANK OF KARNES CITY, THE",TX,,6/30/2025,XBRL,2026-06-03T03:30:48.174808+00:00,/Users/adityarajiv/Documents/ffiec-cdr/ONLY_TEXAS_SINCE_2025/archive/call/6-30-2025/979759.xbrl,e4b32fbaf861b145538cf0c7a1a3b291c4be4ce8eaadeb5be60a7a5319040119,105108
980960,BENCHMARK BANK,TX,,6/30/2025,XBRL,2026-06-03T03:30:48.174808+00:00,/Users/adityarajiv/Documents/ffiec-cdr/ONLY_TEXAS_SINCE_2025/archive/call/6-30-2025/980960.xbrl,cba37773bebd45c275e78dec7a8cec5298c6341839d0bbae263fd59c3ad3fcd8,107220
995955,KRESS NATIONAL BANK,TX,,6/30/2025,XBRL,2026-06-03T03:30:48.174808+00:00,/Users/adityarajiv/Documents/ffiec-cdr/ONLY_TEXAS_SINCE_2025/archive/call/6-30-2025/995955.xbrl,4056793f1666f048f61b81dd512d11b2cf389a185a56e176e2f24e109f09cf03,104300
1001152,INTERNATIONAL BANK OF COMMERCE,TX,,9/30/2025,XBRL,2026-06-03T03:30:48.174808+00:00,/Users/adityarajiv/Documents/ffiec-cdr/ONLY_TEXAS_SINCE_2025/archive/call/9-30-2025/1001152.xbrl,619f22bb4af87f993b9f9f20acf9175dc0ba92e261c0ab0b786458015e270ec3,134373
100357,"LEGEND BANK, N. A.",TX,,9/30/2025,XBRL,2026-06-03T03:30:48.174808+00:00,/Users/adityarajiv/Documents/ffiec-cdr/ONLY_TEXAS_SINCE_2025/archive/call/9-30-2025/100357.xbrl,16169a4b7437d560398720f815d934712635dc395fa3362badc652842d207c80,59941
1012251,FIRST STATE BANK AND TRUST COMPANY,TX,,9/30/2025,XBRL,2026-06-03T03:30:48.174808+00:00,/Users/adityarajiv/Documents/ffiec-cdr/ONLY_TEXAS_SINCE_2025/archive/call/9-30-2025/1012251.xbrl,a60be335c1cc3a353b23258f6f7386d51c8851fd12fb986b740559bd0261dfcd,59372
1017564,COMMERCIAL STATE BANK,TX,,9/30/2025,XBRL,2026-06-03T03:30:48.174808+00:00,/Users/adityarajiv/Documents/ffiec-cdr/ONLY_TEXAS_SINCE_2025/archive/call/9-30-2025/1017564.xbrl,838018cbb89b5eca275eaa1156c4193ae460c74ea969fef5d4ff73712ee1ea0a,60013
101952,"BRADY NATIONAL BANK, THE",TX,,9/30/2025,XBRL,2026-06-03T03:30:48.174808+00:00,/Users/adityarajiv/Documents/ffiec-cdr/ONLY_TEXAS_SINCE_2025/archive/call/9-30-2025/101952.xbrl,5d3d8ced98d68d6c661662541daf7278bd00a885493454bf9db0b1b7a27f4f24,58430
108269,"FIRST NATIONAL BANK OF MOODY, THE",TX,,9/30/2025,XBRL,2026-06-03T03:30:48.174808+00:00,/Users/adityarajiv/Documents/ffiec-cdr/ONLY_TEXAS_SINCE_2025/archive/call/9-30-2025/108269.xbrl,0fff053c100234e6b50b4b8932b7ea2c1b173b745faff16a258a0bd48e11c1c0,58045
112163,"GUARANTY BANK & TRUST, N.A.",TX,,9/30/2025,XBRL,2026-06-03T03:30:48.174808+00:00,/Users/adityarajiv/Documents/ffiec-cdr/ONLY_TEXAS_SINCE_2025/archive/call/9-30-2025/112163.xbrl,0363e04b2f15abbe6defee4bbea89b6993f71cab3acb0eb7e79f14d1aa3766f6,138447
1157415,STATE BANK OF TEXAS,TX,,9/30/2025,XBRL,2026-06-02T21:42:10.446614+00:00,/Users/adityarajiv/Documents/ffiec-cdr/ONLY_TEXAS_SINCE_2025/archive/call/9-30-2025/1157415.xbrl,89d7cec151acf87768659994cef7a63478232de5fceb6c8edd653bff6155a71f,59244
1176881,XD BANK,TX,,9/30/2025,XBRL,2026-06-02T21:42:10.446614+00:00,/Users/adityarajiv/Documents/ffiec-cdr/ONLY_TEXAS_SINCE_2025/archive/call/9-30-2025/1176881.xbrl,012c469f9cbbb72e767de80537f34659fcb2160a007e5b7773ea10e8d0fd3979,123675
1293078,PEOPLES BANK,TX,,9/30/2025,XBRL,2026-06-03T03:30:48.174808+00:00,/Users/adityarajiv/Documents/ffiec-cdr/ONLY_TEXAS_SINCE_2025/archive/call/9-30-2025/1293078.xbrl,363a760280b3e34d4e06c6c67073efdb8ab5e2111ad1ba8d9c05487dbade05b8,58251
138257,"FIRST NATIONAL BANK OF ASPERMONT, THE",TX,,9/30/2025,XBRL,2026-06-03T03:30:48.174808+00:00,/Users/adityarajiv/Documents/ffiec-cdr/ONLY_TEXAS_SINCE_2025/archive/call/9-30-2025/138257.xbrl,ab672f78cb950f6bf42a387dbbdf7cf391fc36ea71c341acaa4757fbcb708347,58429
1429028,"KEYSTONE BANK, SSB",TX,,9/30/2025,XBRL,2026-06-03T03:30:48.174808+00:00,/Users/adityarajiv/Documents/ffiec-cdr/ONLY_TEXAS_SINCE_2025/archive/call/9-30-2025/1429028.xbrl,c39839d4f56861ac772160a28621bba86324969ab49493b1c6699acd6b0cef8a,60185
1435092,TEXAS NATIONAL BANK,TX,,9/30/2025,XBRL,2026-06-03T03:30:48.174808+00:00,/Users/adityarajiv/Documents/ffiec-cdr/ONLY_TEXAS_SINCE_2025/archive/call/9-30-2025/1435092.xbrl,d11cfb83248e64efa87972234d9da6fd1f14b3bbce29691f0472e8fc2d7dfe9f,59998
1447639,WESTSTAR BANK,TX,,9/30/2025,XBRL,2026-06-03T03:30:48.174808+00:00,/Users/adityarajiv/Documents/ffiec-cdr/ONLY_TEXAS_SINCE_2025/archive/call/9-30-2025/1447639.xbrl,b1e915177bca75c83645d6a61c82697df31e46ad3f0c9b174995c57f19e41b35,61005
14977,"FIRST FEDERAL BANK LITTLEFIELD, TEXAS, SSB",TX,,9/30/2025,XBRL,2026-06-03T03:30:48.174808+00:00,/Users/adityarajiv/Documents/ffiec-cdr/ONLY_TEXAS_SINCE_2025/archive/call/9-30-2025/14977.xbrl,11ad3cb5d2b5c2c436e22845b8d3d5c8b4a45e2a6f036b486065dce4c533947f,81087
160454,"FIRST NATIONAL BANK OF BALLINGER, THE",TX,,9/30/2025,XBRL,2026-06-03T03:30:48.174808+00:00,/Users/adityarajiv/Documents/ffiec-cdr/ONLY_TEXAS_SINCE_2025/archive/call/9-30-2025/160454.xbrl,83751662e0b6bbd3453a3d57dba3227924e935e1377478759b76818e50bb9b9d,59094
1669,"LIBERTY NATIONAL BANK IN PARIS, THE",TX,,9/30/2025,XBRL,2026-06-03T03:30:48.174808+00:00,/Users/adityarajiv/Documents/ffiec-cdr/ONLY_TEXAS_SINCE_2025/archive/call/9-30-2025/1669.xbrl,e0eeb5a65dffaa90be5f26e9ab02cb6feff407676d899f214c31efcec68ab830,57288
169354,"STATE NATIONAL BANK OF BIG SPRING, THE",TX,,9/30/2025,XBRL,2026-06-03T03:30:48.174808+00:00,/Users/adityarajiv/Documents/ffiec-cdr/ONLY_TEXAS_SINCE_2025/archive/call/9-30-2025/169354.xbrl,aa1a5b3935bf95fdd5a9b6d99b3b576ee4afa011a61204245363443d555d903f,58570
170257,HASKELL NATIONAL BANK,TX,,9/30/2025,XBRL,2026-06-03T03:30:48.174808+00:00,/Users/adityarajiv/Documents/ffiec-cdr/ONLY_TEXAS_SINCE_2025/archive/call/9-30-2025/170257.xbrl,815c00918ad8f5f818e9b723be2de8bff8ad5f46daa23db7efb16fa9aa16fff8,59195
171768,"SOUTHSTAR BANK, S.S.B.",TX,,9/30/2025,XBRL,2026-06-03T03:30:48.174808+00:00,/Users/adityarajiv/Documents/ffiec-cdr/ONLY_TEXAS_SINCE_2025/archive/call/9-30-2025/171768.xbrl,13fd6109749f53a5c802203262ac67792b45bfe48952fd30d9a34118d6ebcb11,60542
173959,"FIRST NATIONAL BANK OF HEBBRONVILLE, THE",TX,,9/30/2025,XBRL,2026-06-03T03:30:48.174808+00:00,/Users/adityarajiv/Documents/ffiec-cdr/ONLY_TEXAS_SINCE_2025/archive/call/9-30-2025/173959.xbrl,bcf25977f14cfe2c22aaeb1466551d7453fb122c84c96b374a1a911dd1f556a4,58462
174367,COMMERCE BANK TEXAS,TX,,9/30/2025,XBRL,2026-06-03T03:30:48.174808+00:00,/Users/adityarajiv/Documents/ffiec-cdr/ONLY_TEXAS_SINCE_2025/archive/call/9-30-2025/174367.xbrl,3183e18392bd8fd2664729c645f174b697395a1737a28c52d803931cce961176,57570
176464,ALLIANCE BANK,TX,,9/30/2025,XBRL,2026-06-03T03:30:48.174808+00:00,/Users/adityarajiv/Documents/ffiec-cdr/ONLY_TEXAS_SINCE_2025/archive/call/9-30-2025/176464.xbrl,ad912cc464c1e1b239b4696922deaea4f7707085823243ab3c0a598f5b169045,60363
18050,"FIRST NATIONAL BANK OF BASTROP, THE",TX,,9/30/2025,XBRL,2026-06-02T21:42:10.446614+00:00,/Users/adityarajiv/Documents/ffiec-cdr/ONLY_TEXAS_SINCE_2025/archive/call/9-30-2025/18050.xbrl,2eba84677add93b945fc27e71e656b5c0051fd0c9494866217cca19b34c943ac,59219
181963,"CITY NATIONAL BANK OF TAYLOR, THE",TX,,9/30/2025,XBRL,2026-06-03T03:30:48.174808+00:00,/Users/adityarajiv/Documents/ffiec-cdr/ONLY_TEXAS_SINCE_2025/archive/call/9-30-2025/181963.xbrl,0a3c75200bba26c25d6f2edfaf79bcb2e138b18c466b6eb295c34f19cd138dd3,58833
182951,"CLASSIC BANK, NATIONAL ASSOCIATION",TX,,9/30/2025,XBRL,2026-06-03T03:30:48.174808+00:00,/Users/adityarajiv/Documents/ffiec-cdr/ONLY_TEXAS_SINCE_2025/archive/call/9-30-2025/182951.xbrl,f47ea97330e87173e464c13ed3cbae2e1449a6074c368dcc7f22b8fc42659273,59712
184656,"CITIZENS NATIONAL BANK OF HILLSBORO, THE",TX,,9/30/2025,XBRL,2026-06-03T03:30:48.174808+00:00,/Users/adityarajiv/Documents/ffiec-cdr/ONLY_TEXAS_SINCE_2025/archive/call/9-30-2025/184656.xbrl,00185885c20da2f78889de076cc650f92ba8867cd80e06a537be1ed1bd236b3e,116632
1893049,"CHARLES SCHWAB PREMIER BANK, SSB",TX,,9/30/2025,XBRL,2026-06-03T03:30:48.174808+00:00,/Users/adityarajiv/Documents/ffiec-cdr/ONLY_TEXAS_SINCE_2025/archive/call/9-30-2025/1893049.xbrl,e73179e4c48011b6fc60deb12c14e4d226c31d8578ad880c97053668250bc735,164802
190563,FIRST STATE BANK OF TEXAS,TX,,9/30/2025,XBRL,2026-06-03T03:30:48.174808+00:00,/Users/adityarajiv/Documents/ffiec-cdr/ONLY_TEXAS_SINCE_2025/archive/call/9-30-2025/190563.xbrl,c304a8c2eaccd33198281debc06edce2cf0a70bcf60bb88f4226d0687d76227f,58351
193162,"FIRST NATIONAL BANK OF TOM BEAN, THE",TX,,9/30/2025,XBRL,2026-06-03T03:30:48.174808+00:00,/Users/adityarajiv/Documents/ffiec-cdr/ONLY_TEXAS_SINCE_2025/archive/call/9-30-2025/193162.xbrl,57a4fa3946fa929a9c014a93ec2ef1f8deaada586a82fd2b9fddc1513acf8877,59312
198961,FIRST NATIONAL BANK OF BOSQUE COUNTY,TX,,9/30/2025,XBRL,2026-06-02T21:42:10.446614+00:00,/Users/adityarajiv/Documents/ffiec-cdr/ONLY_TEXAS_SINCE_2025/archive/call/9-30-2025/198961.xbrl,17b3ef4ce3fab80b7ccbf93e0e8375fd68c8dafe183a65fc5be6937478040412,58468
199463,WESTERN BANK,TX,,9/30/2025,XBRL,2026-06-03T03:30:48.174808+00:00,/Users/adityarajiv/Documents/ffiec-cdr/ONLY_TEXAS_SINCE_2025/archive/call/9-30-2025/199463.xbrl,45bf0d9aff06d1cd21c2194b804b5f9b53f7606ae059d854aaa8de046866efff,58530
215662,AMERICAN BANK OF COMMERCE,TX,,9/30/2025,XBRL,2026-06-03T03:30:48.174808+00:00,/Users/adityarajiv/Documents/ffiec-cdr/ONLY_TEXAS_SINCE_2025/archive/call/9-30-2025/215662.xbrl,40676696e2f4db9c7935d0d59b0dea7e30b9e5bd0be3818c454f84a21be3e380,132186
2161,LAMAR NATIONAL BANK,TX,,9/30/2025,XBRL,2026-06-03T03:30:48.174808+00:00,/Users/adityarajiv/Documents/ffiec-cdr/ONLY_TEXAS_SINCE_2025/archive/call/9-30-2025/2161.xbrl,3ae5c2f9a86697598255ffab21c643e375945207c9dd3b831fa30e6e37caf11d,57789
216164,FIRST STATE BANK,TX,,9/30/2025,XBRL,2026-06-03T03:30:48.174808+00:00,/Users/adityarajiv/Documents/ffiec-cdr/ONLY_TEXAS_SINCE_2025/archive/call/9-30-2025/216164.xbrl,78f6d05f3065f2d28d53a960e190e6088108aa7be7832f876dfe12b70c38ffb0,59420
218261,ZAPATA NATIONAL BANK,TX,,9/30/2025,XBRL,2026-06-03T03:30:48.174808+00:00,/Users/adityarajiv/Documents/ffiec-cdr/ONLY_TEXAS_SINCE_2025/archive/call/9-30-2025/218261.xbrl,36588d9f4fb3f28605a1a0e84d338f4548c0265725e5c910bab31c99f5e1aa05,57464
227357,"BRENHAM NATIONAL BANK, THE",TX,,9/30/2025,XBRL,2026-06-03T03:30:48.174808+00:00,/Users/adityarajiv/Documents/ffiec-cdr/ONLY_TEXAS_SINCE_2025/archive/call/9-30-2025/227357.xbrl,a0ae1c6c9a0a222d8f758240f7fcde8c1081dfc435d5c6a0213ecf754083fada,59726
229454,FIRST STATE BANK OF BROWNSBORO,TX,,9/30/2025,XBRL,2026-06-03T03:30:48.174808+00:00,/Users/adityarajiv/Documents/ffiec-cdr/ONLY_TEXAS_SINCE_2025/archive/call/9-30-2025/229454.xbrl,06cdc5e827d6ee6372e77741b21688e193e5f23f2868c797aca93d8e318542ff,57561
230759,INTERNATIONAL BANK OF COMMERCE,TX,,9/30/2025,XBRL,2026-06-02T21:42:10.446614+00:00,/Users/adityarajiv/Documents/ffiec-cdr/ONLY_TEXAS_SINCE_2025/archive/call/9-30-2025/230759.xbrl,c1ab2a853cd801c3f92b06f206651f05e45f5c98c7ec8eabb964ca35ffcd56c7,131822
232856,TEXASBANK,TX,,9/30/2025,XBRL,2026-06-02T21:42:10.446614+00:00,/Users/adityarajiv/Documents/ffiec-cdr/ONLY_TEXAS_SINCE_2025/archive/call/9-30-2025/232856.xbrl,66fe7272d4e9e5b77f79f25a46c222d7e5140d31331a272bd0f37539a22684c3,60641
233358,CITIZENS NATIONAL BANK AT BROWNWOOD,TX,,9/30/2025,XBRL,2026-06-02T21:42:10.446614+00:00,/Users/adityarajiv/Documents/ffiec-cdr/ONLY_TEXAS_SINCE_2025/archive/call/9-30-2025/233358.xbrl,82b8c0de657a7c76716125b538b50d18695de44a10cc2b4dc168898d4af8c2b1,58826
2362458,"WELLS FARGO BANK SOUTH CENTRAL, NATIONAL ASSOCIATION",TX,,9/30/2025,XBRL,2026-06-03T03:30:48.174808+00:00,/Users/adityarajiv/Documents/ffiec-cdr/ONLY_TEXAS_SINCE_2025/archive/call/9-30-2025/2362458.xbrl,2551907548cf7cfdb043ab4c933d2f526ad87ce9bcb2a0450cfd2ce2f2b2ef96,150505
237066,WEST TEXAS NATIONAL BANK,TX,,9/30/2025,XBRL,2026-06-03T03:30:48.174808+00:00,/Users/adityarajiv/Documents/ffiec-cdr/ONLY_TEXAS_SINCE_2025/archive/call/9-30-2025/237066.xbrl,ef20856e75ce9da63f676aa68687df31eb0387b1de6fa9c5c42ea0404608bf2c,131860
239659,FIRST BANK,TX,,9/30/2025,XBRL,2026-06-03T03:30:48.174808+00:00,/Users/adityarajiv/Documents/ffiec-cdr/ONLY_TEXAS_SINCE_2025/archive/call/9-30-2025/239659.xbrl,80fb54cbadd8b72ec02b760ceba84347a00898e3db5daf564f18d0a2bce7e200,60771
240954,FIRST NATIONAL BANK OF BURLESON,TX,,9/30/2025,XBRL,2026-06-03T03:30:48.174808+00:00,/Users/adityarajiv/Documents/ffiec-cdr/ONLY_TEXAS_SINCE_2025/archive/call/9-30-2025/240954.xbrl,5ea7563fcca7647729411c123ce5704d949295a581971b3e08d880332bfb0ab5,57600
247355,SECURITY STATE BANK & TRUST,TX,,9/30/2025,XBRL,2026-06-03T03:30:48.174808+00:00,/Users/adityarajiv/Documents/ffiec-cdr/ONLY_TEXAS_SINCE_2025/archive/call/9-30-2025/247355.xbrl,5cdd8c68e7107528f82a26758f1edefb21d99e39e83289dbfd6351eda4148e49,59810
2490285,FIRST NATIONAL BANK,TX,,9/30/2025,XBRL,2026-06-03T03:30:48.174808+00:00,/Users/adityarajiv/Documents/ffiec-cdr/ONLY_TEXAS_SINCE_2025/archive/call/9-30-2025/2490285.xbrl,b7f3b59f9cef36b056709b85d3507c0ffe67c3e5fc6ab22ff167b70c8436d2c4,59789
253356,MOODY NATIONAL BANK,TX,,9/30/2025,XBRL,2026-06-03T03:30:48.174808+00:00,/Users/adityarajiv/Documents/ffiec-cdr/ONLY_TEXAS_SINCE_2025/archive/call/9-30-2025/253356.xbrl,3f92bccd6a639e96a3dbd7d211f88952440aa3bab29a8ee41622eb814e3f53ba,101090
2568063,FIRST COMMAND BANK,TX,,9/30/2025,XBRL,2026-06-03T03:30:48.174808+00:00,/Users/adityarajiv/Documents/ffiec-cdr/ONLY_TEXAS_SINCE_2025/archive/call/9-30-2025/2568063.xbrl,b9cb596c243af89a3d7b5240936e6183a1a39c4cef4c38737c9b941f4e0f08a9,65864
2597223,"LEGACY TRUST COMPANY, NATIONAL ASSOCIATION",TX,,9/30/2025,XBRL,2026-06-03T03:30:48.174808+00:00,/Users/adityarajiv/Documents/ffiec-cdr/ONLY_TEXAS_SINCE_2025/archive/call/9-30-2025/2597223.xbrl,4e7637607a5d1e9ef95e8eb0fe4f177dee22e2acd14576a3949999921dc0eaf8,61247
2597232,"HIGHTOWER TRUST COMPANY, NATIONAL ASSOCIATION, THE",TX,,9/30/2025,XBRL,2026-06-03T03:30:48.174808+00:00,/Users/adityarajiv/Documents/ffiec-cdr/ONLY_TEXAS_SINCE_2025/archive/call/9-30-2025/2597232.xbrl,4a73701cdfe85913309cb19736f2c67c3484c8078f4708ce2cff18c079d661a4,59928
261360,CITIZENS STATE BANK,TX,,9/30/2025,XBRL,2026-06-02T21:42:10.446614+00:00,/Users/adityarajiv/Documents/ffiec-cdr/ONLY_TEXAS_SINCE_2025/archive/call/9-30-2025/261360.xbrl,79db125cee11e93f1bbf7af517b2dc6fbe8a57591657d520ac3920595e7cda0b,58944
2618780,TEXAS CAPITAL BANK,TX,,9/30/2025,XBRL,2026-06-02T21:42:10.446614+00:00,/Users/adityarajiv/Documents/ffiec-cdr/ONLY_TEXAS_SINCE_2025/archive/call/9-30-2025/2618780.xbrl,a7ce0f7cd1b7a314fe8e69f3b7d130f38886a8d3abfba3584249ff1632462e4c,152481
262358,AMERICAN STATE BANK,TX,,9/30/2025,XBRL,2026-06-03T03:30:48.174808+00:00,/Users/adityarajiv/Documents/ffiec-cdr/ONLY_TEXAS_SINCE_2025/archive/call/9-30-2025/262358.xbrl,c8377c4a86fec8a984390c6dc7dd92e14af5d47fec53add82b8c5951e2b69293,60384
2625724,SOUTHWESTERN NATIONAL BANK,TX,,9/30/2025,XBRL,2026-06-03T03:30:48.174808+00:00,/Users/adityarajiv/Documents/ffiec-cdr/ONLY_TEXAS_SINCE_2025/archive/call/9-30-2025/2625724.xbrl,6d6bfd7787085d4dbab45fab95d5121a9d8e118248da85085c616841bb3f52c8,59973
264455,FIRST STATE BANK,TX,,9/30/2025,XBRL,2026-06-03T03:30:48.174808+00:00,/Users/adityarajiv/Documents/ffiec-cdr/ONLY_TEXAS_SINCE_2025/archive/call/9-30-2025/264455.xbrl,735d7771b4819b9b226ff30d4a788febb9f2419ae9b2f3ef378d713ad190045f,58595
26765,VANTAGE BANK TEXAS,TX,,9/30/2025,XBRL,2026-06-02T21:42:10.446614+00:00,/Users/adityarajiv/Documents/ffiec-cdr/ONLY_TEXAS_SINCE_2025/archive/call/9-30-2025/26765.xbrl,9656eb515b8ae0d893a6a06aed68a073abb437a7fca31a5b2328764c61e691c9,59640
2694681,AMERICAN FIRST NATIONAL BANK,TX,,9/30/2025,XBRL,2026-06-03T03:30:48.174808+00:00,/Users/adityarajiv/Documents/ffiec-cdr/ONLY_TEXAS_SINCE_2025/archive/call/9-30-2025/2694681.xbrl,beb942b35a7e40830e3073bf7421a72c1ce93f05fb20d71a4248522836f05c49,60336
272151,"GRANGER NATIONAL BANK, THE",TX,,9/30/2025,XBRL,2026-06-03T03:30:48.174808+00:00,/Users/adityarajiv/Documents/ffiec-cdr/ONLY_TEXAS_SINCE_2025/archive/call/9-30-2025/272151.xbrl,30c928cb4972266000d70d96e7e49139628494bbd69c92eb5ae441e56bbd382b,58054
273662,FIRST STATE BANK OF UVALDE,TX,,9/30/2025,XBRL,2026-06-03T03:30:48.174808+00:00,/Users/adityarajiv/Documents/ffiec-cdr/ONLY_TEXAS_SINCE_2025/archive/call/9-30-2025/273662.xbrl,a40a094ed7b80604e882d6c9a1f86b4d5b1293196d5de2a575ee988b1f84e2e9,58889
2759629,"FIRST NATIONAL BANK OF HEREFORD, THE",TX,,9/30/2025,XBRL,2026-06-03T03:30:48.174808+00:00,/Users/adityarajiv/Documents/ffiec-cdr/ONLY_TEXAS_SINCE_2025/archive/call/9-30-2025/2759629.xbrl,12d432c54fb032a154e07f0ac5462b6474a221cb2bc8dbf3a7a99cd5ff327c02,59887
279,"BROADSTREET BANK, SSB",TX,,9/30/2025,XBRL,2026-06-03T03:30:48.174808+00:00,/Users/adityarajiv/Documents/ffiec-cdr/ONLY_TEXAS_SINCE_2025/archive/call/9-30-2025/279.xbrl,b65f17c0d96f8a1b8d0236de43f100a2ecc23c31c019681216e462e1153a8976,57417
283867,WALLIS BANK,TX,,9/30/2025,XBRL,2026-06-02T21:42:10.446614+00:00,/Users/adityarajiv/Documents/ffiec-cdr/ONLY_TEXAS_SINCE_2025/archive/call/9-30-2025/283867.xbrl,9f19fe14bfa24b722d3d7be6eb432418dc15b7d0942c479efdf218bebd5edf19,59848
2891622,"CORNERSTONE CAPITAL BANK, SSB",TX,,9/30/2025,XBRL,2026-06-03T03:30:48.174808+00:00,/Users/adityarajiv/Documents/ffiec-cdr/ONLY_TEXAS_SINCE_2025/archive/call/9-30-2025/2891622.xbrl,3324fb2048bb347f48ba34f3fd623e029fce20fcd4ec8a993e6111ba98a6bdbe,135630
292467,POINTWEST BANK,TX,,9/30/2025,XBRL,2026-06-03T03:30:48.174808+00:00,/Users/adityarajiv/Documents/ffiec-cdr/ONLY_TEXAS_SINCE_2025/archive/call/9-30-2025/292467.xbrl,a2befd51e6e5ed526815e7659e44b721c3c94761a80c7e087f09bf7beadaf025,58956
293053,COMMUNITY NATIONAL BANK,TX,,9/30/2025,XBRL,2026-06-03T03:30:48.174808+00:00,/Users/adityarajiv/Documents/ffiec-cdr/ONLY_TEXAS_SINCE_2025/archive/call/9-30-2025/293053.xbrl,89dee45c9cb382352175cbde2b7848e54f98181b65c7b12ec0928e5b3334853b,59954
296755,CITIZENS STATE BANK,TX,,9/30/2025,XBRL,2026-06-03T03:30:48.174808+00:00,/Users/adityarajiv/Documents/ffiec-cdr/ONLY_TEXAS_SINCE_2025/archive/call/9-30-2025/296755.xbrl,2de6d2dd73faed41aa7cf5db0e16f7971d82342aa9765a53d9f46f28a72fd609,58403
30052,AMISTAD BANK,TX,,9/30/2025,XBRL,2026-06-03T03:30:48.174808+00:00,/Users/adityarajiv/Documents/ffiec-cdr/ONLY_TEXAS_SINCE_2025/archive/call/9-30-2025/30052.xbrl,ed66adc3e2305b52f42a1b3c5538365e55aab585a69faea54a00cba180fd4e0d,56894
303653,FIRST STATE BANK OF BURNET,TX,,9/30/2025,XBRL,2026-06-02T21:42:10.446614+00:00,/Users/adityarajiv/Documents/ffiec-cdr/ONLY_TEXAS_SINCE_2025/archive/call/9-30-2025/303653.xbrl,4cd57e8356ef15ba8e9a60df45ecf5ff27281d41edb79ef8afb61a99fec54de3,57643
304762,VICTORY BANK,TX,,9/30/2025,XBRL,2026-06-03T03:30:48.174808+00:00,/Users/adityarajiv/Documents/ffiec-cdr/ONLY_TEXAS_SINCE_2025/archive/call/9-30-2025/304762.xbrl,68a0c5502a0a75d0a467dc802a13410c508d4931fa493cf5a20e4757b410ab63,58419
305059,"FIRST STATE BANK, THE",TX,,9/30/2025,XBRL,2026-06-03T03:30:48.174808+00:00,/Users/adityarajiv/Documents/ffiec-cdr/ONLY_TEXAS_SINCE_2025/archive/call/9-30-2025/305059.xbrl,d968533fcfe1067b4f2544bce4479218df353ccd5b73913ec07d18a980db213f,59089
307361,AMERICAN BANK NATIONAL ASSOCIATION,TX,,9/30/2025,XBRL,2026-06-03T03:30:48.174808+00:00,/Users/adityarajiv/Documents/ffiec-cdr/ONLY_TEXAS_SINCE_2025/archive/call/9-30-2025/307361.xbrl,9461bb79d214be41367fe7d51176305ccf857b906b0dd845d165dba3d71abb92,59575
311265,"YOAKUM NATIONAL BANK, THE",TX,,9/30/2025,XBRL,2026-06-03T03:30:48.174808+00:00,/Users/adityarajiv/Documents/ffiec-cdr/ONLY_TEXAS_SINCE_2025/archive/call/9-30-2025/311265.xbrl,d99b774e71fd3d3ee471aec76f86c8f8f0e27b5bb86aa723e5e8f63e7b1aac3a,58603
31255,CENTRAL BANK,TX,,9/30/2025,XBRL,2026-06-03T03:30:48.174808+00:00,/Users/adityarajiv/Documents/ffiec-cdr/ONLY_TEXAS_SINCE_2025/archive/call/9-30-2025/31255.xbrl,25cdea1d66f6cee8fa0589d66a7ea4668185db8d0f736ee2ed9a1a6569d1d863,130815
3134399,PRIMEBANK OF TEXAS,TX,,9/30/2025,XBRL,2026-06-03T03:30:48.174808+00:00,/Users/adityarajiv/Documents/ffiec-cdr/ONLY_TEXAS_SINCE_2025/archive/call/9-30-2025/3134399.xbrl,e42212a399bd9895c94f33eac8a4e6b9dd0822c2f2f8c15b4623cbaf34c5dfd0,58537
3150205,WORTHINGTON BANK,TX,,9/30/2025,XBRL,2026-06-03T03:30:48.174808+00:00,/Users/adityarajiv/Documents/ffiec-cdr/ONLY_TEXAS_SINCE_2025/archive/call/9-30-2025/3150205.xbrl,2982d68a24578bcade7b09bbc3e9bf358743b54dc609c4a674846ceadc66b6f5,59914
3150447,"CHARLES SCHWAB BANK, SSB",TX,,9/30/2025,XBRL,2026-06-03T03:30:48.174808+00:00,/Users/adityarajiv/Documents/ffiec-cdr/ONLY_TEXAS_SINCE_2025/archive/call/9-30-2025/3150447.xbrl,c3d0a62d3bbdbdc3a105ec3050763a8cbf70845fa2db42b754590982ef7f84d6,168408
31657,"FIRST STATE BANK OF BEN WHEELER, TEXAS",TX,,9/30/2025,XBRL,2026-06-03T03:30:48.174808+00:00,/Users/adityarajiv/Documents/ffiec-cdr/ONLY_TEXAS_SINCE_2025/archive/call/9-30-2025/31657.xbrl,21e8e112da9fea16121e2bb86333340011925fc7c0272b980c18601d6b12e01f,57685
3166699,TOLLESON PRIVATE BANK,TX,,9/30/2025,XBRL,2026-06-02T21:42:10.446614+00:00,/Users/adityarajiv/Documents/ffiec-cdr/ONLY_TEXAS_SINCE_2025/archive/call/9-30-2025/3166699.xbrl,ec122f60a72e3ae464ec50a40c21e38c5effd8356810bc266dedd80a6dcd591b,65509
3185896,"TRINITY BANK, NATIONAL ASSOCIATION",TX,,9/30/2025,XBRL,2026-06-03T03:30:48.174808+00:00,/Users/adityarajiv/Documents/ffiec-cdr/ONLY_TEXAS_SINCE_2025/archive/call/9-30-2025/3185896.xbrl,64f0e320733fcd02c1437872fa405e60bd06bd61a3967a75c2f506111b14c408,59747
3221468,VERITEX COMMUNITY BANK,TX,,9/30/2025,XBRL,2026-06-02T21:42:10.446614+00:00,/Users/adityarajiv/Documents/ffiec-cdr/ONLY_TEXAS_SINCE_2025/archive/call/9-30-2025/3221468.xbrl,b278da38fff215fa9bc88112e1ed479957c6b9dffe1e8c4e4402d2a425297ef9,147724
323651,GILMER NATIONAL BANK,TX,,9/30/2025,XBRL,2026-06-03T03:30:48.174808+00:00,/Users/adityarajiv/Documents/ffiec-cdr/ONLY_TEXAS_SINCE_2025/archive/call/9-30-2025/323651.xbrl,3c52f78f8d29188863176c7c4e015ecdb752e766e9a159be8e932b6fbae7f502,59582
324153,FIRST NATIONAL BANK OF GIDDINGS,TX,,9/30/2025,XBRL,2026-06-03T03:30:48.174808+00:00,/Users/adityarajiv/Documents/ffiec-cdr/ONLY_TEXAS_SINCE_2025/archive/call/9-30-2025/324153.xbrl,9df75260cf67a700723aff0fcd09eb5f121b3965344a480923f96ddfd4b2fb34,58554
32766,LAKESIDE BANK,TX,,9/30/2025,XBRL,2026-06-03T03:30:48.174808+00:00,/Users/adityarajiv/Documents/ffiec-cdr/ONLY_TEXAS_SINCE_2025/archive/call/9-30-2025/32766.xbrl,95f53959458eb636d88ba88090ad400d16c82c231a5f420df5fa3daf30a84bef,57621
327855,CIERA BANK,TX,,9/30/2025,XBRL,2026-06-03T03:30:48.174808+00:00,/Users/adityarajiv/Documents/ffiec-cdr/ONLY_TEXAS_SINCE_2025/archive/call/9-30-2025/327855.xbrl,d33a5628c672a02547ca56be57a58e2313ddb2448884ed553430e03c2f46cdb4,59694
328357,"TITAN BANK, N.A.",TX,,9/30/2025,XBRL,2026-06-03T03:30:48.174808+00:00,/Users/adityarajiv/Documents/ffiec-cdr/ONLY_TEXAS_SINCE_2025/archive/call/9-30-2025/328357.xbrl,feaa8558cb77cc5012d7751120c2623acc3b3896116610dee952f589dbe7c259,127870
3284445,"T BANK, NATIONAL ASSOCIATION",TX,,9/30/2025,XBRL,2026-06-02T21:42:10.446614+00:00,/Users/adityarajiv/Documents/ffiec-cdr/ONLY_TEXAS_SINCE_2025/archive/call/9-30-2025/3284445.xbrl,b0e8213af7ee01d354cb6ee3bd4adafb3dc6b37f0ff1aa7d88b34adb69983147,66856
3296859,ONE WORLD BANK,TX,,9/30/2025,XBRL,2026-06-03T03:30:48.174808+00:00,/Users/adityarajiv/Documents/ffiec-cdr/ONLY_TEXAS_SINCE_2025/archive/call/9-30-2025/3296859.xbrl,1baa18ee40cedda1aa8bce051ad2a3ffe4d916f56a65fbdde87025e49bd33e3f,58345
3297490,HARMONY BANK,TX,,9/30/2025,XBRL,2026-06-02T21:42:10.446614+00:00,/Users/adityarajiv/Documents/ffiec-cdr/ONLY_TEXAS_SINCE_2025/archive/call/9-30-2025/3297490.xbrl,3b6cb2f94d9b7eaf2aa4f2e000deced722fdf3d2c95fc334e2118c456da89c6d,60331
329952,"FIRST NATIONAL BANK OF GRANBURY, THE",TX,,9/30/2025,XBRL,2026-06-03T03:30:48.174808+00:00,/Users/adityarajiv/Documents/ffiec-cdr/ONLY_TEXAS_SINCE_2025/archive/call/9-30-2025/329952.xbrl,2a8722dc3e8bd6de95a6834d2d57514a7ae7ad238852971133b02ea11ee1b8c9,87436
333856,GRANDVIEW BANK,TX,,9/30/2025,XBRL,2026-06-03T03:30:48.174808+00:00,/Users/adityarajiv/Documents/ffiec-cdr/ONLY_TEXAS_SINCE_2025/archive/call/9-30-2025/333856.xbrl,f416dc5770e47fcd44bd18c0d2e6dc3345bdbc0083a73b8a26170f6f860b41aa,59503
334264,FIRST COMMUNITY BANK,TX,,9/30/2025,XBRL,2026-06-02T21:42:10.446614+00:00,/Users/adityarajiv/Documents/ffiec-cdr/ONLY_TEXAS_SINCE_2025/archive/call/9-30-2025/334264.xbrl,4a335f71dc6bb364a2e29c6b2184432da3f171d4fc69860a21d083211b26924d,58655
3347911,AUSTIN CAPITAL BANK SSB,TX,,9/30/2025,XBRL,2026-06-03T03:30:48.174808+00:00,/Users/adityarajiv/Documents/ffiec-cdr/ONLY_TEXAS_SINCE_2025/archive/call/9-30-2025/3347911.xbrl,ee268a47ddda3737b9dba77adc156fcdb384f5697ad7cfda5748b08e43042bc7,60085
336361,SANGER BANK,TX,,9/30/2025,XBRL,2026-06-03T03:30:48.174808+00:00,/Users/adityarajiv/Documents/ffiec-cdr/ONLY_TEXAS_SINCE_2025/archive/call/9-30-2025/336361.xbrl,fb580f36d0c859a1b998ad67007495f1fa5f5e629c5c5dd7a9539da6560bf1c1,58566
339072,"COLONIAL SAVINGS, FA",TX,,9/30/2025,XBRL,2026-06-03T03:30:48.174808+00:00,/Users/adityarajiv/Documents/ffiec-cdr/ONLY_TEXAS_SINCE_2025/archive/call/9-30-2025/339072.xbrl,0695893f19159ad390ab539c1b787ef265ab76faf505e761adf80cc2704568f2,130061
339456,FIRST COMMUNITY BANK,TX,,9/30/2025,XBRL,2026-06-03T03:30:48.174808+00:00,/Users/adityarajiv/Documents/ffiec-cdr/ONLY_TEXAS_SINCE_2025/archive/call/9-30-2025/339456.xbrl,74c8ce6c9ee0953a6dfab8e40396ba65c7202b992d496d18f816964c4d8d8636,121629
340751,CLEAR FORK BANK NATIONAL ASSOCIATION,TX,,9/30/2025,XBRL,2026-06-03T03:30:48.174808+00:00,/Users/adityarajiv/Documents/ffiec-cdr/ONLY_TEXAS_SINCE_2025/archive/call/9-30-2025/340751.xbrl,f86dd286b8202954ed464d36990912ebe040773865be2c6875ba7808b906fc73,58966
3447576,AMERICAN MOMENTUM BANK,TX,,9/30/2025,XBRL,2026-06-02T21:42:10.446614+00:00,/Users/adityarajiv/Documents/ffiec-cdr/ONLY_TEXAS_SINCE_2025/archive/call/9-30-2025/3447576.xbrl,b957001eebb9deea3498f0ba563581160a08f098797ccdeefbb81ba4c0473d64,61077
3448162,LONE STAR BANK,TX,,9/30/2025,XBRL,2026-06-03T03:30:48.174808+00:00,/Users/adityarajiv/Documents/ffiec-cdr/ONLY_TEXAS_SINCE_2025/archive/call/9-30-2025/3448162.xbrl,a38d33e5fe0e9aa2ca6e62fee242772189d2e2b9e4677847ecea0eec6d11089d,58349
3463875,AUSTIN COUNTY STATE BANK,TX,,9/30/2025,XBRL,2026-06-02T21:42:10.446614+00:00,/Users/adityarajiv/Documents/ffiec-cdr/ONLY_TEXAS_SINCE_2025/archive/call/9-30-2025/3463875.xbrl,0f8a6dde98ae9c7bead323cacecd67e735ff215b1b3a6c0a8055e1d1d5059239,59554
3465392,PEGASUS BANK,TX,,9/30/2025,XBRL,2026-06-02T21:42:10.446614+00:00,/Users/adityarajiv/Documents/ffiec-cdr/ONLY_TEXAS_SINCE_2025/archive/call/9-30-2025/3465392.xbrl,2063821ebe22dc971ad632e805d92bfcd6f51ff1cfac09dfe516edc27760c6ac,131840
346566,FIRST NATIONAL BANK OF SOUTH PADRE ISLAND,TX,,9/30/2025,XBRL,2026-06-02T21:42:10.446614+00:00,/Users/adityarajiv/Documents/ffiec-cdr/ONLY_TEXAS_SINCE_2025/archive/call/9-30-2025/346566.xbrl,b29e907bb4c3a16c55b3e41cf3a120eb3232fa9037a258049cef67c5c5d7c652,57640
3472046,FRONTIER BANK OF TEXAS,TX,,9/30/2025,XBRL,2026-06-02T21:42:10.446614+00:00,/Users/adityarajiv/Documents/ffiec-cdr/ONLY_TEXAS_SINCE_2025/archive/call/9-30-2025/3472046.xbrl,ae4c821437bea743b5b139434a18963944b4a080f54d80fc5a2a85f1108cb18d,59376
3479018,"COMMUNITY BANK, THE",TX,,9/30/2025,XBRL,2026-06-03T03:30:48.174808+00:00,/Users/adityarajiv/Documents/ffiec-cdr/ONLY_TEXAS_SINCE_2025/archive/call/9-30-2025/3479018.xbrl,8e3c1038021516c5a29dfb3daf2f220b927e446c4f758d145c79d2fac59d37da,59417
3485215,"TEXAS ADVANTAGE COMMUNITY BANK, NATIONAL ASSOCIATION",TX,,9/30/2025,XBRL,2026-06-02T21:42:10.446614+00:00,/Users/adityarajiv/Documents/ffiec-cdr/ONLY_TEXAS_SINCE_2025/archive/call/9-30-2025/3485215.xbrl,ffadbe49b12a099bc189fe29fbe6b56a0ef474c0e93846a1b468ccda944c5544,59232
352651,BOC BANK,TX,,9/30/2025,XBRL,2026-06-03T03:30:48.174808+00:00,/Users/adityarajiv/Documents/ffiec-cdr/ONLY_TEXAS_SINCE_2025/archive/call/9-30-2025/352651.xbrl,9a706c588813b785603ae6cf482135b7ccd2f261c8e7f464b1d879d19339d83c,58756
353555,AMARILLO NATIONAL BANK,TX,,9/30/2025,XBRL,2026-06-03T03:30:48.174808+00:00,/Users/adityarajiv/Documents/ffiec-cdr/ONLY_TEXAS_SINCE_2025/archive/call/9-30-2025/353555.xbrl,8920c499fbdff44253130d93f502e23a5a77acc043fe9b5e520cbff143322114,138484
3548567,TEXAS PARTNERS BANK,TX,,9/30/2025,XBRL,2026-06-02T21:42:10.446614+00:00,/Users/adityarajiv/Documents/ffiec-cdr/ONLY_TEXAS_SINCE_2025/archive/call/9-30-2025/3548567.xbrl,18725937cf534f3b9de25aaeab52b55f6c50bb699ed9035a6d55ce9c1eaa9f06,61066
3579589,STELLAR BANK,TX,,9/30/2025,XBRL,2026-06-03T03:30:48.174808+00:00,/Users/adityarajiv/Documents/ffiec-cdr/ONLY_TEXAS_SINCE_2025/archive/call/9-30-2025/3579589.xbrl,7a4486cf023703b27971a466d0fd0949a692716a0e3f3e3f5d9c1d68ab8ca6bc,146629
361167,SOUTHSIDE BANK,TX,,9/30/2025,XBRL,2026-06-03T03:30:48.174808+00:00,/Users/adityarajiv/Documents/ffiec-cdr/ONLY_TEXAS_SINCE_2025/archive/call/9-30-2025/361167.xbrl,78879fff863af2cdc1f8a97510b52e0c4e9b4152f0b8c1d74c6d9027e42f8836,139900
3619216,TEXAS SECURITY BANK,TX,,9/30/2025,XBRL,2026-06-02T21:42:10.446614+00:00,/Users/adityarajiv/Documents/ffiec-cdr/ONLY_TEXAS_SINCE_2025/archive/call/9-30-2025/3619216.xbrl,dac79c08a906de925bf16866240f024d91ddaa6ee9a86f0ed976c35161687403,60223
362155,"FIRST NATIONAL BANK OF ANDERSON, THE",TX,,9/30/2025,XBRL,2026-06-03T03:30:48.174808+00:00,/Users/adityarajiv/Documents/ffiec-cdr/ONLY_TEXAS_SINCE_2025/archive/call/9-30-2025/362155.xbrl,d7545e9d93236bc9d16f79d9608b6db5a482c02a64a6eb9a48d810d52e523232,57659
362856,"BIG BEND BANKS, N.A. DBA MARFA NATIONAL BANK, THE",TX,,9/30/2025,XBRL,2026-06-03T03:30:48.174808+00:00,/Users/adityarajiv/Documents/ffiec-cdr/ONLY_TEXAS_SINCE_2025/archive/call/9-30-2025/362856.xbrl,15997f996bcac0a6a636893d2a7319a04ca6ea8b66db28e5f8189120b28b3ba3,58023
3630323,THIRD COAST BANK,TX,,9/30/2025,XBRL,2026-06-03T03:30:48.174808+00:00,/Users/adityarajiv/Documents/ffiec-cdr/ONLY_TEXAS_SINCE_2025/archive/call/9-30-2025/3630323.xbrl,7f64d0f64fffb3c8055814c88596cfefb93201345bb0a58f55b7e079d9f08233,61863
3635551,GUADALUPE BANK,TX,,9/30/2025,XBRL,2026-06-03T03:30:48.174808+00:00,/Users/adityarajiv/Documents/ffiec-cdr/ONLY_TEXAS_SINCE_2025/archive/call/9-30-2025/3635551.xbrl,f38e09ec0ece745cb1b178c9f92d1cb56f6a60cace0db9c0b83486607a6f3fc5,59455
366359,"FIRST NATIONAL BANK OF ANSON, THE",TX,,9/30/2025,XBRL,2026-06-03T03:30:48.174808+00:00,/Users/adityarajiv/Documents/ffiec-cdr/ONLY_TEXAS_SINCE_2025/archive/call/9-30-2025/366359.xbrl,fc14a925e803ca4005f942c55e9aec26f2fa6c8916e5a4d72c2e5c34b9a9033e,58993
368054,MASON BANK,TX,,9/30/2025,XBRL,2026-06-03T03:30:48.174808+00:00,/Users/adityarajiv/Documents/ffiec-cdr/ONLY_TEXAS_SINCE_2025/archive/call/9-30-2025/368054.xbrl,2d3670d1d531c8976ca9799c12f85078e499c8b3ef0c7bfdd8dd617bb83a7588,58427
3690121,LIBERTY CAPITAL BANK,TX,,9/30/2025,XBRL,2026-06-02T21:42:10.446614+00:00,/Users/adityarajiv/Documents/ffiec-cdr/ONLY_TEXAS_SINCE_2025/archive/call/9-30-2025/3690121.xbrl,4d10c61b0fd4132145ea584f9667e242ac2ecfe9e31a89871a9f34acd0db2cad,59835
369659,FIRST NATIONAL BANK OF CENTRAL TEXAS,TX,,9/30/2025,XBRL,2026-06-03T03:30:48.174808+00:00,/Users/adityarajiv/Documents/ffiec-cdr/ONLY_TEXAS_SINCE_2025/archive/call/9-30-2025/369659.xbrl,8011f94ef0e677c4ef2789b9a69895e906f8f183f547c3b0996eb7f9fa9b049b,59748
370954,"COWBOY BANK OF TEXAS, THE",TX,,9/30/2025,XBRL,2026-06-03T03:30:48.174808+00:00,/Users/adityarajiv/Documents/ffiec-cdr/ONLY_TEXAS_SINCE_2025/archive/call/9-30-2025/370954.xbrl,1286da435642a8996717e693e4f14605aa40d98b1f62951d5d149feaf05ff759,58266
371362,WELLINGTON STATE BANK,TX,,9/30/2025,XBRL,2026-06-02T21:42:10.446614+00:00,/Users/adityarajiv/Documents/ffiec-cdr/ONLY_TEXAS_SINCE_2025/archive/call/9-30-2025/371362.xbrl,bbe7a44a6b67d8a62b2a696361d0d977c81f1cbfdc3773bac31c26e3f6ced571,59405
373553,FIRST BANK AND TRUST OF MEMPHIS,TX,,9/30/2025,XBRL,2026-06-03T03:30:48.174808+00:00,/Users/adityarajiv/Documents/ffiec-cdr/ONLY_TEXAS_SINCE_2025/archive/call/9-30-2025/373553.xbrl,7df86bcba1e4d2eb828027c50322854cce63dfee3c3df824775b2d60e540d0fe,59032
375566,FIRST NATIONAL BANK,TX,,9/30/2025,XBRL,2026-06-03T03:30:48.174808+00:00,/Users/adityarajiv/Documents/ffiec-cdr/ONLY_TEXAS_SINCE_2025/archive/call/9-30-2025/375566.xbrl,00ade8c00ab72db7186a10873ed2fe34f2f78254b455252a30e249a2ff2dc882,60863
375650,MENARD BANK,TX,,9/30/2025,XBRL,2026-06-03T03:30:48.174808+00:00,/Users/adityarajiv/Documents/ffiec-cdr/ONLY_TEXAS_SINCE_2025/archive/call/9-30-2025/375650.xbrl,e816b61f1e81d96a375ae09289cf210545c1d4854217858edf3a7204eabe73ac,58198
377663,FANNIN BANK,TX,,9/30/2025,XBRL,2026-06-03T03:30:48.174808+00:00,/Users/adityarajiv/Documents/ffiec-cdr/ONLY_TEXAS_SINCE_2025/archive/call/9-30-2025/377663.xbrl,ce060ef05e093366de08cb1b353e363b0574c74c0cc6f719ed94fd37d9bf04cf,115020
379153,"FIRST NATIONAL BANK OF EVANT, THE",TX,,9/30/2025,XBRL,2026-06-02T21:42:10.446614+00:00,/Users/adityarajiv/Documents/ffiec-cdr/ONLY_TEXAS_SINCE_2025/archive/call/9-30-2025/379153.xbrl,2a62ca9b6a69624bee4f5df2787ab991733e46b0512f03e7248b7af485ff2e8c,58153
380458,TEXAS REGIONAL BANK,TX,,9/30/2025,XBRL,2026-06-02T21:42:10.446614+00:00,/Users/adityarajiv/Documents/ffiec-cdr/ONLY_TEXAS_SINCE_2025/archive/call/9-30-2025/380458.xbrl,a679b2c2fde417b952966170cb50875ad199f95e34232c7becf3480f71daf90a,60832
382069,INTERNATIONAL BANK OF COMMERCE,TX,,9/30/2025,XBRL,2026-06-03T03:30:48.174808+00:00,/Users/adityarajiv/Documents/ffiec-cdr/ONLY_TEXAS_SINCE_2025/archive/call/9-30-2025/382069.xbrl,dffd8f5f50fe50169176d36ab5c007014711b22a0b1a00d7bc269a13c3b101e8,127215
3821037,R BANK,TX,,9/30/2025,XBRL,2026-06-03T03:30:48.174808+00:00,/Users/adityarajiv/Documents/ffiec-cdr/ONLY_TEXAS_SINCE_2025/archive/call/9-30-2025/3821037.xbrl,4036b7220c1572d6a0f708b9cc7395ad96c062170ab5c66696c19e1e1b0fa76e,126092
3821626,"MINT NATIONAL BANK, THE",TX,,9/30/2025,XBRL,2026-06-03T03:30:48.174808+00:00,/Users/adityarajiv/Documents/ffiec-cdr/ONLY_TEXAS_SINCE_2025/archive/call/9-30-2025/3821626.xbrl,0875d98413d54f3b66987804dd7d0e796ca546fafa95c11ae6b9504d38183384,59188
384652,"DALLAS CAPITAL BANK, NATIONAL ASSOCIATION",TX,,9/30/2025,XBRL,2026-06-02T21:42:10.446614+00:00,/Users/adityarajiv/Documents/ffiec-cdr/ONLY_TEXAS_SINCE_2025/archive/call/9-30-2025/384652.xbrl,e290abbc4e999745b68410375a915e0ac0d24e64befe9838e5dab7d0e9a405b2,59206
389358,SECURITY STATE BANK,TX,,9/30/2025,XBRL,2026-06-03T03:30:48.174808+00:00,/Users/adityarajiv/Documents/ffiec-cdr/ONLY_TEXAS_SINCE_2025/archive/call/9-30-2025/389358.xbrl,d1690628aef916e711589f5b981f16bf62f566906982d88345a3d8950a2f5059,58343
393252,FIRST TEXAS NATIONAL BANK,TX,,9/30/2025,XBRL,2026-06-03T03:30:48.174808+00:00,/Users/adityarajiv/Documents/ffiec-cdr/ONLY_TEXAS_SINCE_2025/archive/call/9-30-2025/393252.xbrl,a499e707c31fc4ce41af979d1ce5a1b97a7ae63e8e90d6ee5651c10444b9a35a,58571
393953,"HOMETOWN BANK, NATIONAL ASSOCIATION",TX,,9/30/2025,XBRL,2026-06-03T03:30:48.174808+00:00,/Users/adityarajiv/Documents/ffiec-cdr/ONLY_TEXAS_SINCE_2025/archive/call/9-30-2025/393953.xbrl,810eef114d0f577530c780acc2b4056baf1c26e1ebcb6ca7d6f7c66bc0a9763d,59288
396954,"PECOS COUNTY STATE BANK, THE",TX,,9/30/2025,XBRL,2026-06-03T03:30:48.174808+00:00,/Users/adityarajiv/Documents/ffiec-cdr/ONLY_TEXAS_SINCE_2025/archive/call/9-30-2025/396954.xbrl,e37b141196eb618aeb264ea5788b6f57425a97303b4aae3499b81505b6680a69,58708
397456,FIRST NATIONAL BANK OF FORT STOCKTON,TX,,9/30/2025,XBRL,2026-06-03T03:30:48.174808+00:00,/Users/adityarajiv/Documents/ffiec-cdr/ONLY_TEXAS_SINCE_2025/archive/call/9-30-2025/397456.xbrl,5a623887c6d900f431dd6e4e100d5ffa826bbad6e1112731385f008a8225aa4f,82872
400365,"FIRST COMMERCIAL BANK, NATIONAL ASSOCIATION",TX,,9/30/2025,XBRL,2026-06-03T03:30:48.174808+00:00,/Users/adityarajiv/Documents/ffiec-cdr/ONLY_TEXAS_SINCE_2025/archive/call/9-30-2025/400365.xbrl,9316bdb3446ec04334f1706c00d1521a9d53c374caf788894e876e13eba8f815,59654
404653,DOMINION BANK,TX,,9/30/2025,XBRL,2026-06-02T21:42:10.446614+00:00,/Users/adityarajiv/Documents/ffiec-cdr/ONLY_TEXAS_SINCE_2025/archive/call/9-30-2025/404653.xbrl,b2655c6295a18d8be542ebd42e625abf23ec6af27357df1ddc023917825f9359,59155
406059,NBT FINANCIAL BANK,TX,,9/30/2025,XBRL,2026-06-03T03:30:48.174808+00:00,/Users/adityarajiv/Documents/ffiec-cdr/ONLY_TEXAS_SINCE_2025/archive/call/9-30-2025/406059.xbrl,1b12d752ff1f4b9458d249cf386b77c63011dc8fb7cac6e28155f54289d7f1ed,59687
406666,WEST TEXAS STATE BANK,TX,,9/30/2025,XBRL,2026-06-03T03:30:48.174808+00:00,/Users/adityarajiv/Documents/ffiec-cdr/ONLY_TEXAS_SINCE_2025/archive/call/9-30-2025/406666.xbrl,d1955ba65d6a744f45691472e1d62843402d4aba66d87a2b4e111b6e54e9bcc2,58005
407168,FIRST STATE BANK,TX,,9/30/2025,XBRL,2026-06-03T03:30:48.174808+00:00,/Users/adityarajiv/Documents/ffiec-cdr/ONLY_TEXAS_SINCE_2025/archive/call/9-30-2025/407168.xbrl,2d07f3e63fcc8631eaf8b5b0d0f17a6686b3cb59158788e2e5be032eb4251b66,58776
409265,SPUR SECURITY BANK,TX,,9/30/2025,XBRL,2026-06-03T03:30:48.174808+00:00,/Users/adityarajiv/Documents/ffiec-cdr/ONLY_TEXAS_SINCE_2025/archive/call/9-30-2025/409265.xbrl,31a56bbf41e5bb6583f023bf8c2db9d4e7ce8d11e3ed6dba93fee5f21149ef00,58318
410560,FIRST STATE BANK,TX,,9/30/2025,XBRL,2026-06-03T03:30:48.174808+00:00,/Users/adityarajiv/Documents/ffiec-cdr/ONLY_TEXAS_SINCE_2025/archive/call/9-30-2025/410560.xbrl,e3d35d4c61d0652dcc479430f9a36dd030e9b6f8e74a7ab1561b760e9feebc83,59022
411062,"FIRST NATIONAL BANK OF STERLING CITY, THE",TX,,9/30/2025,XBRL,2026-06-03T03:30:48.174808+00:00,/Users/adityarajiv/Documents/ffiec-cdr/ONLY_TEXAS_SINCE_2025/archive/call/9-30-2025/411062.xbrl,1dfcadf69c196bfa8181dd107d828d262578b4762532771cb213624a3556b1fe,58965
412667,SUNDOWN STATE BANK,TX,,9/30/2025,XBRL,2026-06-03T03:30:48.174808+00:00,/Users/adityarajiv/Documents/ffiec-cdr/ONLY_TEXAS_SINCE_2025/archive/call/9-30-2025/412667.xbrl,d088a093d3d9befe22554e0497f535e2cfd9984eb419385a40092b3c3707abb2,59043
412751,WOODFOREST NATIONAL BANK,TX,,9/30/2025,XBRL,2026-06-03T03:30:48.174808+00:00,/Users/adityarajiv/Documents/ffiec-cdr/ONLY_TEXAS_SINCE_2025/archive/call/9-30-2025/412751.xbrl,b69cb39f24dad6fe6f1da339bd7672aa20b17b6d64177efb8896a78654b39589,133097
414764,TEXAS BANK,TX,,9/30/2025,XBRL,2026-06-03T03:30:48.174808+00:00,/Users/adityarajiv/Documents/ffiec-cdr/ONLY_TEXAS_SINCE_2025/archive/call/9-30-2025/414764.xbrl,9984ee35daf247a62ec9986f7e71f4b971b4502f77c8de6e893e9a8cbac32872,59045
414858,"INCOMMONS BANK, NATIONAL ASSOCIATION",TX,,9/30/2025,XBRL,2026-06-03T03:30:48.174808+00:00,/Users/adityarajiv/Documents/ffiec-cdr/ONLY_TEXAS_SINCE_2025/archive/call/9-30-2025/414858.xbrl,abc6d9bc2d0c61d3823fd5232aec642e56c578298577ecfe46863fc56fad3476,59431
42354,"COMMERCIAL NATIONAL BANK OF BRADY, THE",TX,,9/30/2025,XBRL,2026-06-03T03:30:48.174808+00:00,/Users/adityarajiv/Documents/ffiec-cdr/ONLY_TEXAS_SINCE_2025/archive/call/9-30-2025/42354.xbrl,ca9ee0eaa06111e48a389b9abef6727d23416c72039798db54cd7a1bb1d0b764,58847
424352,ANAHUAC NATIONAL BANK,TX,,9/30/2025,XBRL,2026-06-02T21:42:10.446614+00:00,/Users/adityarajiv/Documents/ffiec-cdr/ONLY_TEXAS_SINCE_2025/archive/call/9-30-2025/424352.xbrl,b379bef8f0a2b5e5b065a451b639e6e8bf7a014aab2139ea7e7bf221ac2c2bc7,59294
426057,SPECTRA BANK,TX,,9/30/2025,XBRL,2026-06-03T03:30:48.174808+00:00,/Users/adityarajiv/Documents/ffiec-cdr/ONLY_TEXAS_SINCE_2025/archive/call/9-30-2025/426057.xbrl,20e58db11185cf7517dfd0419a11f0d73f03cc62150fccb64a36674922d887d2,57600
428060,CENTRAL NATIONAL BANK,TX,,9/30/2025,XBRL,2026-06-03T03:30:48.174808+00:00,/Users/adityarajiv/Documents/ffiec-cdr/ONLY_TEXAS_SINCE_2025/archive/call/9-30-2025/428060.xbrl,0f555e795941ff275da76037dbf795208eba704eed7eb64734edec1753e60b30,60116
432058,FREEDOM BANK,TX,,9/30/2025,XBRL,2026-06-03T03:30:48.174808+00:00,/Users/adityarajiv/Documents/ffiec-cdr/ONLY_TEXAS_SINCE_2025/archive/call/9-30-2025/432058.xbrl,be3362c3d1172f8dd1c5d2d3fc6d33ef1f169327924f645bc812bb715af510f5,57679
435059,ENNIS STATE BANK,TX,,9/30/2025,XBRL,2026-06-03T03:30:48.174808+00:00,/Users/adityarajiv/Documents/ffiec-cdr/ONLY_TEXAS_SINCE_2025/archive/call/9-30-2025/435059.xbrl,ff639d8ab360a5f644c429ef1c0ec6190d856db81d5ad0636f1403223d94f015,59428
435666,SECURITY BANK OF TEXAS,TX,,9/30/2025,XBRL,2026-06-03T03:30:48.174808+00:00,/Users/adityarajiv/Documents/ffiec-cdr/ONLY_TEXAS_SINCE_2025/archive/call/9-30-2025/435666.xbrl,360bfab5f1fe1947424c5fa4fae72fdf960505fb56a37e512da97bed335bd6a7,57716
435750,FIRST STATE BANK,TX,,9/30/2025,XBRL,2026-06-02T21:42:10.446614+00:00,/Users/adityarajiv/Documents/ffiec-cdr/ONLY_TEXAS_SINCE_2025/archive/call/9-30-2025/435750.xbrl,f5b06b70f70552657586706c7c625885ca012591150fd3171bd9fc535fa0b060,132312
43959,BRIDGE CITY STATE BANK,TX,,9/30/2025,XBRL,2026-06-03T03:30:48.174808+00:00,/Users/adityarajiv/Documents/ffiec-cdr/ONLY_TEXAS_SINCE_2025/archive/call/9-30-2025/43959.xbrl,d930b40ae10d69a4869284277d9d04a646665d6b597cdf6b6ebc55c30349ccaa,58261
441050,"FALLS CITY NATIONAL BANK, THE",TX,,9/30/2025,XBRL,2026-06-03T03:30:48.174808+00:00,/Users/adityarajiv/Documents/ffiec-cdr/ONLY_TEXAS_SINCE_2025/archive/call/9-30-2025/441050.xbrl,36992840a79f2e3e17fc6165f0234daff0823c31fceeab402a02acbf99d1ab56,58542
442655,"FIRST NATIONAL BANK IN FALFURRIAS, THE",TX,,9/30/2025,XBRL,2026-06-02T21:42:10.446614+00:00,/Users/adityarajiv/Documents/ffiec-cdr/ONLY_TEXAS_SINCE_2025/archive/call/9-30-2025/442655.xbrl,0a4a2486a86db1ef01de392f52ca8847b3c839d0471bd65438a49343e8624b31,57783
444350,FIRST TEXAS BANK,TX,,9/30/2025,XBRL,2026-06-03T03:30:48.174808+00:00,/Users/adityarajiv/Documents/ffiec-cdr/ONLY_TEXAS_SINCE_2025/archive/call/9-30-2025/444350.xbrl,6d8e5ec23f1163ac8bc82677fc5f8dedb34dfa259dc1b34e37a8e2787c6e1791,59358
445955,"FIRST NATIONAL BANK OF EAST TEXAS, THE",TX,,9/30/2025,XBRL,2026-06-03T03:30:48.174808+00:00,/Users/adityarajiv/Documents/ffiec-cdr/ONLY_TEXAS_SINCE_2025/archive/call/9-30-2025/445955.xbrl,ce2e0d3235af4e2b4439feea8bde716816f7f920f102ded3e241183c44091c54,58847
448554,SAGE CAPITAL BANK,TX,,9/30/2025,XBRL,2026-06-03T03:30:48.174808+00:00,/Users/adityarajiv/Documents/ffiec-cdr/ONLY_TEXAS_SINCE_2025/archive/call/9-30-2025/448554.xbrl,03e57280b183704cee85c75aa549a0ad85c045a09045f0665b9d4f4419d2e38f,59645
455459,MAVERICK BANK,TX,,9/30/2025,XBRL,2026-06-03T03:30:48.174808+00:00,/Users/adityarajiv/Documents/ffiec-cdr/ONLY_TEXAS_SINCE_2025/archive/call/9-30-2025/455459.xbrl,346db653e056598167e2b9f1fcee8d853e628712e6392080b732a704f40b3196,58581
45560,JEFFERSON BANK,TX,,9/30/2025,XBRL,2026-06-02T21:42:10.446614+00:00,/Users/adityarajiv/Documents/ffiec-cdr/ONLY_TEXAS_SINCE_2025/archive/call/9-30-2025/45560.xbrl,a696a2203284f1b0f2ba09c988f40a035d34b737354cbf316926017385261c23,136673
457060,SPRING HILL STATE BANK,TX,,9/30/2025,XBRL,2026-06-03T03:30:48.174808+00:00,/Users/adityarajiv/Documents/ffiec-cdr/ONLY_TEXAS_SINCE_2025/archive/call/9-30-2025/457060.xbrl,19478836fbe1897bba3752c9a76efbcc4cb65b6fd023e6e16bc7da157b2d8128,58843
458665,"FIRST NATIONAL BANK OF STANTON, THE",TX,,9/30/2025,XBRL,2026-06-03T03:30:48.174808+00:00,/Users/adityarajiv/Documents/ffiec-cdr/ONLY_TEXAS_SINCE_2025/archive/call/9-30-2025/458665.xbrl,3893d1b5cfb73de0feb42d5dc3e042f4df67d01e26077929077d34466bf967ce,59322
460556,"STATE NATIONAL BANK OF GROOM, THE",TX,,9/30/2025,XBRL,2026-06-02T21:42:10.446614+00:00,/Users/adityarajiv/Documents/ffiec-cdr/ONLY_TEXAS_SINCE_2025/archive/call/9-30-2025/460556.xbrl,4882a50d075e55b8f3b356fd4bb29c3f21193dde6e9e4837763b17704ce9c247,59326
461058,FARMERS STATE BANK,TX,,9/30/2025,XBRL,2026-06-03T03:30:48.174808+00:00,/Users/adityarajiv/Documents/ffiec-cdr/ONLY_TEXAS_SINCE_2025/archive/call/9-30-2025/461058.xbrl,7bd3f4afc3580a3163d5e9a8aa8009c4b2efaf086e38fc1e398040e7b083045d,58493
470050,FIRST FINANCIAL BANK,TX,,9/30/2025,XBRL,2026-06-03T03:30:48.174808+00:00,/Users/adityarajiv/Documents/ffiec-cdr/ONLY_TEXAS_SINCE_2025/archive/call/9-30-2025/470050.xbrl,e8890887807aa848d35860be022164a922308d55137e902d7bbaddec4ed59a2f,145079
473266,TEXAS FIRST BANK,TX,,9/30/2025,XBRL,2026-06-03T03:30:48.174808+00:00,/Users/adityarajiv/Documents/ffiec-cdr/ONLY_TEXAS_SINCE_2025/archive/call/9-30-2025/473266.xbrl,725031300d6856bd73283ed0b5ab245c4a27776f1958c6873c97b8456f1d8711,60002
474254,BROADWAY NATIONAL BANK,TX,,9/30/2025,XBRL,2026-06-02T21:42:10.446614+00:00,/Users/adityarajiv/Documents/ffiec-cdr/ONLY_TEXAS_SINCE_2025/archive/call/9-30-2025/474254.xbrl,85af9713cb39ab6ce3bdb00a67637f99c1d209a153d991bb253a37f24f71bfbf,138585
474759,"SUNFLOWER BANK, NATIONAL ASSOCIATION",TX,,9/30/2025,XBRL,2026-06-02T21:42:10.446614+00:00,/Users/adityarajiv/Documents/ffiec-cdr/ONLY_TEXAS_SINCE_2025/archive/call/9-30-2025/474759.xbrl,d52a66d276d5543f4a953795810196d0bd5bd75cfbb1e65d76fc2f644e2062d3,140714
479567,"FIRST NATIONAL BANK OF TRINITY, THE",TX,,9/30/2025,XBRL,2026-06-03T03:30:48.174808+00:00,/Users/adityarajiv/Documents/ffiec-cdr/ONLY_TEXAS_SINCE_2025/archive/call/9-30-2025/479567.xbrl,96ad18d29c0d010056fdaa532d12d2da33fc585876e502bddd7f497867416dfe,57472
484057,MARION STATE BANK,TX,,9/30/2025,XBRL,2026-06-03T03:30:48.174808+00:00,/Users/adityarajiv/Documents/ffiec-cdr/ONLY_TEXAS_SINCE_2025/archive/call/9-30-2025/484057.xbrl,f0cd41d39fc192db63a15f18c8809b998795c3397107609b6dbd6dfed6965627,58317
488653,"NATIONAL BANK OF ANDREWS, THE",TX,,9/30/2025,XBRL,2026-06-02T21:42:10.446614+00:00,/Users/adityarajiv/Documents/ffiec-cdr/ONLY_TEXAS_SINCE_2025/archive/call/9-30-2025/488653.xbrl,bdde526e181ffe43ec364a056c280ff6ea6f1ad60130354988e6ebdd4e9f7da3,58680
489155,CITIZENS STATE BANK,TX,,9/30/2025,XBRL,2026-06-03T03:30:48.174808+00:00,/Users/adityarajiv/Documents/ffiec-cdr/ONLY_TEXAS_SINCE_2025/archive/call/9-30-2025/489155.xbrl,df34e6f9f0d75a2332d4fbee307c87190b2925810de9886bdcf77a1945bc27bc,57611
490450,NORTH DALLAS BANK & TRUST CO.,TX,,9/30/2025,XBRL,2026-06-02T21:42:10.446614+00:00,/Users/adityarajiv/Documents/ffiec-cdr/ONLY_TEXAS_SINCE_2025/archive/call/9-30-2025/490450.xbrl,0b2de4b92c9c335a3dcab562855bdaaee71a6f2e5a784639d5aa5537ed56672f,59230
491653,"COMMERCIAL BANK, THE",TX,,9/30/2025,XBRL,2026-06-03T03:30:48.174808+00:00,/Users/adityarajiv/Documents/ffiec-cdr/ONLY_TEXAS_SINCE_2025/archive/call/9-30-2025/491653.xbrl,6fe5a04e1b10c753281dd7772645d8e3945c591192a6d41fe4acbaacbcb345c0,57703
494654,"AMERICAN BANK, NATIONAL ASSOCIATION",TX,,9/30/2025,XBRL,2026-06-02T21:42:10.446614+00:00,/Users/adityarajiv/Documents/ffiec-cdr/ONLY_TEXAS_SINCE_2025/archive/call/9-30-2025/494654.xbrl,75a8baf2d0ccc4b7977c8e6d7664cd39a73060b5ba38b847e59a10bcd865ccea,58501
497954,TEXAS NATIONAL BANK,TX,,9/30/2025,XBRL,2026-06-03T03:30:48.174808+00:00,/Users/adityarajiv/Documents/ffiec-cdr/ONLY_TEXAS_SINCE_2025/archive/call/9-30-2025/497954.xbrl,e563f4b564ad51e6f2ed1799c3bb11d2457d53cbbc58f8ef0ab34e394b2c91c8,59717
498362,AMERICAN NATIONAL BANK & TRUST,TX,,9/30/2025,XBRL,2026-06-03T03:30:48.174808+00:00,/Users/adityarajiv/Documents/ffiec-cdr/ONLY_TEXAS_SINCE_2025/archive/call/9-30-2025/498362.xbrl,d535de8c7939883cd6d7141730cdc7554d452da62f80097dc351d88b6cc8834d,139445
498456,AVANA BANK,TX,,9/30/2025,XBRL,2026-06-03T03:30:48.174808+00:00,/Users/adityarajiv/Documents/ffiec-cdr/ONLY_TEXAS_SINCE_2025/archive/call/9-30-2025/498456.xbrl,2e46d8117b222418400ceb480475445bd2dc4d3795ef3ace42792cacf6f9bd91,57462
49858,BANK OF SOUTH TEXAS,TX,,9/30/2025,XBRL,2026-06-03T03:30:48.174808+00:00,/Users/adityarajiv/Documents/ffiec-cdr/ONLY_TEXAS_SINCE_2025/archive/call/9-30-2025/49858.xbrl,9f540e7adff7c44ea8a5845a45164098b57d81c6078a565f4124bd5346d59f7b,57384
500256,"FIRST NATIONAL BANK OF MERTZON, THE",TX,,9/30/2025,XBRL,2026-06-03T03:30:48.174808+00:00,/Users/adityarajiv/Documents/ffiec-cdr/ONLY_TEXAS_SINCE_2025/archive/call/9-30-2025/500256.xbrl,6c957fca2bfc9abc0ccba164afc2fa287a2076d7ab119b36ce60170a4a819ed1,119396
500658,PAVILLION BANK,TX,,9/30/2025,XBRL,2026-06-02T21:42:10.446614+00:00,/Users/adityarajiv/Documents/ffiec-cdr/ONLY_TEXAS_SINCE_2025/archive/call/9-30-2025/500658.xbrl,aefba8500302498f2d081c2b9b72e6dd5febde6fea3eb002a52c5c32b40b524f,58348
501767,"FIRST NATIONAL BANK OF WINNSBORO, THE",TX,,9/30/2025,XBRL,2026-06-03T03:30:48.174808+00:00,/Users/adityarajiv/Documents/ffiec-cdr/ONLY_TEXAS_SINCE_2025/archive/call/9-30-2025/501767.xbrl,1d08c41d5b4184f9b0197cd94d11e28b41ea88eaa2c717917d3dd3f5a797750a,58040
514655,"TEXAS GULF BANK, NATIONAL ASSOCIATION",TX,,9/30/2025,XBRL,2026-06-03T03:30:48.174808+00:00,/Users/adityarajiv/Documents/ffiec-cdr/ONLY_TEXAS_SINCE_2025/archive/call/9-30-2025/514655.xbrl,fd78c3afc5cc75bcc970fb87e680208bedb2fb2e06b9075776a771b4376f85c6,64246
518877,GREATER STATE BANK,TX,,9/30/2025,XBRL,2026-06-03T03:30:48.174808+00:00,/Users/adityarajiv/Documents/ffiec-cdr/ONLY_TEXAS_SINCE_2025/archive/call/9-30-2025/518877.xbrl,fd13719873c5ec907822c453bdd845f3f47be60024b9d986d056b4bcc0308655,58453
521158,"SOUTHTRUST BANK, N.A.",TX,,9/30/2025,XBRL,2026-06-03T03:30:48.174808+00:00,/Users/adityarajiv/Documents/ffiec-cdr/ONLY_TEXAS_SINCE_2025/archive/call/9-30-2025/521158.xbrl,ec5a6cca77045eafed79d1d117f5bb20399ff36e1e3f0ae7fb25fbf543206149,60235
522669,HOMEBANK TEXAS,TX,,9/30/2025,XBRL,2026-06-02T21:42:10.446614+00:00,/Users/adityarajiv/Documents/ffiec-cdr/ONLY_TEXAS_SINCE_2025/archive/call/9-30-2025/522669.xbrl,1feda77355baab08731fd0d07bbf5ec6f9421802bd0c6a4be0f02b84f89a176a,59541
522753,MCBANK,TX,,9/30/2025,XBRL,2026-06-03T03:30:48.174808+00:00,/Users/adityarajiv/Documents/ffiec-cdr/ONLY_TEXAS_SINCE_2025/archive/call/9-30-2025/522753.xbrl,dc7fde12f49625a3aa439b8c454f2f4a9f23934aa648e940eecbf1b956b253ae,59430
523161,CITIZENS STATE BANK,TX,,9/30/2025,XBRL,2026-06-02T21:42:10.446614+00:00,/Users/adityarajiv/Documents/ffiec-cdr/ONLY_TEXAS_SINCE_2025/archive/call/9-30-2025/523161.xbrl,6bcb826638de2235f675b0ad6a86feb26081614e2ca89fbe4a92bc436420c304,58276
524766,FIRST STATE BANK,TX,,9/30/2025,XBRL,2026-06-03T03:30:48.174808+00:00,/Users/adityarajiv/Documents/ffiec-cdr/ONLY_TEXAS_SINCE_2025/archive/call/9-30-2025/524766.xbrl,32eb3ff52e1e284ae5aa1c9b25ed2c0fcad106792b88a99966ecee43e4d6c125,81978
5278251,CHARLES SCHWAB TRUST BANK,TX,,9/30/2025,XBRL,2026-06-03T03:30:48.174808+00:00,/Users/adityarajiv/Documents/ffiec-cdr/ONLY_TEXAS_SINCE_2025/archive/call/9-30-2025/5278251.xbrl,f5d0fa926d6a139641af087ef53e653b5cde436d8e52bceb8ea39bae2b3b9c23,160581
528960,TEXAS COMMUNITY BANK,TX,,9/30/2025,XBRL,2026-06-03T03:30:48.174808+00:00,/Users/adityarajiv/Documents/ffiec-cdr/ONLY_TEXAS_SINCE_2025/archive/call/9-30-2025/528960.xbrl,e005e9c313d1f29a5a9e522493b6ee45d5cb4446a03d5eca04db01c4a7807387,131698
529958,"TIB, NATIONAL ASSOCIATION",TX,,9/30/2025,XBRL,2026-06-02T21:42:10.446614+00:00,/Users/adityarajiv/Documents/ffiec-cdr/ONLY_TEXAS_SINCE_2025/archive/call/9-30-2025/529958.xbrl,cc3d92524a06ae7b12da4935c0f3c199bc47c9d31a948f6f13538e1b852fedd2,131199
53051,"BUCKHOLTS STATE BANK, THE",TX,,9/30/2025,XBRL,2026-06-03T03:30:48.174808+00:00,/Users/adityarajiv/Documents/ffiec-cdr/ONLY_TEXAS_SINCE_2025/archive/call/9-30-2025/53051.xbrl,5d1808c0ccd2bb96017a28f54b1c0182f9cfb9a4ae98bb9b6f917dc670bf8d31,57708
530851,PEOPLES STATE BANK OF HALLETTSVILLE,TX,,9/30/2025,XBRL,2026-06-03T03:30:48.174808+00:00,/Users/adityarajiv/Documents/ffiec-cdr/ONLY_TEXAS_SINCE_2025/archive/call/9-30-2025/530851.xbrl,a113db9c88a38540d75edc97e92220b06a3442b7421859040ead815a928a8c31,58705
536059,"GOLDEN BANK, NATIONAL ASSOCIATION",TX,,9/30/2025,XBRL,2026-06-03T03:30:48.174808+00:00,/Users/adityarajiv/Documents/ffiec-cdr/ONLY_TEXAS_SINCE_2025/archive/call/9-30-2025/536059.xbrl,a4cff1a3f945566a440737079bcd022b18d0fe3432c7f07292aea290e11983ca,132838
537560,"EXTRACO BANKS, NATIONAL ASSOCIATION",TX,,9/30/2025,XBRL,2026-06-02T21:42:10.446614+00:00,/Users/adityarajiv/Documents/ffiec-cdr/ONLY_TEXAS_SINCE_2025/archive/call/9-30-2025/537560.xbrl,83a319d1bef821e7d9ba9c09b8330f127d8c65d23a0723e9e8e7b99421334f67,137776
5382514,GULF CAPITAL BANK,TX,,9/30/2025,XBRL,2026-06-03T03:30:48.174808+00:00,/Users/adityarajiv/Documents/ffiec-cdr/ONLY_TEXAS_SINCE_2025/archive/call/9-30-2025/5382514.xbrl,02e6a81f2c95445f5f2d8241612ca3ec5caa61e00cb4b08aac829f1bb1a6dc9f,59985
539872,"TRUSTTEXAS BANK, S.S.B.",TX,,9/30/2025,XBRL,2026-06-03T03:30:48.174808+00:00,/Users/adityarajiv/Documents/ffiec-cdr/ONLY_TEXAS_SINCE_2025/archive/call/9-30-2025/539872.xbrl,b52ad9bd5f0ff77dc9c6c09dc56fa831f2fb3a74b3742a939bc277972715cb1a,59486
548267,"WAGGONER NATIONAL BANK OF VERNON, THE",TX,,9/30/2025,XBRL,2026-06-03T03:30:48.174808+00:00,/Users/adityarajiv/Documents/ffiec-cdr/ONLY_TEXAS_SINCE_2025/archive/call/9-30-2025/548267.xbrl,375a6413755188cd0c6cdcff564a7ae75ddde5722aeb53c7476b7aeb1705e18c,58508
548351,"AUSTIN BANK, TEXAS NATIONAL ASSOCIATION",TX,,9/30/2025,XBRL,2026-06-02T21:42:10.446614+00:00,/Users/adityarajiv/Documents/ffiec-cdr/ONLY_TEXAS_SINCE_2025/archive/call/9-30-2025/548351.xbrl,a5fb4d085cdc7a998248b87ac4aaf2b05d3dc4face7c340da1f7545aa9916be7,97694
549862,"COMMUNITY BANK & TRUST, WACO, TEXAS",TX,,9/30/2025,XBRL,2026-06-03T03:30:48.174808+00:00,/Users/adityarajiv/Documents/ffiec-cdr/ONLY_TEXAS_SINCE_2025/archive/call/9-30-2025/549862.xbrl,439867df98b4c8127ad874bac3eeb5502b75b31ccadfcf5db500937cd1d10374,125594
552161,CITIZENS NATIONAL BANK OF TEXAS,TX,,9/30/2025,XBRL,2026-06-03T03:30:48.174808+00:00,/Users/adityarajiv/Documents/ffiec-cdr/ONLY_TEXAS_SINCE_2025/archive/call/9-30-2025/552161.xbrl,491dca2a5c1597dbb6c90d684e063ac89d8aa894bb4c0f2f1581155f31711344,60217
552974,"SHELBY SAVINGS BANK, SSB",TX,,9/30/2025,XBRL,2026-06-03T03:30:48.174808+00:00,/Users/adityarajiv/Documents/ffiec-cdr/ONLY_TEXAS_SINCE_2025/archive/call/9-30-2025/552974.xbrl,ffba25289dc00aa5df2b9ac022ed3162d31a2cb9033aedb5dbbf54e35ee4ffdc,120660
555256,FARMERS AND MERCHANTS BANK,TX,,9/30/2025,XBRL,2026-06-02T21:42:10.446614+00:00,/Users/adityarajiv/Documents/ffiec-cdr/ONLY_TEXAS_SINCE_2025/archive/call/9-30-2025/555256.xbrl,2015af0411193310eeadf4811f42006a306964a446d1cd6281ef0423a1482897,57853
556459,"KLEBERG BANK, N.A.",TX,,9/30/2025,XBRL,2026-06-03T03:30:48.174808+00:00,/Users/adityarajiv/Documents/ffiec-cdr/ONLY_TEXAS_SINCE_2025/archive/call/9-30-2025/556459.xbrl,110a5a79f86bb830b744afdcd7d01d9cad8931b3d73d7b50c15d67d81a90c1f1,59685
560353,FIRST NATIONAL BANK OF LAKE JACKSON,TX,,9/30/2025,XBRL,2026-06-02T21:42:10.446614+00:00,/Users/adityarajiv/Documents/ffiec-cdr/ONLY_TEXAS_SINCE_2025/archive/call/9-30-2025/560353.xbrl,e99886f601f4c22b980d6c509566949644662375d30214579e9ed38382a56c2b,58334
561864,SOUTHWEST BANK,TX,,9/30/2025,XBRL,2026-06-03T03:30:48.174808+00:00,/Users/adityarajiv/Documents/ffiec-cdr/ONLY_TEXAS_SINCE_2025/archive/call/9-30-2025/561864.xbrl,aaecff853bef7f7500f3ceb7ad5a9f3a08572b0abf8188a51498af201d271e91,58703
56351,"VERABANK, NATIONAL ASSOCIATION",TX,,9/30/2025,XBRL,2026-06-03T03:30:48.174808+00:00,/Users/adityarajiv/Documents/ffiec-cdr/ONLY_TEXAS_SINCE_2025/archive/call/9-30-2025/56351.xbrl,a054de540394426015153030913cad984bdb235e23549c9b8a86ca21ee3d2a66,136525
564463,CROSSROADS BANK,TX,,9/30/2025,XBRL,2026-06-03T03:30:48.174808+00:00,/Users/adityarajiv/Documents/ffiec-cdr/ONLY_TEXAS_SINCE_2025/archive/call/9-30-2025/564463.xbrl,a6fa33720ea64f75d12792654c477e748d3f6cdab6f9a32a59d2e711022dfe16,58769
564557,FALCON INTERNATIONAL BANK,TX,,9/30/2025,XBRL,2026-06-03T03:30:48.174808+00:00,/Users/adityarajiv/Documents/ffiec-cdr/ONLY_TEXAS_SINCE_2025/archive/call/9-30-2025/564557.xbrl,436ebe3b56b73ae17de897c0e56b04eb5667a62593390bb402c6b32de2d1a47a,146291
570558,ARROWHEAD BANK,TX,,9/30/2025,XBRL,2026-06-03T03:30:48.174808+00:00,/Users/adityarajiv/Documents/ffiec-cdr/ONLY_TEXAS_SINCE_2025/archive/call/9-30-2025/570558.xbrl,dd44e9dbe9395cb72b49159c84221b63f8c43f5e25457a6f24a2bf5a19efe577,59115
572655,COMMUNITY BANK,TX,,9/30/2025,XBRL,2026-06-03T03:30:48.174808+00:00,/Users/adityarajiv/Documents/ffiec-cdr/ONLY_TEXAS_SINCE_2025/archive/call/9-30-2025/572655.xbrl,d1e3f73b6c1c94088153625746328ca73bb5f9fed498031bf6cc1c6a9c7ab291,80791
5728916,"AGILITY BANK, N.A.",TX,,9/30/2025,XBRL,2026-06-03T03:30:48.174808+00:00,/Users/adityarajiv/Documents/ffiec-cdr/ONLY_TEXAS_SINCE_2025/archive/call/9-30-2025/5728916.xbrl,d1b23819392e9e6f23bf13c748a61823d6c1805281f2e8405e8d8bdb216506df,58264
575254,CITY BANK,TX,,9/30/2025,XBRL,2026-06-03T03:30:48.174808+00:00,/Users/adityarajiv/Documents/ffiec-cdr/ONLY_TEXAS_SINCE_2025/archive/call/9-30-2025/575254.xbrl,fb744840a5e359e340ce69f850e92b81037f9a4d3e414231f32ce170d4d483c3,138606
5760439,TEXAS TRADITIONS BANK,TX,,9/30/2025,XBRL,2026-06-03T03:30:48.174808+00:00,/Users/adityarajiv/Documents/ffiec-cdr/ONLY_TEXAS_SINCE_2025/archive/call/9-30-2025/5760439.xbrl,312583496055beea174f99c640a39f40f31997bbc59b981fac05b95a3d5559ce,58507
578255,FIRST UNITED BANK,TX,,9/30/2025,XBRL,2026-06-02T21:42:10.446614+00:00,/Users/adityarajiv/Documents/ffiec-cdr/ONLY_TEXAS_SINCE_2025/archive/call/9-30-2025/578255.xbrl,1bd0d6affe836757a3607f85d36352d647d87bd8d93bb380c7f2ec33fac5adaa,61198
578862,FIRST STATE BANK OF SAN DIEGO,TX,,9/30/2025,XBRL,2026-06-03T03:30:48.174808+00:00,/Users/adityarajiv/Documents/ffiec-cdr/ONLY_TEXAS_SINCE_2025/archive/call/9-30-2025/578862.xbrl,984e01285d5c632c78238f27ac40cfde4545c07a65aa357bafcb3b2aa60a85cf,116259
579364,TEXAS CHAMPION BANK,TX,,9/30/2025,XBRL,2026-06-03T03:30:48.174808+00:00,/Users/adityarajiv/Documents/ffiec-cdr/ONLY_TEXAS_SINCE_2025/archive/call/9-30-2025/579364.xbrl,f4aee04131e7b3a0ba8be9eab77d1aae61a4aae3039b9958d2047d298abcf9c0,58759
583268,SCHERTZ BANK & TRUST,TX,,9/30/2025,XBRL,2026-06-03T03:30:48.174808+00:00,/Users/adityarajiv/Documents/ffiec-cdr/ONLY_TEXAS_SINCE_2025/archive/call/9-30-2025/583268.xbrl,335c76f6f165d9d573279c82439e9e72620f27dfae74cfec1a94ba62cd2fd751,58777
583352,FIRST NATIONAL BANK OF HUNTSVILLE,TX,,9/30/2025,XBRL,2026-06-03T03:30:48.174808+00:00,/Users/adityarajiv/Documents/ffiec-cdr/ONLY_TEXAS_SINCE_2025/archive/call/9-30-2025/583352.xbrl,94c4d0452bd34993acb2f36ba342661c805cf3ca3cae9b0304424c2f596f6d88,58999
583754,BANK OF HOUSTON,TX,,9/30/2025,XBRL,2026-06-03T03:30:48.174808+00:00,/Users/adityarajiv/Documents/ffiec-cdr/ONLY_TEXAS_SINCE_2025/archive/call/9-30-2025/583754.xbrl,20e6560bdef587cc8cc3b134e2e455b8d43db76c76f79b862f422d4e70734c4a,58651
586960,PEOPLES STATE BANK,TX,,9/30/2025,XBRL,2026-06-03T03:30:48.174808+00:00,/Users/adityarajiv/Documents/ffiec-cdr/ONLY_TEXAS_SINCE_2025/archive/call/9-30-2025/586960.xbrl,2830f5877be3d0b25aa79228a0e870315e0f562d41ebc9172f6a26c44da517d5,58760
5879201,INTEGRITY BANK SSB,TX,,9/30/2025,XBRL,2026-06-03T03:30:48.174808+00:00,/Users/adityarajiv/Documents/ffiec-cdr/ONLY_TEXAS_SINCE_2025/archive/call/9-30-2025/5879201.xbrl,df85a7ddee88f267169962ae246cb374811e4ec9efae2a3c6edbf1c64dca1278,58822
591366,"FIRST NATIONAL BANK OF SONORA, THE",TX,,9/30/2025,XBRL,2026-06-03T03:30:48.174808+00:00,/Users/adityarajiv/Documents/ffiec-cdr/ONLY_TEXAS_SINCE_2025/archive/call/9-30-2025/591366.xbrl,9d7f5ebe981a4cc4e28a2f5f2832bb7b588e1ef1ac6a6bd09a39c0f3e8aaffa8,122141
59352,CITIZENS NATIONAL BANK,TX,,9/30/2025,XBRL,2026-06-03T03:30:48.174808+00:00,/Users/adityarajiv/Documents/ffiec-cdr/ONLY_TEXAS_SINCE_2025/archive/call/9-30-2025/59352.xbrl,2d3f0109ebd636159cd57faa984ae87ffa8c22dc344ecd86af2acfb80d8f2953,58682
596062,"CITY NATIONAL BANK OF SULPHUR SPRINGS, THE",TX,,9/30/2025,XBRL,2026-06-03T03:30:48.174808+00:00,/Users/adityarajiv/Documents/ffiec-cdr/ONLY_TEXAS_SINCE_2025/archive/call/9-30-2025/596062.xbrl,d33d138fea8c4e5f224517789c5c586694f18a93b7d7e2c3de15faab2a09ea01,60846
596156,CAPITAL BANK,TX,,9/30/2025,XBRL,2026-06-03T03:30:48.174808+00:00,/Users/adityarajiv/Documents/ffiec-cdr/ONLY_TEXAS_SINCE_2025/archive/call/9-30-2025/596156.xbrl,eeff520b6cd21fd0d375fdbbebb694f1b39f14de3adf6d0d0c5234bb41239874,118992
599764,"AMERICAN NATIONAL BANK OF TEXAS, THE",TX,,9/30/2025,XBRL,2026-06-03T03:30:48.174808+00:00,/Users/adityarajiv/Documents/ffiec-cdr/ONLY_TEXAS_SINCE_2025/archive/call/9-30-2025/599764.xbrl,af4d8da8cfb4cbaabc669e2cd0e77e771bef817489286872c0c12af12b21a184,139525
6009630,"FUNDBANK, NATIONAL ASSOCIATION",TX,,9/30/2025,XBRL,2026-06-03T03:30:48.174808+00:00,/Users/adityarajiv/Documents/ffiec-cdr/ONLY_TEXAS_SINCE_2025/archive/call/9-30-2025/6009630.xbrl,78633c17b78105cdcaa3d7c10b35504a99be6d8e8e48c1695a2a245e38101dfd,55708
60143,COMERICA BANK,TX,,9/30/2025,XBRL,2026-06-02T21:42:10.446614+00:00,/Users/adityarajiv/Documents/ffiec-cdr/ONLY_TEXAS_SINCE_2025/archive/call/9-30-2025/60143.xbrl,d56534608aafe1a879fe83b1e8cab2cbcb9226c1655124b7554c69f632ba7405,174349
601658,ALLIANCE BANK CENTRAL TEXAS,TX,,9/30/2025,XBRL,2026-06-03T03:30:48.174808+00:00,/Users/adityarajiv/Documents/ffiec-cdr/ONLY_TEXAS_SINCE_2025/archive/call/9-30-2025/601658.xbrl,0dda7729724eae6e5fd7e3935acb1f3e44298a887259953ed6fa9c232562b651,59666
603755,FIRST STATE BANK,TX,,9/30/2025,XBRL,2026-06-03T03:30:48.174808+00:00,/Users/adityarajiv/Documents/ffiec-cdr/ONLY_TEXAS_SINCE_2025/archive/call/9-30-2025/603755.xbrl,7de3d7dad1a1f1b082e35773539bb202e7b9578bb575d0d67ca5456c38bf36a7,57352
610164,HERRING BANK,TX,,9/30/2025,XBRL,2026-06-03T03:30:48.174808+00:00,/Users/adityarajiv/Documents/ffiec-cdr/ONLY_TEXAS_SINCE_2025/archive/call/9-30-2025/610164.xbrl,b354fad6d813c541393103cff0dc32b1c8326e7259048e5bfb0dea825ff22406,60394
613950,FIRST NATIONAL BANK TEXAS DBA FIRST CONVENIENCE BANK,TX,,9/30/2025,XBRL,2026-06-02T21:42:10.446614+00:00,/Users/adityarajiv/Documents/ffiec-cdr/ONLY_TEXAS_SINCE_2025/archive/call/9-30-2025/613950.xbrl,c970595772423f2c2a284251e7e676498101ed47a1eb6c367b3c6f5f40a2417a,60449
614368,FIRST NATIONAL BANK AND TRUST COMPANY OF WEATHERFORD DBA FIRST BANK TEXAS,TX,,9/30/2025,XBRL,2026-06-03T03:30:48.174808+00:00,/Users/adityarajiv/Documents/ffiec-cdr/ONLY_TEXAS_SINCE_2025/archive/call/9-30-2025/614368.xbrl,f1b6f6f80089cd45bc517fbe482a8c5890a9cc35e52b93de68542d1c52382b5c,59123
621357,STATE BANK OF DE KALB,TX,,9/30/2025,XBRL,2026-06-02T21:42:10.446614+00:00,/Users/adityarajiv/Documents/ffiec-cdr/ONLY_TEXAS_SINCE_2025/archive/call/9-30-2025/621357.xbrl,d3be643b817c6853ad438f61db7823c487154256c5e18b555855d26f9deea1d7,58792
623052,"LAMESA NATIONAL BANK, THE",TX,,9/30/2025,XBRL,2026-06-03T03:30:48.174808+00:00,/Users/adityarajiv/Documents/ffiec-cdr/ONLY_TEXAS_SINCE_2025/archive/call/9-30-2025/623052.xbrl,e706acc13e737f66c1bc4b8c5e3e9bfe6a80add91a4fad6e0b3463a2101ab6b8,59080
623454,"BANK AND TRUST, SSB, THE",TX,,9/30/2025,XBRL,2026-06-03T03:30:48.174808+00:00,/Users/adityarajiv/Documents/ffiec-cdr/ONLY_TEXAS_SINCE_2025/archive/call/9-30-2025/623454.xbrl,3cf50c243aad8d926cf5e5536d736b988db3f189a1e31de32ab1962a42668539,59697
625065,CITIZENS STATE BANK,TX,,9/30/2025,XBRL,2026-06-03T03:30:48.174808+00:00,/Users/adityarajiv/Documents/ffiec-cdr/ONLY_TEXAS_SINCE_2025/archive/call/9-30-2025/625065.xbrl,69db202d739776c4baf854b91f0b9df96ab56dec892203dc5a55ec798c2bba4d,59791
625159,COMMERCE BANK,TX,,9/30/2025,XBRL,2026-06-03T03:30:48.174808+00:00,/Users/adityarajiv/Documents/ffiec-cdr/ONLY_TEXAS_SINCE_2025/archive/call/9-30-2025/625159.xbrl,6943806df19a1ce298b0690011be23c6e1fd02569288f8fecf0cb117726c3af4,127350
629353,FIRST LIBERTY BANK,TX,,9/30/2025,XBRL,2026-06-03T03:30:48.174808+00:00,/Users/adityarajiv/Documents/ffiec-cdr/ONLY_TEXAS_SINCE_2025/archive/call/9-30-2025/629353.xbrl,100e98d6d61edb2450579cb195999d8a990b64f56713cdf9a0a01d66b4ac66ab,59924
630658,"FIRST NATIONAL BANK OF LIVINGSTON, THE",TX,,9/30/2025,XBRL,2026-06-03T03:30:48.174808+00:00,/Users/adityarajiv/Documents/ffiec-cdr/ONLY_TEXAS_SINCE_2025/archive/call/9-30-2025/630658.xbrl,ff0c059109e3d7dfa04de97e56fb540d505585d814fcb3a1e7ee9cdc83a3afd5,59318
631150,FIRST-LOCKHART NATIONAL BANK,TX,,9/30/2025,XBRL,2026-06-02T21:42:10.446614+00:00,/Users/adityarajiv/Documents/ffiec-cdr/ONLY_TEXAS_SINCE_2025/archive/call/9-30-2025/631150.xbrl,2ef240b316b3cdb3f58f20176f06bc3b84e50c571ddda8518ab1878ff46b96c1,59449
637451,PLAINSCAPITAL BANK,TX,,9/30/2025,XBRL,2026-06-02T21:42:10.446614+00:00,/Users/adityarajiv/Documents/ffiec-cdr/ONLY_TEXAS_SINCE_2025/archive/call/9-30-2025/637451.xbrl,53f36f637829c4dbe5b6785e56ef3873322ea69248be739a5ac4337b8cac3b63,151008
638355,"BANK OF DESOTO, NATIONAL ASSOCIATION",TX,,9/30/2025,XBRL,2026-06-02T21:42:10.446614+00:00,/Users/adityarajiv/Documents/ffiec-cdr/ONLY_TEXAS_SINCE_2025/archive/call/9-30-2025/638355.xbrl,ad2447969821c1e145fd110dda92630e4031a5f2b31d798110c4939740312209,57768
644963,"FIRST NATIONAL BANK OF QUITAQUE, THE",TX,,9/30/2025,XBRL,2026-06-02T21:42:10.446614+00:00,/Users/adityarajiv/Documents/ffiec-cdr/ONLY_TEXAS_SINCE_2025/archive/call/9-30-2025/644963.xbrl,aa9f20ace1adeed8df29487da2e2c61144fd5520a930512c5bd30b8d562f327e,58249
645465,VISTA BANK,TX,,9/30/2025,XBRL,2026-06-02T21:42:10.446614+00:00,/Users/adityarajiv/Documents/ffiec-cdr/ONLY_TEXAS_SINCE_2025/archive/call/9-30-2025/645465.xbrl,c3c2264037e8e8cc32ffda469f80a38da5d1229264adbd84fd278d540707383d,132790
648550,FIRST NATIONAL BANK OF DUBLIN,TX,,9/30/2025,XBRL,2026-06-03T03:30:48.174808+00:00,/Users/adityarajiv/Documents/ffiec-cdr/ONLY_TEXAS_SINCE_2025/archive/call/9-30-2025/648550.xbrl,765640d807e43386027c0a77e0c77d815e225f89d0e5fad5a2e9f0607e9e69c5,59070
651952,"FIRST NATIONAL BANK OF EAGLE LAKE, THE",TX,,9/30/2025,XBRL,2026-06-02T21:42:10.446614+00:00,/Users/adityarajiv/Documents/ffiec-cdr/ONLY_TEXAS_SINCE_2025/archive/call/9-30-2025/651952.xbrl,10745cc5a9ffd9df2b3e54d954302fc3cfa1304b5e13d4ef18068cebecdac4bb,58412
652874,NEXBANK,TX,,9/30/2025,XBRL,2026-06-02T21:42:10.446614+00:00,/Users/adityarajiv/Documents/ffiec-cdr/ONLY_TEXAS_SINCE_2025/archive/call/9-30-2025/652874.xbrl,82ac7953083379cd1207d49c1d0433a82b7e486cff31ebaf32b8a4367a591446,143767
656658,TEXAS FINANCIAL BANK DBA THE EDEN STATE BANK,TX,,9/30/2025,XBRL,2026-06-02T21:42:10.446614+00:00,/Users/adityarajiv/Documents/ffiec-cdr/ONLY_TEXAS_SINCE_2025/archive/call/9-30-2025/656658.xbrl,9cbe02dc6b7abfd1a01d3775317f9584b6c01c7b313bdd73b6cbde9e93667d52,58502
660066,PEOPLES STATE BANK,TX,,9/30/2025,XBRL,2026-06-03T03:30:48.174808+00:00,/Users/adityarajiv/Documents/ffiec-cdr/ONLY_TEXAS_SINCE_2025/archive/call/9-30-2025/660066.xbrl,84bc76899b02a40ec8657e1470427d52f239a2212764917e7f71e2321a0968c9,59098
660879,"ANGELINA SAVINGS BANK, SSB",TX,,9/30/2025,XBRL,2026-06-02T21:42:10.446614+00:00,/Users/adityarajiv/Documents/ffiec-cdr/ONLY_TEXAS_SINCE_2025/archive/call/9-30-2025/660879.xbrl,f6a2e72cc66cb6055031fae444e0623ce1b7d3ecea7a0722003cde1e0dee2a42,58231
664756,PROSPERITY BANK,TX,,9/30/2025,XBRL,2026-06-03T03:30:48.174808+00:00,/Users/adityarajiv/Documents/ffiec-cdr/ONLY_TEXAS_SINCE_2025/archive/call/9-30-2025/664756.xbrl,29aeebcfa125fa11141d9c89671e6aa8a59cebe2a5a457978bf711a12f667fff,150128
665258,"FIRST NATIONAL BANK OF ELDORADO, THE",TX,,9/30/2025,XBRL,2026-06-03T03:30:48.174808+00:00,/Users/adityarajiv/Documents/ffiec-cdr/ONLY_TEXAS_SINCE_2025/archive/call/9-30-2025/665258.xbrl,5e29b8d4521bf4a1d47cb20351581c38c8d9c01cc92e2bbe4d9ab06337124169,58186
665865,ROUND TOP STATE BANK,TX,,9/30/2025,XBRL,2026-06-03T03:30:48.174808+00:00,/Users/adityarajiv/Documents/ffiec-cdr/ONLY_TEXAS_SINCE_2025/archive/call/9-30-2025/665865.xbrl,034b480bbc6674b4fae3488ed49026e3224e5e25708a67aad899bed0a7ae1564,58958
675079,"FAYETTE SAVINGS BANK, SSB",TX,,9/30/2025,XBRL,2026-06-03T03:30:48.174808+00:00,/Users/adityarajiv/Documents/ffiec-cdr/ONLY_TEXAS_SINCE_2025/archive/call/9-30-2025/675079.xbrl,7b02790cd35cdb01c974dce183267013fa872a7a55e40fa9848c4b909e3f301e,59304
678052,"BANK OF SAN JACINTO COUNTY, COLDSPRING, TEXAS, THE",TX,,9/30/2025,XBRL,2026-06-03T03:30:48.174808+00:00,/Users/adityarajiv/Documents/ffiec-cdr/ONLY_TEXAS_SINCE_2025/archive/call/9-30-2025/678052.xbrl,3ca95b53694a76c30144b913642e581e7ae4265001bf2d883f628161b56bfa3c,57358
682563,FROST BANK,TX,,9/30/2025,XBRL,2026-06-02T21:42:10.446614+00:00,/Users/adityarajiv/Documents/ffiec-cdr/ONLY_TEXAS_SINCE_2025/archive/call/9-30-2025/682563.xbrl,65d7646e58b467b2ae1fb54cbc78e2944866a7ff63e40a60b5697419696aa939,150828
697950,CITY NATIONAL BANK,TX,,9/30/2025,XBRL,2026-06-03T03:30:48.174808+00:00,/Users/adityarajiv/Documents/ffiec-cdr/ONLY_TEXAS_SINCE_2025/archive/call/9-30-2025/697950.xbrl,5233c5ffc438e9b4c001dabef263ee456c4cacf45b90922767e4bfeed95ad314,58441
700252,CITIZENS NATIONAL BANK,TX,,9/30/2025,XBRL,2026-06-03T03:30:48.174808+00:00,/Users/adityarajiv/Documents/ffiec-cdr/ONLY_TEXAS_SINCE_2025/archive/call/9-30-2025/700252.xbrl,0cbdc6176f5d166911d35fd7fcf4176e2da1ec8737c88304509c8d50965be06e,58087
701857,CROWELL STATE BANK,TX,,9/30/2025,XBRL,2026-06-03T03:30:48.174808+00:00,/Users/adityarajiv/Documents/ffiec-cdr/ONLY_TEXAS_SINCE_2025/archive/call/9-30-2025/701857.xbrl,4141b69c3c572905c48b5e90d97e127e20b88744acd0665a0c5697170e7b6a6d,58023
702359,TEXAS HERITAGE BANK,TX,,9/30/2025,XBRL,2026-06-03T03:30:48.174808+00:00,/Users/adityarajiv/Documents/ffiec-cdr/ONLY_TEXAS_SINCE_2025/archive/call/9-30-2025/702359.xbrl,6068d356a11e3d9e03d38c7e5c258c96454cea6d181ae907a8487576567f04f5,58783
703552,"HORIZON BANK, SSB",TX,,9/30/2025,XBRL,2026-06-03T03:30:48.174808+00:00,/Users/adityarajiv/Documents/ffiec-cdr/ONLY_TEXAS_SINCE_2025/archive/call/9-30-2025/703552.xbrl,c824e2b0570b2979b20e3da9f2bc19c2be1ddcb7590829bf6d4dd8dde096138f,65187
714165,"CITY NATIONAL BANK OF SAN SABA, THE",TX,,9/30/2025,XBRL,2026-06-03T03:30:48.174808+00:00,/Users/adityarajiv/Documents/ffiec-cdr/ONLY_TEXAS_SINCE_2025/archive/call/9-30-2025/714165.xbrl,660f1f9555a7ab4c2108d700a620cd579933d84f8dd33e16cfef0402e56e264e,56085
719964,FIRST STATE BANK,TX,,9/30/2025,XBRL,2026-06-02T21:42:10.446614+00:00,/Users/adityarajiv/Documents/ffiec-cdr/ONLY_TEXAS_SINCE_2025/archive/call/9-30-2025/719964.xbrl,9d72b1eb27e042324fcabc10967e35c32c988971cdd3c1ccfd7b58a2903f025b,58378
726953,UNITED TEXAS BANK,TX,,9/30/2025,XBRL,2026-06-02T21:42:10.446614+00:00,/Users/adityarajiv/Documents/ffiec-cdr/ONLY_TEXAS_SINCE_2025/archive/call/9-30-2025/726953.xbrl,f9c7525d3283615cfaccf0664011fe8346bca6290f1e9f93c065d59691f77f0f,88079
729178,"CYPRESS BANK, SSB",TX,,9/30/2025,XBRL,2026-06-02T21:42:10.446614+00:00,/Users/adityarajiv/Documents/ffiec-cdr/ONLY_TEXAS_SINCE_2025/archive/call/9-30-2025/729178.xbrl,e9ff7038cbab5f96da13bd072423e986bba6a2ba71ba67937bedcfcb412506d5,58880
732954,CARMINE STATE BANK,TX,,9/30/2025,XBRL,2026-06-03T03:30:48.174808+00:00,/Users/adityarajiv/Documents/ffiec-cdr/ONLY_TEXAS_SINCE_2025/archive/call/9-30-2025/732954.xbrl,3f6828a1ee0e00398a1f21bbaa2ada835a090d590b3edc64ed64b13ecbbfcdaa,57454
735067,"TEXAS REPUBLIC BANK, NATIONAL ASSOCIATION",TX,,9/30/2025,XBRL,2026-06-02T21:42:10.446614+00:00,/Users/adityarajiv/Documents/ffiec-cdr/ONLY_TEXAS_SINCE_2025/archive/call/9-30-2025/735067.xbrl,2984974798ee9f957d25d53536563de74127b835022ab412ab01814bac9d5a54,58746
738769,COMMUNITY NATIONAL BANK & TRUST OF TEXAS,TX,,9/30/2025,XBRL,2026-06-03T03:30:48.174808+00:00,/Users/adityarajiv/Documents/ffiec-cdr/ONLY_TEXAS_SINCE_2025/archive/call/9-30-2025/738769.xbrl,35d190ad071da0c15dc5b6cd0a4fd54302c12a4babfcb3c51e0a7171dd4e1986,60085
739355,TEXAS NATIONAL BANK OF JACKSONVILLE,TX,,9/30/2025,XBRL,2026-06-02T21:42:10.446614+00:00,/Users/adityarajiv/Documents/ffiec-cdr/ONLY_TEXAS_SINCE_2025/archive/call/9-30-2025/739355.xbrl,d4cfb2f393db6f565344defb2957f8352ef9b7b259d14e3b7ef669de921e7a2f,121542
741068,FIDELITY BANK OF TEXAS,TX,,9/30/2025,XBRL,2026-06-03T03:30:48.174808+00:00,/Users/adityarajiv/Documents/ffiec-cdr/ONLY_TEXAS_SINCE_2025/archive/call/9-30-2025/741068.xbrl,4052f53169fce81b263d7290b07cbba314e2ba1849e6ea948c73af5e4c97d6ba,57667
741152,JUNCTION NATIONAL BANK,TX,,9/30/2025,XBRL,2026-06-03T03:30:48.174808+00:00,/Users/adityarajiv/Documents/ffiec-cdr/ONLY_TEXAS_SINCE_2025/archive/call/9-30-2025/741152.xbrl,387e9f7bc6b0608ace983b5c225fdf7d8992f5ffaf1ff0467f7a37b387be290d,58823
742056,CASTROVILLE STATE BANK,TX,,9/30/2025,XBRL,2026-06-03T03:30:48.174808+00:00,/Users/adityarajiv/Documents/ffiec-cdr/ONLY_TEXAS_SINCE_2025/archive/call/9-30-2025/742056.xbrl,79194f9c2ec42d4ff9a9103b3bee4a8e8f13e13c099839a663f9e6dbda1d6c3c,58019
744854,CITIZENS BANK,TX,,9/30/2025,XBRL,2026-06-03T03:30:48.174808+00:00,/Users/adityarajiv/Documents/ffiec-cdr/ONLY_TEXAS_SINCE_2025/archive/call/9-30-2025/744854.xbrl,6b4f63f9e59657fbda979436a5c0ccb9e6f3a91dbc2d98ec5e5d5b8aa393e4d0,59563
748357,GLOBAL ONE BANK,TX,,9/30/2025,XBRL,2026-06-03T03:30:48.174808+00:00,/Users/adityarajiv/Documents/ffiec-cdr/ONLY_TEXAS_SINCE_2025/archive/call/9-30-2025/748357.xbrl,958d085ba7bb268393648cfb05b1f8ad2e78cc54e042965795e97c6aa18079b6,58498
748964,TEXAS STATE BANK,TX,,9/30/2025,XBRL,2026-06-03T03:30:48.174808+00:00,/Users/adityarajiv/Documents/ffiec-cdr/ONLY_TEXAS_SINCE_2025/archive/call/9-30-2025/748964.xbrl,48acb2ae6c86d5a52e180c2cbb547c23541d83575dda94cdb10cb136e83b18ab,64690
753856,"DONLEY COUNTY STATE BANK, THE",TX,,9/30/2025,XBRL,2026-06-03T03:30:48.174808+00:00,/Users/adityarajiv/Documents/ffiec-cdr/ONLY_TEXAS_SINCE_2025/archive/call/9-30-2025/753856.xbrl,e793607c9528c153beb4d0c2421d37afa288e6ce52c1ec4931e2efe027d24bbb,58739
761954,COLEMAN COUNTY STATE BANK,TX,,9/30/2025,XBRL,2026-06-02T21:42:10.446614+00:00,/Users/adityarajiv/Documents/ffiec-cdr/ONLY_TEXAS_SINCE_2025/archive/call/9-30-2025/761954.xbrl,c59fc3f9641708c5d666b84c0f08fb6dba201481e76b3535a73bf4921e82be1e,59783
764067,"AMERICAN NATIONAL BANK OF MOUNT PLEASANT, THE",TX,,9/30/2025,XBRL,2026-06-03T03:30:48.174808+00:00,/Users/adityarajiv/Documents/ffiec-cdr/ONLY_TEXAS_SINCE_2025/archive/call/9-30-2025/764067.xbrl,05495756a0368cd54ae8e00bc75dafcadcf88be2e6b42153f37f20a7e6162e3e,58398
764151,LOVELADY STATE BANK,TX,,9/30/2025,XBRL,2026-06-03T03:30:48.174808+00:00,/Users/adityarajiv/Documents/ffiec-cdr/ONLY_TEXAS_SINCE_2025/archive/call/9-30-2025/764151.xbrl,cd6f8a7c59af2e5e09eb1d8df0fbf9bcb80f6dc66b75ceed91ebc470e03b1121,58869
765662,MUENSTER STATE BANK,TX,,9/30/2025,XBRL,2026-06-02T21:42:10.446614+00:00,/Users/adityarajiv/Documents/ffiec-cdr/ONLY_TEXAS_SINCE_2025/archive/call/9-30-2025/765662.xbrl,f4300084b5e3055181c1fbcd209bfc8bb0669cf1c052185d57b617cb29c279e6,57811
766164,"TBK BANK, SSB",TX,,9/30/2025,XBRL,2026-06-02T21:42:10.446614+00:00,/Users/adityarajiv/Documents/ffiec-cdr/ONLY_TEXAS_SINCE_2025/archive/call/9-30-2025/766164.xbrl,518576de99c7b9992b975d699ff3318f74784ce8493cbcd86cb9de22e459e9ba,133144
767152,"FIRST NATIONAL BANK IN COOPER, THE",TX,,9/30/2025,XBRL,2026-06-03T03:30:48.174808+00:00,/Users/adityarajiv/Documents/ffiec-cdr/ONLY_TEXAS_SINCE_2025/archive/call/9-30-2025/767152.xbrl,14b41ca43b23effcb880353906f1fee80ea1f6f08140a6519a6ac32f7edb2d3b,57396
77253,TXN BANK,TX,,9/30/2025,XBRL,2026-06-03T03:30:48.174808+00:00,/Users/adityarajiv/Documents/ffiec-cdr/ONLY_TEXAS_SINCE_2025/archive/call/9-30-2025/77253.xbrl,665dcff40cc80f8c14e25485cefbd8fbf103ebfa4c9434f77d1edc8f85dc5217,59067
776369,FIRST STATE BANK OF ODEM,TX,,9/30/2025,XBRL,2026-06-03T03:30:48.174808+00:00,/Users/adityarajiv/Documents/ffiec-cdr/ONLY_TEXAS_SINCE_2025/archive/call/9-30-2025/776369.xbrl,e517679a6d80d5b52ce30e0b79b67ae5c89e70cc8d9211b5de4f4ffa8d8dca63,57734
780263,OZONA BANK,TX,,9/30/2025,XBRL,2026-06-02T21:42:10.446614+00:00,/Users/adityarajiv/Documents/ffiec-cdr/ONLY_TEXAS_SINCE_2025/archive/call/9-30-2025/780263.xbrl,5b3a703edb65712acffc86584e0eacedaea8ba895d9441b235f2277d0ae83e7e,59451
78157,BANDERA BANK,TX,,9/30/2025,XBRL,2026-06-02T21:42:10.446614+00:00,/Users/adityarajiv/Documents/ffiec-cdr/ONLY_TEXAS_SINCE_2025/archive/call/9-30-2025/78157.xbrl,2b74cb55a5e6f6c482f264e68722a23d71f5e5a29c82664612a4db2ed7ec7e92,56824
791072,INTERSTATE BANK,TX,,9/30/2025,XBRL,2026-06-03T03:30:48.174808+00:00,/Users/adityarajiv/Documents/ffiec-cdr/ONLY_TEXAS_SINCE_2025/archive/call/9-30-2025/791072.xbrl,91831bf02242356007d541b0e74026e6af271fdfb318b948ce3c87b46a37599d,58431
792659,NATIONAL BANK & TRUST,TX,,9/30/2025,XBRL,2026-06-03T03:30:48.174808+00:00,/Users/adityarajiv/Documents/ffiec-cdr/ONLY_TEXAS_SINCE_2025/archive/call/9-30-2025/792659.xbrl,57ece782072acf0fd5761610bc08454f4bc8685405d69df7206f88d1a2e31a5f,57884
794149,COMMERCIAL NATIONAL BANK OF TEXARKANA,TX,,9/30/2025,XBRL,2026-06-02T21:42:10.446614+00:00,/Users/adityarajiv/Documents/ffiec-cdr/ONLY_TEXAS_SINCE_2025/archive/call/9-30-2025/794149.xbrl,f8346a5a28cc912da8ff9ac278d41650fd8c1c86c551ed22222074b062c8f700,120448
796152,FIRST STATE BANK,TX,,9/30/2025,XBRL,2026-06-02T21:42:10.446614+00:00,/Users/adityarajiv/Documents/ffiec-cdr/ONLY_TEXAS_SINCE_2025/archive/call/9-30-2025/796152.xbrl,f50a01cf4ca08ea026a2dbb417f270697947c0e13a0d01cd7f4767aba7bcf012,59560
799854,"CITY NATIONAL BANK OF COLORADO CITY, THE",TX,,9/30/2025,XBRL,2026-06-03T03:30:48.174808+00:00,/Users/adityarajiv/Documents/ffiec-cdr/ONLY_TEXAS_SINCE_2025/archive/call/9-30-2025/799854.xbrl,d3a5f2ff09071e8ae962d9bc515dbf45bd47b82256b62778c1e19ace3972fed9,58870
801654,"FIRST STATE BANK, THE",TX,,9/30/2025,XBRL,2026-06-02T21:42:10.446614+00:00,/Users/adityarajiv/Documents/ffiec-cdr/ONLY_TEXAS_SINCE_2025/archive/call/9-30-2025/801654.xbrl,e72449cc03c26fd8ed4fbfdc13d1c8b9153c2062ce9f61af0c7d0e41c5409a4a,58421
803265,ROBERT LEE STATE BANK,TX,,9/30/2025,XBRL,2026-06-02T21:42:10.446614+00:00,/Users/adityarajiv/Documents/ffiec-cdr/ONLY_TEXAS_SINCE_2025/archive/call/9-30-2025/803265.xbrl,31a39b49a287bdbb85ca4c79328bc730356999cc156f16e7ff89a27fafebc325,58255
804860,CITIZENS STATE BANK,TX,,9/30/2025,XBRL,2026-06-03T03:30:48.174808+00:00,/Users/adityarajiv/Documents/ffiec-cdr/ONLY_TEXAS_SINCE_2025/archive/call/9-30-2025/804860.xbrl,ff9dd9401f7665bad8137b726c40d9f93b38f184e87c1e7ab264a8d4ad493d5a,115314
807955,"AMERICAN BANK, NATIONAL ASSOCIATION",TX,,9/30/2025,XBRL,2026-06-03T03:30:48.174808+00:00,/Users/adityarajiv/Documents/ffiec-cdr/ONLY_TEXAS_SINCE_2025/archive/call/9-30-2025/807955.xbrl,a7be0d2896b6d82c65c65e422b9d25e79b5c316d94d14cb7d18f20c92b5e4a86,60451
809650,"TEXANA BANK, NATIONAL ASSOCIATION",TX,,9/30/2025,XBRL,2026-06-02T21:42:10.446614+00:00,/Users/adityarajiv/Documents/ffiec-cdr/ONLY_TEXAS_SINCE_2025/archive/call/9-30-2025/809650.xbrl,4561d62caea7de6c88509b8e2e1683971ee391059a4dd28f737459e222fb925c,122342
811457,"FIRST NATIONAL BANK OF LIPAN, THE",TX,,9/30/2025,XBRL,2026-06-03T03:30:48.174808+00:00,/Users/adityarajiv/Documents/ffiec-cdr/ONLY_TEXAS_SINCE_2025/archive/call/9-30-2025/811457.xbrl,f83c62f28dd03e969f868b426d25fb44c6c526e4bed9490acadc8fcdfee0bd88,114620
814458,CHARTER BANK,TX,,9/30/2025,XBRL,2026-06-03T03:30:48.174808+00:00,/Users/adityarajiv/Documents/ffiec-cdr/ONLY_TEXAS_SINCE_2025/archive/call/9-30-2025/814458.xbrl,f85067181e0df8b02ac0e5be283156a37a6b3a1c56edd9dd7844996c006fafe8,59271
818652,STOCKMENS NATIONAL BANK IN COTULLA,TX,,9/30/2025,XBRL,2026-06-03T03:30:48.174808+00:00,/Users/adityarajiv/Documents/ffiec-cdr/ONLY_TEXAS_SINCE_2025/archive/call/9-30-2025/818652.xbrl,50854299026a7b916fa046d4add997e81fdf50c9bc8e5f71bc9ae32e7de4a265,80436
819154,FIRST SECURITY STATE BANK,TX,,9/30/2025,XBRL,2026-06-02T21:42:10.446614+00:00,/Users/adityarajiv/Documents/ffiec-cdr/ONLY_TEXAS_SINCE_2025/archive/call/9-30-2025/819154.xbrl,7217854b1e2e615b982fad132ec8bd7f408f2406546e4ab8e575bfb5c1752b1d,58598
819855,PEOPLES BANK,TX,,9/30/2025,XBRL,2026-06-03T03:30:48.174808+00:00,/Users/adityarajiv/Documents/ffiec-cdr/ONLY_TEXAS_SINCE_2025/archive/call/9-30-2025/819855.xbrl,aeab713dc7cd0b153acde1a2a8faaf3df9e18df16bc2915dfd0cbbbb80148a20,60002
822556,TEXAS EXCHANGE BANK,TX,,9/30/2025,XBRL,2026-06-03T03:30:48.174808+00:00,/Users/adityarajiv/Documents/ffiec-cdr/ONLY_TEXAS_SINCE_2025/archive/call/9-30-2025/822556.xbrl,935df517d2f9300188c45d8d4ea9cc007dbe4e7560b1ae673a7f25dc1a65983c,130984
824653,TEXAS HERITAGE NATIONAL BANK,TX,,9/30/2025,XBRL,2026-06-03T03:30:48.174808+00:00,/Users/adityarajiv/Documents/ffiec-cdr/ONLY_TEXAS_SINCE_2025/archive/call/9-30-2025/824653.xbrl,2ab829d38d48f23b03d0f58b8708caff7f31b4193d6b15cd6050951a6204ffb3,59827
830252,"LYTLE STATE BANK OF LYTLE, TEXAS, THE",TX,,9/30/2025,XBRL,2026-06-02T21:42:10.446614+00:00,/Users/adityarajiv/Documents/ffiec-cdr/ONLY_TEXAS_SINCE_2025/archive/call/9-30-2025/830252.xbrl,d2946340ab8c7bf7a9f078f0322622e826b0070ceee88a21ca4f71842751f3b1,58473
839068,SECURITY STATE BANK,TX,,9/30/2025,XBRL,2026-06-03T03:30:48.174808+00:00,/Users/adityarajiv/Documents/ffiec-cdr/ONLY_TEXAS_SINCE_2025/archive/call/9-30-2025/839068.xbrl,42281ecfbb21a4c9eac6d45cc72b1286885dd87a3de213c52bf47a0310f998bc,58468
839974,"GRAHAM SAVINGS AND LOAN, SSB",TX,,9/30/2025,XBRL,2026-06-03T03:30:48.174808+00:00,/Users/adityarajiv/Documents/ffiec-cdr/ONLY_TEXAS_SINCE_2025/archive/call/9-30-2025/839974.xbrl,cba942d6b15a1e61a8bbca8a30b292cbe6f66ad229fdd2d05c1c88c898625670,58797
840363,FIRSTBANK SOUTHWEST,TX,,9/30/2025,XBRL,2026-06-03T03:30:48.174808+00:00,/Users/adityarajiv/Documents/ffiec-cdr/ONLY_TEXAS_SINCE_2025/archive/call/9-30-2025/840363.xbrl,a66f4c706ace7593ba8fbad1886ffa794d978afe7cf9ecf1c203a3e69c41b7ac,60392
842460,LONE STAR NATIONAL BANK,TX,,9/30/2025,XBRL,2026-06-03T03:30:48.174808+00:00,/Users/adityarajiv/Documents/ffiec-cdr/ONLY_TEXAS_SINCE_2025/archive/call/9-30-2025/842460.xbrl,e6dff5eefd8c7fcb68138054b2feae880b79ec4af832ae8ef6faf5b4d19e8ee1,131795
844567,POINTBANK,TX,,9/30/2025,XBRL,2026-06-03T03:30:48.174808+00:00,/Users/adityarajiv/Documents/ffiec-cdr/ONLY_TEXAS_SINCE_2025/archive/call/9-30-2025/844567.xbrl,bc9badcd5b2e95ef07e75f0b72f6b12e1e76c2a45a8fcca17ab86b23325f2609,59700
8462,"PERRYTON NATIONAL BANK, THE",TX,,9/30/2025,XBRL,2026-06-03T03:30:48.174808+00:00,/Users/adityarajiv/Documents/ffiec-cdr/ONLY_TEXAS_SINCE_2025/archive/call/9-30-2025/8462.xbrl,799954c6ca0d2c88c1c6c69903653ff42cf2270f61feec5bc9048dc011032f86,57097
849076,HENDERSON FEDERAL SAVINGS BANK,TX,,9/30/2025,XBRL,2026-06-03T03:30:48.174808+00:00,/Users/adityarajiv/Documents/ffiec-cdr/ONLY_TEXAS_SINCE_2025/archive/call/9-30-2025/849076.xbrl,9b3e3fdd305c756fbc50dbe8119e098cc1bb38c667bd8ee6a726eb80af6853ea,57723
849357,"FIRST NATIONAL BANK OF HUGHES SPRINGS, THE",TX,,9/30/2025,XBRL,2026-06-02T21:42:10.446614+00:00,/Users/adityarajiv/Documents/ffiec-cdr/ONLY_TEXAS_SINCE_2025/archive/call/9-30-2025/849357.xbrl,220145106264275da28d841e8ee38e41038bdc08d1b27d7d65ce92e25838f4f7,59340
851060,ATASCOSA BANK,TX,,9/30/2025,XBRL,2026-06-02T21:42:10.446614+00:00,/Users/adityarajiv/Documents/ffiec-cdr/ONLY_TEXAS_SINCE_2025/archive/call/9-30-2025/851060.xbrl,1b6dc2586523e12dc7dbafa6a77ba492eb9e0f00147baf7d1b0db78e0ced35c9,57323
853251,UNITY NATIONAL BANK OF HOUSTON,TX,,9/30/2025,XBRL,2026-06-03T03:30:48.174808+00:00,/Users/adityarajiv/Documents/ffiec-cdr/ONLY_TEXAS_SINCE_2025/archive/call/9-30-2025/853251.xbrl,57f663d757c8f0bcfe94eb997f0d27a3704b47748a8ff1d536bb5ab3de584a9b,58705
855264,FIRST NATIONAL BANK IN PORT LAVACA,TX,,9/30/2025,XBRL,2026-06-02T21:42:10.446614+00:00,/Users/adityarajiv/Documents/ffiec-cdr/ONLY_TEXAS_SINCE_2025/archive/call/9-30-2025/855264.xbrl,4bc6f712418327f4df4d2c2ade142bc3453361201ff7b0897bbf8957f8782d49,58474
856869,POWELL STATE BANK,TX,,9/30/2025,XBRL,2026-06-03T03:30:48.174808+00:00,/Users/adityarajiv/Documents/ffiec-cdr/ONLY_TEXAS_SINCE_2025/archive/call/9-30-2025/856869.xbrl,8c3017aefa39b04d38bc0636b32fd71cd41f9b958391242df4be7cceeae26f04,58349
857455,TEJAS BANK,TX,,9/30/2025,XBRL,2026-06-03T03:30:48.174808+00:00,/Users/adityarajiv/Documents/ffiec-cdr/ONLY_TEXAS_SINCE_2025/archive/call/9-30-2025/857455.xbrl,da3bf98d6b9743d33b26c3e07c59f4b923ba2f2bc215f25eb8a40ba749171ec9,58675
859552,BANK OF THE WEST,TX,,9/30/2025,XBRL,2026-06-03T03:30:48.174808+00:00,/Users/adityarajiv/Documents/ffiec-cdr/ONLY_TEXAS_SINCE_2025/archive/call/9-30-2025/859552.xbrl,7d394c3c312e15632636f694368a82509ccc644f589d3a4c82d8460c1a8ed4cc,121902
863362,BRAZOS NATIONAL BANK,TX,,9/30/2025,XBRL,2026-06-02T21:42:10.446614+00:00,/Users/adityarajiv/Documents/ffiec-cdr/ONLY_TEXAS_SINCE_2025/archive/call/9-30-2025/863362.xbrl,302407c981365e8b2bcdb134e4e4c07fc192d177c03ed71aeb886fbddfedaa84,58526
867650,PINNACLE BANK,TX,,9/30/2025,XBRL,2026-06-03T03:30:48.174808+00:00,/Users/adityarajiv/Documents/ffiec-cdr/ONLY_TEXAS_SINCE_2025/archive/call/9-30-2025/867650.xbrl,21fb79d3209be2dd0ec820a8a9bc621fae0e389f1a96dbd6f7c772fe93454cac,131854
869663,CITIZENS 1ST BANK,TX,,9/30/2025,XBRL,2026-06-03T03:30:48.174808+00:00,/Users/adityarajiv/Documents/ffiec-cdr/ONLY_TEXAS_SINCE_2025/archive/call/9-30-2025/869663.xbrl,b060d939d16b777c9efb25984347fa689661b4b15600133c7dd7f85723a63523,59798
871956,"FIRST BANK OF CELESTE, THE",TX,,9/30/2025,XBRL,2026-06-03T03:30:48.174808+00:00,/Users/adityarajiv/Documents/ffiec-cdr/ONLY_TEXAS_SINCE_2025/archive/call/9-30-2025/871956.xbrl,b83d21fdd873da30da257c1d534dd18cf0a21d95518f69e32e0df63886b95caa,59005
875057,FARMERS STATE BANK,TX,,9/30/2025,XBRL,2026-06-03T03:30:48.174808+00:00,/Users/adityarajiv/Documents/ffiec-cdr/ONLY_TEXAS_SINCE_2025/archive/call/9-30-2025/875057.xbrl,a76a9b473b3678d972b004b157b781ff3ecad190b5380b56aa440d82dc5e4904,59435
875758,FIRST TEXAS BANK,TX,,9/30/2025,XBRL,2026-06-03T03:30:48.174808+00:00,/Users/adityarajiv/Documents/ffiec-cdr/ONLY_TEXAS_SINCE_2025/archive/call/9-30-2025/875758.xbrl,b7c7bf3a6775461d91c6f3ace1ecf2c71fdb844b42dab48256ff7db09f6c6290,58398
88352,FIRST STATE BANK OF BEDIAS,TX,,9/30/2025,XBRL,2026-06-03T03:30:48.174808+00:00,/Users/adityarajiv/Documents/ffiec-cdr/ONLY_TEXAS_SINCE_2025/archive/call/9-30-2025/88352.xbrl,2e8f04e8f7096655f85c28de16ae516c0295c6233bf3251b55fc9b89d88f72a6,81984
884358,FIRST STATE BANK OF LIVINGSTON,TX,,9/30/2025,XBRL,2026-06-03T03:30:48.174808+00:00,/Users/adityarajiv/Documents/ffiec-cdr/ONLY_TEXAS_SINCE_2025/archive/call/9-30-2025/884358.xbrl,c14a32f7e039db5ebed69f1f5cc66bd44b8362bdbb4d315c2a750caf71b24577,58590
885252,CITIZENS BANK,TX,,9/30/2025,XBRL,2026-06-03T03:30:48.174808+00:00,/Users/adityarajiv/Documents/ffiec-cdr/ONLY_TEXAS_SINCE_2025/archive/call/9-30-2025/885252.xbrl,638ce4dd2daf7c809a75bbee287d326dde3d98171ffd72b1f81de62c42233c92,59066
885869,"COMMERCIAL BANK OF TEXAS, N.A.",TX,,9/30/2025,XBRL,2026-06-03T03:30:48.174808+00:00,/Users/adityarajiv/Documents/ffiec-cdr/ONLY_TEXAS_SINCE_2025/archive/call/9-30-2025/885869.xbrl,3b6a4094cb78e5c240d48045e0b0d59a55a57842e217f55fc3501e842a4e3a93,60266
888552,"FIRST STATE BANK, THE",TX,,9/30/2025,XBRL,2026-06-03T03:30:48.174808+00:00,/Users/adityarajiv/Documents/ffiec-cdr/ONLY_TEXAS_SINCE_2025/archive/call/9-30-2025/888552.xbrl,b8fc7b2506c45b08ba8d9ee8223c075a4f257194e7e5d2b8c2c6ae45a975c915,58780
891253,COLUMBUS STATE BANK,TX,,9/30/2025,XBRL,2026-06-02T21:42:10.446614+00:00,/Users/adityarajiv/Documents/ffiec-cdr/ONLY_TEXAS_SINCE_2025/archive/call/9-30-2025/891253.xbrl,46a74ca58f508b9819c9f2183f01ca9fdc467182cb7fa29caf2f1c7a478b7312,59251
895055,"FIRST NATIONAL BANK OF MCGREGOR, THE",TX,,9/30/2025,XBRL,2026-06-03T03:30:48.174808+00:00,/Users/adityarajiv/Documents/ffiec-cdr/ONLY_TEXAS_SINCE_2025/archive/call/9-30-2025/895055.xbrl,a2dbcf6528a14318bc972c60c0f436019c0b27943b8e28ea11804082ec802dd1,60054
898579,"FIRST FEDERAL COMMUNITY BANK, SSB",TX,,9/30/2025,XBRL,2026-06-03T03:30:48.174808+00:00,/Users/adityarajiv/Documents/ffiec-cdr/ONLY_TEXAS_SINCE_2025/archive/call/9-30-2025/898579.xbrl,1095fb0824dde1cc036f4d6fa7b19f9a7c3d7fd392857d037661e9dedb3c599e,59634
89957,"CENDERA BANK, N.A.",TX,,9/30/2025,XBRL,2026-06-03T03:30:48.174808+00:00,/Users/adityarajiv/Documents/ffiec-cdr/ONLY_TEXAS_SINCE_2025/archive/call/9-30-2025/89957.xbrl,d13876e8656211d823d5090bcc3cfc0d6f0e4b27d8a3ceab4162aaee327716fd,57312
899651,CITIZENS STATE BANK,TX,,9/30/2025,XBRL,2026-06-03T03:30:48.174808+00:00,/Users/adityarajiv/Documents/ffiec-cdr/ONLY_TEXAS_SINCE_2025/archive/call/9-30-2025/899651.xbrl,42e388a536dddec2fc1f343c835e64db609b62a33eb74f103da7836af53e0792,58362
901451,CITIZENS NATIONAL BANK OF CROSBYTON,TX,,9/30/2025,XBRL,2026-06-02T21:42:10.446614+00:00,/Users/adityarajiv/Documents/ffiec-cdr/ONLY_TEXAS_SINCE_2025/archive/call/9-30-2025/901451.xbrl,ac269074f79f15ddc6e79faf634d69ebbb5f72d8310f86167e00cbd997d3ba63,57832
908861,"TRANSPECOS BANKS, SSB",TX,,9/30/2025,XBRL,2026-06-03T03:30:48.174808+00:00,/Users/adityarajiv/Documents/ffiec-cdr/ONLY_TEXAS_SINCE_2025/archive/call/9-30-2025/908861.xbrl,479cb5079319a7081a009b287b77beb82d33a630373e615612c3b4cc114cd731,86850
911160,PILGRIM BANK,TX,,9/30/2025,XBRL,2026-06-02T21:42:10.446614+00:00,/Users/adityarajiv/Documents/ffiec-cdr/ONLY_TEXAS_SINCE_2025/archive/call/9-30-2025/911160.xbrl,b4ed69f4d31b314a04b5e27363e3400d18a36a095c061c8951545df9e474189b,59812
913753,INWOOD NATIONAL BANK,TX,,9/30/2025,XBRL,2026-06-02T21:42:10.446614+00:00,/Users/adityarajiv/Documents/ffiec-cdr/ONLY_TEXAS_SINCE_2025/archive/call/9-30-2025/913753.xbrl,814b6e6197240e0dffd00ca716fc75f47e666c6edbb95a8410d0c7b4d6154f73,124873
917555,UBANK,TX,,9/30/2025,XBRL,2026-06-02T21:42:10.446614+00:00,/Users/adityarajiv/Documents/ffiec-cdr/ONLY_TEXAS_SINCE_2025/archive/call/9-30-2025/917555.xbrl,d2b7f6fb72dde1534bbda79b026242c96e45f2317c6e2f2df59db8e784548f89,58967
919568,FIRST CAPITAL BANK,TX,,9/30/2025,XBRL,2026-06-03T03:30:48.174808+00:00,/Users/adityarajiv/Documents/ffiec-cdr/ONLY_TEXAS_SINCE_2025/archive/call/9-30-2025/919568.xbrl,2487784568b07520cd41e0e075113269e8b1ed89f9935d96512421e174476ff6,59478
924058,"JACKSBORO NATIONAL BANK, THE",TX,,9/30/2025,XBRL,2026-06-03T03:30:48.174808+00:00,/Users/adityarajiv/Documents/ffiec-cdr/ONLY_TEXAS_SINCE_2025/archive/call/9-30-2025/924058.xbrl,67191a44d6bfed09016ea1660d4b295b71aa55e0a708585996fa7e8e905cdddf,59571
925653,BANK OF TEXAS,TX,,9/30/2025,XBRL,2026-06-03T03:30:48.174808+00:00,/Users/adityarajiv/Documents/ffiec-cdr/ONLY_TEXAS_SINCE_2025/archive/call/9-30-2025/925653.xbrl,90a7277181c185da9b84545d117b40154ef471c93f9e087ba2f5e539a43515b6,59366
938859,NEWFIRST NATIONAL BANK,TX,,9/30/2025,XBRL,2026-06-03T03:30:48.174808+00:00,/Users/adityarajiv/Documents/ffiec-cdr/ONLY_TEXAS_SINCE_2025/archive/call/9-30-2025/938859.xbrl,0b8f6192632c615833c6ab970f823b63672950ac3fd027fb0d60043116a13884,58841
946555,LLANO NATIONAL BANK,TX,,9/30/2025,XBRL,2026-06-03T03:30:48.174808+00:00,/Users/adityarajiv/Documents/ffiec-cdr/ONLY_TEXAS_SINCE_2025/archive/call/9-30-2025/946555.xbrl,56c3bbbcab642d542a74959e994bec13a8d93de29ec50990729717c29f52c62e,58273
949154,TEXAS BANK AND TRUST COMPANY,TX,,9/30/2025,XBRL,2026-06-03T03:30:48.174808+00:00,/Users/adityarajiv/Documents/ffiec-cdr/ONLY_TEXAS_SINCE_2025/archive/call/9-30-2025/949154.xbrl,3e55385a475a757948004d9366ea18129f9bec456c5b91124d901e150b92c855,137370
954653,CITIZENS STATE BANK OF LULING,TX,,9/30/2025,XBRL,2026-06-02T21:42:10.446614+00:00,/Users/adityarajiv/Documents/ffiec-cdr/ONLY_TEXAS_SINCE_2025/archive/call/9-30-2025/954653.xbrl,dd99d2079e631566d38d3179d10d7dcb565d9f72904ea1a59a8572a0e1d4c9ef,57393
956750,RIO BANK,TX,,9/30/2025,XBRL,2026-06-03T03:30:48.174808+00:00,/Users/adityarajiv/Documents/ffiec-cdr/ONLY_TEXAS_SINCE_2025/archive/call/9-30-2025/956750.xbrl,6d9c52674d46744163eaad72a14eada33378636a97a7c94b17c568c4a1bf3d87,59643
958763,NORMANGEE STATE BANK,TX,,9/30/2025,XBRL,2026-06-03T03:30:48.174808+00:00,/Users/adityarajiv/Documents/ffiec-cdr/ONLY_TEXAS_SINCE_2025/archive/call/9-30-2025/958763.xbrl,ef7b364ec8e05b3a48876e509c3a389e717f49f5084798f624b0857719854b6d,58540
964157,VALUEBANK TEXAS,TX,,9/30/2025,XBRL,2026-06-03T03:30:48.174808+00:00,/Users/adityarajiv/Documents/ffiec-cdr/ONLY_TEXAS_SINCE_2025/archive/call/9-30-2025/964157.xbrl,f5a824486a937c0fd9edeab01ce9c594606413c347ebec5b8c45f1f87f081cf0,58628
965789,SUSSER BANK,TX,,9/30/2025,XBRL,2026-06-02T21:42:10.446614+00:00,/Users/adityarajiv/Documents/ffiec-cdr/ONLY_TEXAS_SINCE_2025/archive/call/9-30-2025/965789.xbrl,82f4347ebc2fa888bd66ef73977f336632a43f3a0e448f4aa41060e32878796e,133349
969956,ZAVALA COUNTY BANK,TX,,9/30/2025,XBRL,2026-06-03T03:30:48.174808+00:00,/Users/adityarajiv/Documents/ffiec-cdr/ONLY_TEXAS_SINCE_2025/archive/call/9-30-2025/969956.xbrl,0d30bf161f4f7523347cf023b05f9dd96edb05d388bda5782a666f318f6702dc,58438
971070,"DALHART FEDERAL SAVINGS & LOAN ASSOCIATION, SSB",TX,,9/30/2025,XBRL,2026-06-02T21:42:10.446614+00:00,/Users/adityarajiv/Documents/ffiec-cdr/ONLY_TEXAS_SINCE_2025/archive/call/9-30-2025/971070.xbrl,83abe8d52a376f624277d80a508e2ebb46b862af59937faa597d9a9967800dbe,58663
972862,PLAINS STATE BANK,TX,,9/30/2025,XBRL,2026-06-03T03:30:48.174808+00:00,/Users/adityarajiv/Documents/ffiec-cdr/ONLY_TEXAS_SINCE_2025/archive/call/9-30-2025/972862.xbrl,23327f96deba72b185909ad6f97425e897eabb67cda7afaac9799a1a479ca86a,58942
977652,JOHNSON CITY BANK,TX,,9/30/2025,XBRL,2026-06-02T21:42:10.446614+00:00,/Users/adityarajiv/Documents/ffiec-cdr/ONLY_TEXAS_SINCE_2025/archive/call/9-30-2025/977652.xbrl,f5b2f75913f631a23eabe5ea2d4cefd224a41b1e8c2e8aee8c1e6e89a54813c9,57626
979759,"KARNES COUNTY NATIONAL BANK OF KARNES CITY, THE",TX,,9/30/2025,XBRL,2026-06-03T03:30:48.174808+00:00,/Users/adityarajiv/Documents/ffiec-cdr/ONLY_TEXAS_SINCE_2025/archive/call/9-30-2025/979759.xbrl,6d48c8ba44df6c88dce4001818e03d66b7d9f9a25978e47302f8d8d22bd4501b,59443
980960,BENCHMARK BANK,TX,,9/30/2025,XBRL,2026-06-02T21:42:10.446614+00:00,/Users/adityarajiv/Documents/ffiec-cdr/ONLY_TEXAS_SINCE_2025/archive/call/9-30-2025/980960.xbrl,30e9ef7827211e0a0d3224742d31b54fc01cbac048de3af47eb06ce055aec0d8,59699
995955,KRESS NATIONAL BANK,TX,,9/30/2025,XBRL,2026-06-03T03:30:48.174808+00:00,/Users/adityarajiv/Documents/ffiec-cdr/ONLY_TEXAS_SINCE_2025/archive/call/9-30-2025/995955.xbrl,1e8b7a8561960ff7bf136169bc19eae4eb55523368d3c233ff5f76db175b5a01,58794
